{
  "bookmaker": "fonbet",
  "generated_at_utc": "2025-11-13T09:47:48Z",
  "version": 1,
  "days": [
    {
      "date": "2025-11-13",
      "league": "KHL",
      "games": [
        {
          "home": "Авангард",
          "away": "Трактор",
          "start_utc": "2025-11-13T13:30:00Z",
          "markets": {
            "ml": {
              "HOME": 1.55,
              "AWAY": 2.45
            },
            "1x2_60": {
              "P1": 1.9,
              "X": 4.3,
              "P2": 3.4
            },
            "double_chance_60": {
              "1X": 1.32,
              "X2": 1.9
            },
            "totals_goals": [
              {
                "line": 3.5,
                "over": 1.16,
                "under": 4.9
              },
              {
                "line": 4,
                "over": 1.2,
                "under": 4.3
              },
              {
                "line": 4.5,
                "over": 1.4,
                "under": 2.8
              },
              {
                "line": 5,
                "over": 1.55,
                "under": 2.4
              },
              {
                "line": 5.5,
                "over": 1.82,
                "under": 1.98
              },
              {
                "line": 6,
                "over": 2.18,
                "under": 1.65
              },
              {
                "line": 6.5,
                "over": 2.6,
                "under": 1.47
              },
              {
                "line": 7,
                "over": 3.4,
                "under": 1.3
              },
              {
                "line": 7.5,
                "over": 3.8,
                "under": 1.25
              }
            ],
            "sog_match": [
              {
                "line": 62.5,
                "over": 1.73,
                "under": 1.99
              },
              {
                "line": 63.5,
                "over": 1.85,
                "under": 1.85
              },
              {
                "line": 64.5,
                "over": 1.99,
                "under": 1.73
              }
            ],
            "sog_1x2": {
              "P1": 1.55,
              "P2": 2.4
            },
            "sog_double_chance": {
              "1X": 1.5,
              "X2": 2.3
            },
            "period_totals": {
              "1": [
                {
                  "line": 0.5,
                  "over": 1.16,
                  "under": 4.6
                },
                {
                  "line": 1.5,
                  "over": 1.8,
                  "under": 1.9
                },
                {
                  "line": 2.5,
                  "over": 3.4,
                  "under": 1.27
                }
              ],
              "2": [
                {
                  "line": 1.5,
                  "over": 1.57,
                  "under": 2.25
                },
                {
                  "line": 2.5,
                  "over": 2.7,
                  "under": 1.4
                }
              ],
              "3": [
                {
                  "line": 1.5,
                  "over": 1.55,
                  "under": 2.3
                },
                {
                  "line": 2.5,
                  "over": 2.65,
                  "under": 1.42
                }
              ]
            },
            "spreads": [
              {
                "handicap": -1.5,
                "home": 2.4,
                "away": 1.55
              },
              {
                "handicap": -2,
                "home": 3.15,
                "away": 1.33
              },
              {
                "handicap": -2.5,
                "home": 3.6,
                "away": 1.27
              },
              {
                "handicap": 0,
                "home": 1.47,
                "away": 2.6
              }
            ]
          }
        },
        {
          "home": "Хозяева",
          "away": "Гости",
          "start_utc": "2025-11-13T13:30:00Z",
          "markets": {
            "1x2_60": {
              "P1": 1.8,
              "P2": 2.7
            },
            "double_chance_60": {
              "1X": 1.4,
              "X2": 1.9
            },
            "totals_goals": [
              {
                "line": 3.5,
                "over": 1.06,
                "under": 1.2
              }
            ],
            "period_totals": {
              "1": [
                {
                  "line": 1.5,
                  "over": 1.13,
                  "under": 1.14
                },
                {
                  "line": 2.5,
                  "over": 1.45,
                  "under": 2.55
                },
                {
                  "line": 3.5,
                  "over": 2.1,
                  "under": 1.65
                },
                {
                  "line": 4.5,
                  "over": 3.3,
                  "under": 1.28
                }
              ]
            },
            "spreads": [
              {
                "handicap": -2.5,
                "home": 4.9,
                "away": 1.14
              },
              {
                "handicap": -3.5,
                "home": 4,
                "away": 1.2
              }
            ]
          }
        }
      ]
    },
    {
      "date": "2025-11-14",
      "league": "KHL",
      "games": [
        {
          "home": "Ак Барс",
          "away": "Динамо Москва",
          "start_utc": "2025-11-13T16:00:00Z",
          "markets": {
            "ml": {
              "HOME": 1.8,
              "AWAY": 2
            },
            "1x2_60": {
              "P1": 2.35,
              "X": 4.3,
              "P2": 2.65
            },
            "double_chance_60": {
              "1X": 1.48,
              "X2": 1.6
            },
            "totals_goals": [
              {
                "line": 3.5,
                "over": 1.23,
                "under": 3.9
              },
              {
                "line": 4,
                "over": 1.3,
                "under": 3.3
              },
              {
                "line": 4.5,
                "over": 1.57,
                "under": 2.35
              },
              {
                "line": 5,
                "over": 1.8,
                "under": 1.95
              },
              {
                "line": 5.5,
                "over": 2.15,
                "under": 1.7
              },
              {
                "line": 6,
                "over": 2.75,
                "under": 1.43
              },
              {
                "line": 6.5,
                "over": 3.2,
                "under": 1.33
              },
              {
                "line": 7,
                "over": 4.5,
                "under": 1.19
              },
              {
                "line": 7.5,
                "over": 4.9,
                "under": 1.16
              }
            ],
            "sog_match": [
              {
                "line": 57.5,
                "over": 1.72,
                "under": 2
              },
              {
                "line": 58.5,
                "over": 1.85,
                "under": 1.85
              },
              {
                "line": 59.5,
                "over": 2,
                "under": 1.72
              }
            ],
            "sog_1x2": {
              "P1": 1.33,
              "P2": 3.2
            },
            "sog_double_chance": {
              "1X": 1.3,
              "X2": 3.05
            },
            "period_totals": {
              "1": [
                {
                  "line": 0.5,
                  "over": 1.19,
                  "under": 4.1
                },
                {
                  "line": 1.5,
                  "over": 1.95,
                  "under": 1.75
                },
                {
                  "line": 2.5,
                  "over": 3.9,
                  "under": 1.2
                }
              ],
              "2": [
                {
                  "line": 0.5,
                  "over": 1.13,
                  "under": 5
                },
                {
                  "line": 1.5,
                  "over": 1.7,
                  "under": 2.02
                },
                {
                  "line": 2.5,
                  "over": 3.1,
                  "under": 1.32
                }
              ],
              "3": [
                {
                  "line": 1.5,
                  "over": 1.67,
                  "under": 2.08
                },
                {
                  "line": 2.5,
                  "over": 3,
                  "under": 1.33
                }
              ]
            },
            "spreads": [
              {
                "handicap": -1.5,
                "home": 3.05,
                "away": 1.35
              },
              {
                "handicap": -2,
                "home": 4.2,
                "away": 1.2
              },
              {
                "handicap": -2.5,
                "home": 4.7,
                "away": 1.17
              },
              {
                "handicap": 0,
                "home": 1.77,
                "away": 1.97
              }
            ]
          }
        }
      ]
    }
  ]
}