{
  "bookmaker": "fonbet",
  "generated_at_utc": "2025-11-14T10:22:35Z",
  "version": 1,
  "days": [
    {
      "date": "2025-11-15",
      "league": "KHL",
      "games": [
        {
          "home": "Нефтехимик",
          "away": "ЦСКА",
          "start_utc": "2025-11-14T16:00:00Z",
          "markets": {
            "ml": {
              "HOME": 2.5,
              "AWAY": 1.53
            },
            "1x2_60": {
              "P1": 3.45,
              "X": 4.3,
              "P2": 1.88
            },
            "double_chance_60": {
              "1X": 1.92,
              "X2": 1.3
            },
            "totals_goals": [
              {
                "line": 3.5,
                "over": 1.22,
                "under": 4.05
              },
              {
                "line": 4,
                "over": 1.3,
                "under": 3.45
              },
              {
                "line": 4.5,
                "over": 1.55,
                "under": 2.4
              },
              {
                "line": 5,
                "over": 1.75,
                "under": 2
              },
              {
                "line": 5.5,
                "over": 2.1,
                "under": 1.75
              },
              {
                "line": 6,
                "over": 2.6,
                "under": 1.45
              },
              {
                "line": 6.5,
                "over": 3.1,
                "under": 1.35
              },
              {
                "line": 7,
                "over": 4.3,
                "under": 1.2
              },
              {
                "line": 7.5,
                "over": 4.7,
                "under": 1.17
              }
            ],
            "sog_match": [
              {
                "line": 56.5,
                "over": 1.75,
                "under": 1.95
              },
              {
                "line": 57.5,
                "over": 1.94,
                "under": 1.77
              },
              {
                "line": 58.5,
                "over": 2.1,
                "under": 1.65
              }
            ],
            "sog_1x2": {
              "P1": 2.17,
              "P2": 1.67
            },
            "sog_double_chance": {
              "1X": 2.07,
              "X2": 1.62
            },
            "period_totals": {
              "1": [
                {
                  "line": 0.5,
                  "over": 1.19,
                  "under": 4.2
                },
                {
                  "line": 1.5,
                  "over": 1.9,
                  "under": 1.8
                },
                {
                  "line": 2.5,
                  "over": 3.8,
                  "under": 1.22
                }
              ],
              "2": [
                {
                  "line": 1.5,
                  "over": 1.67,
                  "under": 2.08
                },
                {
                  "line": 2.5,
                  "over": 3.05,
                  "under": 1.33
                }
              ],
              "3": [
                {
                  "line": 1.5,
                  "over": 1.65,
                  "under": 2.1
                },
                {
                  "line": 2.5,
                  "over": 2.95,
                  "under": 1.35
                }
              ]
            },
            "spreads": [
              {
                "handicap": -1.5,
                "home": 4.6,
                "away": 1.18
              },
              {
                "handicap": -2,
                "home": 3.15,
                "away": 1.35
              },
              {
                "handicap": 0,
                "home": 2.6,
                "away": 1.45
              }
            ]
          }
        },
        {
          "home": "Спартак",
          "away": "Северсталь",
          "start_utc": "2025-11-14T16:30:00Z",
          "markets": {
            "ml": {
              "HOME": 1.75,
              "AWAY": 2.1
            },
            "1x2_60": {
              "P1": 2.25,
              "X": 4.3,
              "P2": 2.8
            },
            "double_chance_60": {
              "1X": 1.45,
              "X2": 1.65
            },
            "totals_goals": [
              {
                "line": 3.5,
                "over": 1.16,
                "under": 4.9
              },
              {
                "line": 4,
                "over": 1.2,
                "under": 4.2
              },
              {
                "line": 4.5,
                "over": 1.4,
                "under": 2.8
              },
              {
                "line": 5,
                "over": 1.55,
                "under": 2.4
              },
              {
                "line": 5.5,
                "over": 1.83,
                "under": 1.97
              },
              {
                "line": 6,
                "over": 2.2,
                "under": 1.65
              },
              {
                "line": 6.5,
                "over": 2.6,
                "under": 1.47
              },
              {
                "line": 7,
                "over": 3.4,
                "under": 1.3
              },
              {
                "line": 7.5,
                "over": 3.85,
                "under": 1.25
              }
            ],
            "sog_match": [
              {
                "line": 62.5,
                "over": 1.73,
                "under": 1.99
              },
              {
                "line": 63.5,
                "over": 1.85,
                "under": 1.85
              },
              {
                "line": 64.5,
                "over": 1.99,
                "under": 1.73
              }
            ],
            "sog_1x2": {
              "P1": 2.15,
              "P2": 1.68
            },
            "sog_double_chance": {
              "1X": 2.05,
              "X2": 1.62
            },
            "period_totals": {
              "1": [
                {
                  "line": 0.5,
                  "over": 1.16,
                  "under": 4.6
                },
                {
                  "line": 1.5,
                  "over": 1.8,
                  "under": 1.9
                },
                {
                  "line": 2.5,
                  "over": 3.4,
                  "under": 1.27
                }
              ],
              "2": [
                {
                  "line": 1.5,
                  "over": 1.57,
                  "under": 2.25
                },
                {
                  "line": 2.5,
                  "over": 2.75,
                  "under": 1.4
                }
              ],
              "3": [
                {
                  "line": 1.5,
                  "over": 1.55,
                  "under": 2.3
                },
                {
                  "line": 2.5,
                  "over": 2.65,
                  "under": 1.42
                }
              ]
            },
            "spreads": [
              {
                "handicap": -1.5,
                "home": 2.85,
                "away": 1.4
              },
              {
                "handicap": -2,
                "home": 3.85,
                "away": 1.25
              },
              {
                "handicap": -2.5,
                "home": 4.3,
                "away": 1.2
              },
              {
                "handicap": 0,
                "home": 1.7,
                "away": 2.1
              }
            ]
          }
        },
        {
          "home": "Хозяева",
          "away": "Гости",
          "start_utc": "2025-11-14T16:00:00Z",
          "markets": {
            "1x2_60": {
              "P1": 2.45,
              "P2": 1.95
            },
            "double_chance_60": {
              "1X": 1.75,
              "X2": 1.5
            },
            "totals_goals": [
              {
                "line": 3.5,
                "over": 1.08,
                "under": 1.17
              }
            ],
            "period_totals": {
              "1": [
                {
                  "line": 1.5,
                  "over": 1.13,
                  "under": 1.17
                },
                {
                  "line": 2.5,
                  "over": 1.45,
                  "under": 2.55
                },
                {
                  "line": 3.5,
                  "over": 2.07,
                  "under": 1.67
                },
                {
                  "line": 4.5,
                  "over": 3.3,
                  "under": 1.28
                }
              ]
            },
            "spreads": [
              {
                "handicap": -1.5,
                "home": 3,
                "away": 1.33
              },
              {
                "handicap": -2.5,
                "home": 4.4,
                "away": 1.17
              },
              {
                "handicap": -3.5,
                "home": 4.4,
                "away": 1.17
              }
            ]
          }
        },
        {
          "home": "Сибирь",
          "away": "Динамо Москва",
          "start_utc": "2025-11-15T10:30:00Z",
          "markets": {
            "ml": {
              "HOME": 3.25,
              "AWAY": 1.35
            },
            "1x2_60": {
              "P1": 4.8,
              "X": 4.4,
              "P2": 1.6
            },
            "double_chance_60": {
              "1X": 2.35,
              "X2": 1.18
            },
            "totals_goals": [
              {
                "line": 3.5,
                "over": 1.22,
                "under": 4.05
              },
              {
                "line": 4,
                "over": 1.3,
                "under": 3.45
              },
              {
                "line": 4.5,
                "over": 1.55,
                "under": 2.4
              },
              {
                "line": 5,
                "over": 1.75,
                "under": 2
              },
              {
                "line": 5.5,
                "over": 2.1,
                "under": 1.75
              },
              {
                "line": 6,
                "over": 2.65,
                "under": 1.45
              },
              {
                "line": 6.5,
                "over": 3.1,
                "under": 1.35
              },
              {
                "line": 7,
                "over": 4.3,
                "under": 1.2
              },
              {
                "line": 7.5,
                "over": 4.7,
                "under": 1.17
              }
            ],
            "period_totals": {
              "1": [
                {
                  "line": 0.5,
                  "over": 1.19,
                  "under": 4.2
                },
                {
                  "line": 1.5,
                  "over": 1.9,
                  "under": 1.8
                },
                {
                  "line": 2.5,
                  "over": 3.8,
                  "under": 1.22
                }
              ],
              "2": [
                {
                  "line": 1.5,
                  "over": 1.67,
                  "under": 2.08
                },
                {
                  "line": 2.5,
                  "over": 3,
                  "under": 1.33
                }
              ],
              "3": [
                {
                  "line": 1.5,
                  "over": 1.65,
                  "under": 2.1
                },
                {
                  "line": 2.5,
                  "over": 2.95,
                  "under": 1.35
                }
              ]
            },
            "spreads": [
              {
                "handicap": -3,
                "home": 4.7,
                "away": 1.17
              },
              {
                "handicap": 0,
                "home": 3.6,
                "away": 1.27
              }
            ]
          }
        },
        {
          "home": "ХК Сочи",
          "away": "Шанхай Дрэгонс",
          "start_utc": "2025-11-15T12:00:00Z",
          "markets": {
            "ml": {
              "HOME": 2.95,
              "AWAY": 1.4
            },
            "1x2_60": {
              "P1": 4.4,
              "X": 4.4,
              "P2": 1.68
            },
            "double_chance_60": {
              "1X": 2.2,
              "X2": 1.2
            },
            "totals_goals": [
              {
                "line": 3.5,
                "over": 1.16,
                "under": 4.9
              },
              {
                "line": 4,
                "over": 1.2,
                "under": 4.3
              },
              {
                "line": 4.5,
                "over": 1.4,
                "under": 2.8
              },
              {
                "line": 5,
                "over": 1.55,
                "under": 2.4
              },
              {
                "line": 5.5,
                "over": 1.82,
                "under": 1.98
              },
              {
                "line": 6,
                "over": 2.2,
                "under": 1.65
              },
              {
                "line": 6.5,
                "over": 2.6,
                "under": 1.47
              },
              {
                "line": 7,
                "over": 3.4,
                "under": 1.3
              },
              {
                "line": 7.5,
                "over": 3.8,
                "under": 1.25
              }
            ],
            "period_totals": {
              "1": [
                {
                  "line": 0.5,
                  "over": 1.16,
                  "under": 4.6
                },
                {
                  "line": 1.5,
                  "over": 1.78,
                  "under": 1.92
                },
                {
                  "line": 2.5,
                  "over": 3.4,
                  "under": 1.27
                }
              ],
              "2": [
                {
                  "line": 1.5,
                  "over": 1.55,
                  "under": 2.25
                },
                {
                  "line": 2.5,
                  "over": 2.7,
                  "under": 1.4
                }
              ],
              "3": [
                {
                  "line": 1.5,
                  "over": 1.55,
                  "under": 2.3
                },
                {
                  "line": 2.5,
                  "over": 2.65,
                  "under": 1.42
                }
              ]
            },
            "spreads": [
              {
                "handicap": -2,
                "home": 2.5,
                "away": 1.5
              },
              {
                "handicap": 0,
                "home": 3.25,
                "away": 1.32
              }
            ]
          }
        },
        {
          "home": "Локомотив Ярославль",
          "away": "Барыс",
          "start_utc": "2025-11-15T14:00:00Z",
          "markets": {
            "ml": {
              "HOME": 1.14
            },
            "1x2_60": {
              "P1": 1.27
            },
            "double_chance_60": {
              "1X": 1.06,
              "X2": 3.75
            },
            "totals_goals": [
              {
                "line": 3.5,
                "over": 1.23,
                "under": 3.9
              },
              {
                "line": 4,
                "over": 1.3,
                "under": 3.3
              },
              {
                "line": 4.5,
                "over": 1.55,
                "under": 2.35
              },
              {
                "line": 5,
                "over": 1.78,
                "under": 1.98
              },
              {
                "line": 5.5,
                "over": 2.15,
                "under": 1.7
              },
              {
                "line": 6,
                "over": 2.7,
                "under": 1.43
              },
              {
                "line": 6.5,
                "over": 3.15,
                "under": 1.33
              },
              {
                "line": 7,
                "over": 4.5,
                "under": 1.19
              },
              {
                "line": 7.5,
                "over": 4.9,
                "under": 1.16
              }
            ],
            "period_totals": {
              "1": [
                {
                  "line": 0.5,
                  "over": 1.19,
                  "under": 4.15
                },
                {
                  "line": 1.5,
                  "over": 1.95,
                  "under": 1.75
                },
                {
                  "line": 2.5,
                  "over": 3.9,
                  "under": 1.2
                }
              ],
              "2": [
                {
                  "line": 1.5,
                  "over": 1.7,
                  "under": 2.02
                },
                {
                  "line": 2.5,
                  "over": 3.1,
                  "under": 1.32
                }
              ],
              "3": [
                {
                  "line": 1.5,
                  "over": 1.65,
                  "under": 2.1
                },
                {
                  "line": 2.5,
                  "over": 3,
                  "under": 1.35
                }
              ]
            },
            "spreads": [
              {
                "handicap": -3.5,
                "home": 3.25,
                "away": 1.32
              },
              {
                "handicap": -4,
                "home": 4.7,
                "away": 1.17
              }
            ]
          }
        }
      ]
    }
  ]
}