{
  "bookmaker": "fonbet",
  "generated_at_utc": "2025-12-02T03:02:29Z",
  "version": 1,
  "days": [
    {
      "date": "2025-12-02",
      "league": "KHL",
      "games": [
        {
          "home": "Амур",
          "away": "Динамо Минск",
          "start_utc": "2025-12-02T09:15:00Z",
          "markets": {
            "ml": {
              "HOME": 3,
              "AWAY": 1.4
            },
            "1x2_60": {
              "P1": 4.4,
              "X": 4.4,
              "P2": 1.67
            },
            "double_chance_60": {
              "1X": 2.2,
              "X2": 1.2
            },
            "totals_goals": [
              {
                "line": 3.5,
                "over": 1.19,
                "under": 4.5
              },
              {
                "line": 4,
                "over": 1.25,
                "under": 3.8
              },
              {
                "line": 4.5,
                "over": 1.48,
                "under": 2.55
              },
              {
                "line": 5,
                "over": 1.65,
                "under": 2.2
              },
              {
                "line": 5.5,
                "over": 1.95,
                "under": 1.85
              },
              {
                "line": 6,
                "over": 2.4,
                "under": 1.55
              },
              {
                "line": 6.5,
                "over": 2.85,
                "under": 1.4
              },
              {
                "line": 7,
                "over": 3.8,
                "under": 1.25
              },
              {
                "line": 7.5,
                "over": 4.3,
                "under": 1.2
              }
            ],
            "sog_match": [
              {
                "line": 65.5,
                "over": 1.75,
                "under": 1.95
              },
              {
                "line": 66.5,
                "over": 1.94,
                "under": 1.77
              },
              {
                "line": 67.5,
                "over": 2.07,
                "under": 1.67
              }
            ],
            "sog_1x2": {
              "P1": 4.7,
              "P2": 1.16
            },
            "period_totals": {
              "1": [
                {
                  "line": 0.5,
                  "over": 1.17,
                  "under": 4.4
                },
                {
                  "line": 1,
                  "over": 1.3,
                  "under": 3.2
                },
                {
                  "line": 1.5,
                  "over": 1.85,
                  "under": 1.85
                },
                {
                  "line": 2,
                  "over": 2.75,
                  "under": 1.4
                },
                {
                  "line": 2.5,
                  "over": 3.6,
                  "under": 1.25
                }
              ],
              "2": [
                {
                  "line": 1,
                  "over": 1.19,
                  "under": 4.2
                },
                {
                  "line": 1.5,
                  "over": 1.6,
                  "under": 2.2
                },
                {
                  "line": 2,
                  "over": 2.15,
                  "under": 1.62
                },
                {
                  "line": 2.5,
                  "over": 2.85,
                  "under": 1.37
                },
                {
                  "line": 3,
                  "over": 5,
                  "under": 1.14
                }
              ],
              "3": [
                {
                  "line": 1,
                  "over": 1.18,
                  "under": 4.3
                },
                {
                  "line": 1.5,
                  "over": 1.6,
                  "under": 2.2
                },
                {
                  "line": 2,
                  "over": 2.1,
                  "under": 1.65
                },
                {
                  "line": 2.5,
                  "over": 2.8,
                  "under": 1.38
                },
                {
                  "line": 3,
                  "over": 4.8,
                  "under": 1.15
                }
              ]
            },
            "spreads": [
              {
                "handicap": -2,
                "home": 2.5,
                "away": 1.5
              },
              {
                "handicap": 0,
                "home": 3.3,
                "away": 1.3
              }
            ]
          }
        },
        {
          "home": "Адмирал",
          "away": "ХК Сочи",
          "start_utc": "2025-12-02T09:30:00Z",
          "markets": {
            "ml": {
              "HOME": 1.35,
              "AWAY": 3.2
            },
            "1x2_60": {
              "P1": 1.6,
              "X": 4.6,
              "P2": 4.7
            },
            "double_chance_60": {
              "1X": 1.19,
              "X2": 2.35
            },
            "totals_goals": [
              {
                "line": 3.5,
                "over": 1.18,
                "under": 4.6
              },
              {
                "line": 4,
                "over": 1.23,
                "under": 4
              },
              {
                "line": 4.5,
                "over": 1.45,
                "under": 2.65
              },
              {
                "line": 5,
                "over": 1.6,
                "under": 2.25
              },
              {
                "line": 5.5,
                "over": 1.9,
                "under": 1.9
              },
              {
                "line": 6,
                "over": 2.3,
                "under": 1.58
              },
              {
                "line": 6.5,
                "over": 2.75,
                "under": 1.43
              },
              {
                "line": 7,
                "over": 3.65,
                "under": 1.25
              },
              {
                "line": 7.5,
                "over": 4.1,
                "under": 1.22
              }
            ],
            "sog_match": [
              {
                "line": 64.5,
                "over": 1.73,
                "under": 1.99
              },
              {
                "line": 65.5,
                "over": 1.85,
                "under": 1.85
              },
              {
                "line": 66.5,
                "over": 1.99,
                "under": 1.73
              }
            ],
            "sog_1x2": {
              "P1": 1.05
            },
            "period_totals": {
              "1": [
                {
                  "line": 0.5,
                  "over": 1.16,
                  "under": 4.5
                },
                {
                  "line": 1,
                  "over": 1.3,
                  "under": 3.3
                },
                {
                  "line": 1.5,
                  "over": 1.82,
                  "under": 1.88
                },
                {
                  "line": 2,
                  "over": 2.7,
                  "under": 1.4
                },
                {
                  "line": 2.5,
                  "over": 3.5,
                  "under": 1.25
                }
              ],
              "2": [
                {
                  "line": 1,
                  "over": 1.18,
                  "under": 4.3
                },
                {
                  "line": 1.5,
                  "over": 1.6,
                  "under": 2.2
                },
                {
                  "line": 2,
                  "over": 2.1,
                  "under": 1.65
                },
                {
                  "line": 2.5,
                  "over": 2.8,
                  "under": 1.38
                },
                {
                  "line": 3,
                  "over": 4.8,
                  "under": 1.15
                }
              ],
              "3": [
                {
                  "line": 1,
                  "over": 1.17,
                  "under": 4.4
                },
                {
                  "line": 1.5,
                  "over": 1.57,
                  "under": 2.25
                },
                {
                  "line": 2,
                  "over": 2.05,
                  "under": 1.68
                },
                {
                  "line": 2.5,
                  "over": 2.75,
                  "under": 1.4
                },
                {
                  "line": 3,
                  "over": 4.6,
                  "under": 1.16
                }
              ]
            },
            "spreads": [
              {
                "handicap": -2.5,
                "home": 2.75,
                "away": 1.42
              },
              {
                "handicap": -3,
                "home": 4.5,
                "away": 1.19
              },
              {
                "handicap": 0,
                "home": 1.27,
                "away": 3.55
              }
            ]
          }
        },
        {
          "home": "Хозяева",
          "away": "Гости",
          "start_utc": "2025-12-02T09:15:00Z",
          "markets": {
            "1x2_60": {
              "P1": 1.63,
              "P2": 2.95
            },
            "double_chance_60": {
              "1X": 1.35,
              "X2": 2.15
            },
            "period_totals": {
              "1": [
                {
                  "line": 1.5,
                  "over": 1.19,
                  "under": 1.37
                },
                {
                  "line": 2.5,
                  "over": 1.07,
                  "under": 1.16
                },
                {
                  "line": 3.5,
                  "over": 1.3,
                  "under": 3.2
                },
                {
                  "line": 4.5,
                  "over": 1.67,
                  "under": 2.07
                },
                {
                  "line": 5.5,
                  "over": 2.3,
                  "under": 1.55
                },
                {
                  "line": 6.5,
                  "over": 3.4,
                  "under": 1.27
                }
              ]
            },
            "spreads": [
              {
                "handicap": -1.5,
                "home": 3.8,
                "away": 1.22
              },
              {
                "handicap": -3.5,
                "home": 2.9,
                "away": 1.35
              },
              {
                "handicap": -4.5,
                "home": 3.8,
                "away": 1.22
              }
            ]
          }
        }
      ]
    },
    {
      "date": "2025-12-03",
      "league": "KHL",
      "games": [
        {
          "home": "Локомотив Ярославль",
          "away": "СКА",
          "start_utc": "2025-12-02T16:00:00Z",
          "markets": {
            "ml": {
              "HOME": 1.35,
              "AWAY": 3.15
            },
            "1x2_60": {
              "P1": 1.67,
              "X": 4.4,
              "P2": 4.8
            },
            "double_chance_60": {
              "1X": 1.18,
              "X2": 2.2
            },
            "totals_goals": [
              {
                "line": 3.5,
                "over": 1.25,
                "under": 3.7
              },
              {
                "line": 4,
                "over": 1.35,
                "under": 3.1
              },
              {
                "line": 4.5,
                "over": 1.63,
                "under": 2.2
              },
              {
                "line": 5,
                "over": 1.87,
                "under": 1.88
              },
              {
                "line": 5.5,
                "over": 2.25,
                "under": 1.65
              },
              {
                "line": 6,
                "over": 2.9,
                "under": 1.38
              },
              {
                "line": 6.5,
                "over": 3.4,
                "under": 1.3
              },
              {
                "line": 7,
                "over": 4.8,
                "under": 1.17
              }
            ],
            "sog_match": [
              {
                "line": 60.5,
                "over": 1.72,
                "under": 2
              },
              {
                "line": 61.5,
                "over": 1.85,
                "under": 1.85
              },
              {
                "line": 62.5,
                "over": 2,
                "under": 1.72
              }
            ],
            "sog_1x2": {
              "P1": 1.35,
              "P2": 3.15
            },
            "period_totals": {
              "1": [
                {
                  "line": 0.5,
                  "over": 1.2,
                  "under": 4
                },
                {
                  "line": 1,
                  "over": 1.37,
                  "under": 2.85
                },
                {
                  "line": 1.5,
                  "over": 1.98,
                  "under": 1.72
                },
                {
                  "line": 2,
                  "over": 3.15,
                  "under": 1.3
                },
                {
                  "line": 2.5,
                  "over": 4.05,
                  "under": 1.2
                }
              ],
              "2": [
                {
                  "line": 0.5,
                  "over": 1.14,
                  "under": 4.9
                },
                {
                  "line": 1,
                  "over": 1.25,
                  "under": 3.65
                },
                {
                  "line": 1.5,
                  "over": 1.72,
                  "under": 2
                },
                {
                  "line": 2,
                  "over": 2.4,
                  "under": 1.5
                },
                {
                  "line": 2.5,
                  "over": 3.2,
                  "under": 1.3
                }
              ],
              "3": [
                {
                  "line": 0.5,
                  "over": 1.13,
                  "under": 5
                },
                {
                  "line": 1,
                  "over": 1.22,
                  "under": 3.8
                },
                {
                  "line": 1.5,
                  "over": 1.7,
                  "under": 2.02
                },
                {
                  "line": 2,
                  "over": 2.35,
                  "under": 1.52
                },
                {
                  "line": 2.5,
                  "over": 3.1,
                  "under": 1.32
                }
              ]
            },
            "spreads": [
              {
                "handicap": -2.5,
                "home": 3,
                "away": 1.35
              },
              {
                "handicap": -3,
                "home": 4.9,
                "away": 1.16
              },
              {
                "handicap": 0,
                "home": 1.28,
                "away": 3.5
              }
            ]
          }
        },
        {
          "home": "Сибирь",
          "away": "Спартак",
          "start_utc": "2025-12-03T12:30:00Z",
          "markets": {
            "ml": {
              "HOME": 2.7,
              "AWAY": 1.45
            },
            "1x2_60": {
              "P1": 3.85,
              "X": 4.4,
              "P2": 1.78
            },
            "double_chance_60": {
              "1X": 2.05,
              "X2": 1.25
            },
            "totals_goals": [
              {
                "line": 3.5,
                "over": 1.15,
                "under": 5
              },
              {
                "line": 4,
                "over": 1.19,
                "under": 4.4
              },
              {
                "line": 4.5,
                "over": 1.4,
                "under": 2.85
              },
              {
                "line": 5,
                "over": 1.52,
                "under": 2.45
              },
              {
                "line": 5.5,
                "over": 1.8,
                "under": 2
              },
              {
                "line": 6,
                "over": 2.15,
                "under": 1.65
              },
              {
                "line": 6.5,
                "over": 2.55,
                "under": 1.48
              },
              {
                "line": 7,
                "over": 3.35,
                "under": 1.3
              },
              {
                "line": 7.5,
                "over": 3.75,
                "under": 1.25
              }
            ],
            "period_totals": {
              "1": [
                {
                  "line": 0.5,
                  "over": 1.15,
                  "under": 4.7
                },
                {
                  "line": 1,
                  "over": 1.25,
                  "under": 3.45
                },
                {
                  "line": 1.5,
                  "over": 1.77,
                  "under": 1.93
                },
                {
                  "line": 2,
                  "over": 2.55,
                  "under": 1.45
                },
                {
                  "line": 2.5,
                  "over": 3.35,
                  "under": 1.28
                }
              ],
              "2": [
                {
                  "line": 1,
                  "over": 1.16,
                  "under": 4.5
                },
                {
                  "line": 1.5,
                  "over": 1.55,
                  "under": 2.3
                },
                {
                  "line": 2,
                  "over": 2.02,
                  "under": 1.7
                },
                {
                  "line": 2.5,
                  "over": 2.7,
                  "under": 1.4
                },
                {
                  "line": 3,
                  "over": 4.5,
                  "under": 1.16
                }
              ],
              "3": [
                {
                  "line": 1,
                  "over": 1.15,
                  "under": 4.7
                },
                {
                  "line": 1.5,
                  "over": 1.55,
                  "under": 2.35
                },
                {
                  "line": 2,
                  "over": 1.97,
                  "under": 1.73
                },
                {
                  "line": 2.5,
                  "over": 2.65,
                  "under": 1.43
                },
                {
                  "line": 3,
                  "over": 4.3,
                  "under": 1.18
                }
              ]
            },
            "spreads": [
              {
                "handicap": -1.5,
                "home": 4.8,
                "away": 1.16
              },
              {
                "handicap": -2,
                "home": 2.9,
                "away": 1.4
              },
              {
                "handicap": 0,
                "home": 2.9,
                "away": 1.4
              }
            ]
          }
        },
        {
          "home": "Автомобилист",
          "away": "Металлург Мг",
          "start_utc": "2025-12-03T14:00:00Z",
          "markets": {
            "ml": {
              "HOME": 1.97,
              "AWAY": 1.83
            },
            "1x2_60": {
              "P1": 2.55,
              "X": 4.3,
              "P2": 2.35
            },
            "double_chance_60": {
              "1X": 1.6,
              "X2": 1.5
            },
            "totals_goals": [
              {
                "line": 3.5,
                "over": 1.18,
                "under": 4.6
              },
              {
                "line": 4,
                "over": 1.22,
                "under": 4
              },
              {
                "line": 4.5,
                "over": 1.45,
                "under": 2.65
              },
              {
                "line": 5,
                "over": 1.6,
                "under": 2.3
              },
              {
                "line": 5.5,
                "over": 1.9,
                "under": 1.9
              },
              {
                "line": 6,
                "over": 2.3,
                "under": 1.58
              },
              {
                "line": 6.5,
                "over": 2.75,
                "under": 1.43
              },
              {
                "line": 7,
                "over": 3.65,
                "under": 1.25
              },
              {
                "line": 7.5,
                "over": 4.1,
                "under": 1.22
              }
            ],
            "period_totals": {
              "1": [
                {
                  "line": 0.5,
                  "over": 1.17,
                  "under": 4.5
                },
                {
                  "line": 1,
                  "over": 1.3,
                  "under": 3.3
                },
                {
                  "line": 1.5,
                  "over": 1.83,
                  "under": 1.87
                },
                {
                  "line": 2,
                  "over": 2.7,
                  "under": 1.4
                },
                {
                  "line": 2.5,
                  "over": 3.5,
                  "under": 1.25
                }
              ],
              "2": [
                {
                  "line": 1,
                  "over": 1.18,
                  "under": 4.3
                },
                {
                  "line": 1.5,
                  "over": 1.6,
                  "under": 2.2
                },
                {
                  "line": 2,
                  "over": 2.12,
                  "under": 1.64
                },
                {
                  "line": 2.5,
                  "over": 2.8,
                  "under": 1.38
                },
                {
                  "line": 3,
                  "over": 4.8,
                  "under": 1.15
                }
              ],
              "3": [
                {
                  "line": 1,
                  "over": 1.17,
                  "under": 4.4
                },
                {
                  "line": 1.5,
                  "over": 1.57,
                  "under": 2.25
                },
                {
                  "line": 2,
                  "over": 2.05,
                  "under": 1.68
                },
                {
                  "line": 2.5,
                  "over": 2.75,
                  "under": 1.4
                },
                {
                  "line": 3,
                  "over": 4.6,
                  "under": 1.15
                }
              ]
            },
            "spreads": [
              {
                "handicap": -1.5,
                "home": 3.3,
                "away": 1.3
              },
              {
                "handicap": -2,
                "home": 4.5,
                "away": 1.18
              },
              {
                "handicap": -2.5,
                "home": 4.9,
                "away": 1.16
              },
              {
                "handicap": 0,
                "home": 1.95,
                "away": 1.8
              }
            ]
          }
        }
      ]
    }
  ]
}