{
  "bookmaker": "fonbet",
  "generated_at_utc": "2025-12-20T03:06:00Z",
  "version": 1,
  "days": [
    {
      "date": "2025-12-20",
      "league": "KHL",
      "games": [
        {
          "home": "Салават Юлаев",
          "away": "Ак Барс",
          "start_utc": "2025-12-20T11:30:00Z",
          "markets": {
            "ml": {
              "HOME": 2.35,
              "AWAY": 1.6
            },
            "1x2_60": {
              "P1": 3.2,
              "X": 4.2,
              "P2": 2
            },
            "double_chance_60": {
              "1X": 1.8,
              "X2": 1.35
            },
            "totals_goals": [
              {
                "line": 3.5,
                "over": 1.2,
                "under": 4.3
              },
              {
                "line": 4,
                "over": 1.25,
                "under": 3.65
              },
              {
                "line": 4.5,
                "over": 1.5,
                "under": 2.5
              },
              {
                "line": 5,
                "over": 1.67,
                "under": 2.13
              },
              {
                "line": 5.5,
                "over": 2,
                "under": 1.8
              },
              {
                "line": 6,
                "over": 2.5,
                "under": 1.5
              },
              {
                "line": 6.5,
                "over": 2.95,
                "under": 1.38
              },
              {
                "line": 7,
                "over": 4,
                "under": 1.23
              },
              {
                "line": 7.5,
                "over": 4.4,
                "under": 1.19
              }
            ],
            "period_totals": {
              "1": [
                {
                  "line": 0.5,
                  "over": 1.18,
                  "under": 4.3
                },
                {
                  "line": 1,
                  "over": 1.3,
                  "under": 3.15
                },
                {
                  "line": 1.5,
                  "over": 1.87,
                  "under": 1.83
                },
                {
                  "line": 2,
                  "over": 2.85,
                  "under": 1.37
                },
                {
                  "line": 2.5,
                  "over": 3.7,
                  "under": 1.25
                }
              ],
              "2": [
                {
                  "line": 1,
                  "over": 1.2,
                  "under": 4.05
                },
                {
                  "line": 1.5,
                  "over": 1.65,
                  "under": 2.1
                },
                {
                  "line": 2,
                  "over": 2.2,
                  "under": 1.6
                },
                {
                  "line": 2.5,
                  "over": 2.95,
                  "under": 1.35
                }
              ],
              "3": [
                {
                  "line": 1,
                  "over": 1.19,
                  "under": 4.2
                },
                {
                  "line": 1.5,
                  "over": 1.6,
                  "under": 2.2
                },
                {
                  "line": 2,
                  "over": 2.15,
                  "under": 1.62
                },
                {
                  "line": 2.5,
                  "over": 2.85,
                  "under": 1.37
                },
                {
                  "line": 3,
                  "over": 4.9,
                  "under": 1.14
                }
              ]
            },
            "spreads": [
              {
                "handicap": -1.5,
                "home": 4.3,
                "away": 1.2
              },
              {
                "handicap": -2,
                "home": 3.35,
                "away": 1.3
              },
              {
                "handicap": 0,
                "home": 2.4,
                "away": 1.53
              }
            ]
          }
        },
        {
          "home": "Локомотив Ярославль",
          "away": "Авангард",
          "start_utc": "2025-12-20T14:00:00Z",
          "markets": {
            "ml": {
              "HOME": 1.7,
              "AWAY": 2.15
            },
            "1x2_60": {
              "P1": 2.15,
              "X": 4.15,
              "P2": 2.9
            },
            "double_chance_60": {
              "1X": 1.4,
              "X2": 1.7
            },
            "totals_goals": [
              {
                "line": 3.5,
                "over": 1.2,
                "under": 4.3
              },
              {
                "line": 4,
                "over": 1.25,
                "under": 3.65
              },
              {
                "line": 4.5,
                "over": 1.5,
                "under": 2.5
              },
              {
                "line": 5,
                "over": 1.68,
                "under": 2.12
              },
              {
                "line": 5.5,
                "over": 2,
                "under": 1.8
              },
              {
                "line": 6,
                "over": 2.5,
                "under": 1.5
              },
              {
                "line": 6.5,
                "over": 2.95,
                "under": 1.38
              },
              {
                "line": 7,
                "over": 4,
                "under": 1.22
              },
              {
                "line": 7.5,
                "over": 4.5,
                "under": 1.19
              }
            ],
            "period_totals": {
              "1": [
                {
                  "line": 0.5,
                  "over": 1.18,
                  "under": 4.3
                },
                {
                  "line": 1,
                  "over": 1.32,
                  "under": 3.1
                },
                {
                  "line": 1.5,
                  "over": 1.88,
                  "under": 1.82
                },
                {
                  "line": 2,
                  "over": 2.85,
                  "under": 1.37
                },
                {
                  "line": 2.5,
                  "over": 3.7,
                  "under": 1.23
                }
              ],
              "2": [
                {
                  "line": 1,
                  "over": 1.2,
                  "under": 4.05
                },
                {
                  "line": 1.5,
                  "over": 1.65,
                  "under": 2.1
                },
                {
                  "line": 2,
                  "over": 2.2,
                  "under": 1.6
                },
                {
                  "line": 2.5,
                  "over": 2.95,
                  "under": 1.35
                }
              ],
              "3": [
                {
                  "line": 1,
                  "over": 1.19,
                  "under": 4.2
                },
                {
                  "line": 1.5,
                  "over": 1.6,
                  "under": 2.2
                },
                {
                  "line": 2,
                  "over": 2.15,
                  "under": 1.62
                },
                {
                  "line": 2.5,
                  "over": 2.85,
                  "under": 1.37
                },
                {
                  "line": 3,
                  "over": 5,
                  "under": 1.14
                }
              ]
            },
            "spreads": [
              {
                "handicap": -1.5,
                "home": 2.75,
                "away": 1.43
              },
              {
                "handicap": -2,
                "home": 3.65,
                "away": 1.25
              },
              {
                "handicap": -2.5,
                "home": 4.1,
                "away": 1.2
              },
              {
                "handicap": 0,
                "home": 1.65,
                "away": 2.2
              }
            ]
          }
        },
        {
          "home": "СКА",
          "away": "Спартак",
          "start_utc": "2025-12-20T14:00:00Z",
          "markets": {
            "ml": {
              "HOME": 1.75,
              "AWAY": 2.1
            },
            "1x2_60": {
              "P1": 2.2,
              "X": 4.3,
              "P2": 2.75
            },
            "double_chance_60": {
              "1X": 1.45,
              "X2": 1.67
            },
            "totals_goals": [
              {
                "line": 3.5,
                "over": 1.15,
                "under": 5
              },
              {
                "line": 4,
                "over": 1.19,
                "under": 4.4
              },
              {
                "line": 4.5,
                "over": 1.4,
                "under": 2.85
              },
              {
                "line": 5,
                "over": 1.52,
                "under": 2.45
              },
              {
                "line": 5.5,
                "over": 1.8,
                "under": 2
              },
              {
                "line": 6,
                "over": 2.15,
                "under": 1.65
              },
              {
                "line": 6.5,
                "over": 2.55,
                "under": 1.48
              },
              {
                "line": 7,
                "over": 3.35,
                "under": 1.3
              },
              {
                "line": 7.5,
                "over": 3.75,
                "under": 1.25
              }
            ],
            "period_totals": {
              "1": [
                {
                  "line": 0.5,
                  "over": 1.15,
                  "under": 4.7
                },
                {
                  "line": 1,
                  "over": 1.25,
                  "under": 3.45
                },
                {
                  "line": 1.5,
                  "over": 1.78,
                  "under": 1.92
                },
                {
                  "line": 2,
                  "over": 2.55,
                  "under": 1.45
                },
                {
                  "line": 2.5,
                  "over": 3.35,
                  "under": 1.27
                }
              ],
              "2": [
                {
                  "line": 1,
                  "over": 1.16,
                  "under": 4.5
                },
                {
                  "line": 1.5,
                  "over": 1.55,
                  "under": 2.25
                },
                {
                  "line": 2,
                  "over": 2.03,
                  "under": 1.7
                },
                {
                  "line": 2.5,
                  "over": 2.7,
                  "under": 1.4
                },
                {
                  "line": 3,
                  "over": 4.5,
                  "under": 1.16
                }
              ],
              "3": [
                {
                  "line": 1,
                  "over": 1.15,
                  "under": 4.7
                },
                {
                  "line": 1.5,
                  "over": 1.55,
                  "under": 2.3
                },
                {
                  "line": 2,
                  "over": 1.98,
                  "under": 1.72
                },
                {
                  "line": 2.5,
                  "over": 2.65,
                  "under": 1.43
                },
                {
                  "line": 3,
                  "over": 4.4,
                  "under": 1.17
                }
              ]
            },
            "spreads": [
              {
                "handicap": -1.5,
                "home": 2.8,
                "away": 1.4
              },
              {
                "handicap": -2,
                "home": 3.75,
                "away": 1.25
              },
              {
                "handicap": -2.5,
                "home": 4.2,
                "away": 1.2
              },
              {
                "handicap": 0,
                "home": 1.7,
                "away": 2.1
              }
            ]
          }
        },
        {
          "home": "Хозяева",
          "away": "Гости",
          "start_utc": "2025-12-20T11:30:00Z",
          "markets": {
            "1x2_60": {
              "P1": 2.03,
              "P2": 2.13
            },
            "double_chance_60": {
              "1X": 1.65,
              "X2": 1.7
            },
            "totals_goals": [
              {
                "line": 3.5,
                "over": 1.19,
                "under": 1.22
              }
            ],
            "period_totals": {
              "1": [
                {
                  "line": 1.5,
                  "over": 1.26,
                  "under": 1.27
                },
                {
                  "line": 2.5,
                  "over": 1.11,
                  "under": 1.11
                },
                {
                  "line": 3.5,
                  "over": 1.27,
                  "under": 3.4
                },
                {
                  "line": 4.5,
                  "over": 1.62,
                  "under": 2.15
                },
                {
                  "line": 5.5,
                  "over": 2.23,
                  "under": 1.58
                },
                {
                  "line": 6.5,
                  "over": 3.3,
                  "under": 1.28
                }
              ]
            },
            "spreads": [
              {
                "handicap": -2.5,
                "home": 3.2,
                "away": 1.3
              },
              {
                "handicap": -3.5,
                "home": 3.8,
                "away": 1.22
              },
              {
                "handicap": -4.5,
                "home": 4.9,
                "away": 1.14
              }
            ]
          }
        }
      ]
    },
    {
      "date": "2025-12-21",
      "league": "KHL",
      "games": [
        {
          "home": "Сибирь",
          "away": "Амур",
          "start_utc": "2025-12-21T10:30:00Z",
          "markets": {
            "ml": {
              "HOME": 1.73,
              "AWAY": 2.1
            },
            "1x2_60": {
              "P1": 2.2,
              "X": 4.2,
              "P2": 2.8
            },
            "double_chance_60": {
              "1X": 1.45,
              "X2": 1.67
            },
            "totals_goals": [
              {
                "line": 3.5,
                "over": 1.27,
                "under": 3.6
              },
              {
                "line": 4,
                "over": 1.35,
                "under": 3.05
              },
              {
                "line": 4.5,
                "over": 1.65,
                "under": 2.25
              },
              {
                "line": 5,
                "over": 1.9,
                "under": 1.85
              },
              {
                "line": 5.5,
                "over": 2.25,
                "under": 1.6
              },
              {
                "line": 6,
                "over": 3,
                "under": 1.37
              },
              {
                "line": 6.5,
                "over": 3.45,
                "under": 1.28
              },
              {
                "line": 7,
                "over": 4.9,
                "under": 1.16
              }
            ],
            "period_totals": {
              "1": [
                {
                  "line": 0.5,
                  "over": 1.2,
                  "under": 3.95
                },
                {
                  "line": 1,
                  "over": 1.38,
                  "under": 2.8
                },
                {
                  "line": 1.5,
                  "over": 2,
                  "under": 1.72
                },
                {
                  "line": 2,
                  "over": 3.2,
                  "under": 1.3
                },
                {
                  "line": 2.5,
                  "over": 4.1,
                  "under": 1.19
                }
              ],
              "2": [
                {
                  "line": 0.5,
                  "over": 1.14,
                  "under": 4.8
                },
                {
                  "line": 1,
                  "over": 1.25,
                  "under": 3.6
                },
                {
                  "line": 1.5,
                  "over": 1.75,
                  "under": 1.95
                },
                {
                  "line": 2,
                  "over": 2.45,
                  "under": 1.48
                },
                {
                  "line": 2.5,
                  "over": 3.25,
                  "under": 1.3
                }
              ],
              "3": [
                {
                  "line": 0.5,
                  "over": 1.14,
                  "under": 4.9
                },
                {
                  "line": 1,
                  "over": 1.23,
                  "under": 3.7
                },
                {
                  "line": 1.5,
                  "over": 1.7,
                  "under": 2.02
                },
                {
                  "line": 2,
                  "over": 2.4,
                  "under": 1.5
                },
                {
                  "line": 2.5,
                  "over": 3.15,
                  "under": 1.3
                }
              ]
            },
            "spreads": [
              {
                "handicap": -1.5,
                "home": 3,
                "away": 1.35
              },
              {
                "handicap": -2,
                "home": 4.4,
                "away": 1.19
              },
              {
                "handicap": -2.5,
                "home": 4.9,
                "away": 1.16
              },
              {
                "handicap": 0,
                "home": 1.68,
                "away": 2.12
              }
            ]
          }
        },
        {
          "home": "Барыс",
          "away": "ХК Сочи",
          "start_utc": "2025-12-21T12:00:00Z",
          "markets": {
            "ml": {
              "HOME": 1.55,
              "AWAY": 2.45
            },
            "1x2_60": {
              "P1": 1.9,
              "X": 4.3,
              "P2": 3.4
            },
            "double_chance_60": {
              "1X": 1.32,
              "X2": 1.9
            },
            "totals_goals": [
              {
                "line": 3.5,
                "over": 1.2,
                "under": 4.2
              },
              {
                "line": 4,
                "over": 1.27,
                "under": 3.55
              },
              {
                "line": 4.5,
                "over": 1.52,
                "under": 2.45
              },
              {
                "line": 5,
                "over": 1.7,
                "under": 2.08
              },
              {
                "line": 5.5,
                "over": 2.05,
                "under": 1.77
              },
              {
                "line": 6,
                "over": 2.55,
                "under": 1.48
              },
              {
                "line": 6.5,
                "over": 3,
                "under": 1.35
              },
              {
                "line": 7,
                "over": 4.1,
                "under": 1.2
              },
              {
                "line": 7.5,
                "over": 4.6,
                "under": 1.18
              }
            ],
            "period_totals": {
              "1": [
                {
                  "line": 0.5,
                  "over": 1.18,
                  "under": 4.3
                },
                {
                  "line": 1,
                  "over": 1.32,
                  "under": 3.05
                },
                {
                  "line": 1.5,
                  "over": 1.9,
                  "under": 1.8
                },
                {
                  "line": 2,
                  "over": 2.9,
                  "under": 1.35
                },
                {
                  "line": 2.5,
                  "over": 3.75,
                  "under": 1.23
                }
              ],
              "2": [
                {
                  "line": 1,
                  "over": 1.2,
                  "under": 4
                },
                {
                  "line": 1.5,
                  "over": 1.65,
                  "under": 2.1
                },
                {
                  "line": 2,
                  "over": 2.25,
                  "under": 1.57
                },
                {
                  "line": 2.5,
                  "over": 3,
                  "under": 1.35
                }
              ],
              "3": [
                {
                  "line": 1,
                  "over": 1.19,
                  "under": 4.1
                },
                {
                  "line": 1.5,
                  "over": 1.63,
                  "under": 2.15
                },
                {
                  "line": 2,
                  "over": 2.2,
                  "under": 1.6
                },
                {
                  "line": 2.5,
                  "over": 2.9,
                  "under": 1.35
                }
              ]
            },
            "spreads": [
              {
                "handicap": -1.5,
                "home": 2.4,
                "away": 1.55
              },
              {
                "handicap": -2,
                "home": 3.15,
                "away": 1.35
              },
              {
                "handicap": -2.5,
                "home": 3.55,
                "away": 1.27
              },
              {
                "handicap": 0,
                "home": 1.47,
                "away": 2.55
              }
            ]
          }
        },
        {
          "home": "ЦСКА",
          "away": "Динамо Москва",
          "start_utc": "2025-12-21T12:30:00Z",
          "markets": {
            "ml": {
              "HOME": 1.9,
              "AWAY": 1.9
            },
            "1x2_60": {
              "P1": 2.45,
              "X": 4.2,
              "P2": 2.45
            },
            "double_chance_60": {
              "1X": 1.55,
              "X2": 1.55
            },
            "totals_goals": [
              {
                "line": 3.5,
                "over": 1.23,
                "under": 3.9
              },
              {
                "line": 4,
                "over": 1.3,
                "under": 3.3
              },
              {
                "line": 4.5,
                "over": 1.57,
                "under": 2.35
              },
              {
                "line": 5,
                "over": 1.8,
                "under": 1.95
              },
              {
                "line": 5.5,
                "over": 2.15,
                "under": 1.7
              },
              {
                "line": 6,
                "over": 2.75,
                "under": 1.43
              },
              {
                "line": 6.5,
                "over": 3.2,
                "under": 1.33
              },
              {
                "line": 7,
                "over": 4.5,
                "under": 1.18
              },
              {
                "line": 7.5,
                "over": 5,
                "under": 1.16
              }
            ],
            "period_totals": {
              "1": [
                {
                  "line": 0.5,
                  "over": 1.19,
                  "under": 4.1
                },
                {
                  "line": 1,
                  "over": 1.35,
                  "under": 2.95
                },
                {
                  "line": 1.5,
                  "over": 1.95,
                  "under": 1.75
                },
                {
                  "line": 2,
                  "over": 3,
                  "under": 1.33
                },
                {
                  "line": 2.5,
                  "over": 3.9,
                  "under": 1.2
                }
              ],
              "2": [
                {
                  "line": 0.5,
                  "over": 1.13,
                  "under": 5
                },
                {
                  "line": 1,
                  "over": 1.22,
                  "under": 3.8
                },
                {
                  "line": 1.5,
                  "over": 1.7,
                  "under": 2.02
                },
                {
                  "line": 2,
                  "over": 2.35,
                  "under": 1.53
                },
                {
                  "line": 2.5,
                  "over": 3.1,
                  "under": 1.32
                }
              ],
              "3": [
                {
                  "line": 1,
                  "over": 1.2,
                  "under": 3.9
                },
                {
                  "line": 1.5,
                  "over": 1.67,
                  "under": 2.08
                },
                {
                  "line": 2,
                  "over": 2.3,
                  "under": 1.55
                },
                {
                  "line": 2.5,
                  "over": 3,
                  "under": 1.33
                }
              ]
            },
            "spreads": [
              {
                "handicap": -1.5,
                "home": 3.2,
                "away": 1.32
              },
              {
                "handicap": -2,
                "home": 4.6,
                "away": 1.18
              },
              {
                "handicap": -2.5,
                "home": 5,
                "away": 1.15
              },
              {
                "handicap": 0,
                "home": 1.88,
                "away": 1.88
              }
            ]
          }
        },
        {
          "home": "Автомобилист",
          "away": "Адмирал",
          "start_utc": "2025-12-21T12:30:00Z",
          "markets": {
            "ml": {
              "HOME": 1.37,
              "AWAY": 3.1
            },
            "1x2_60": {
              "P1": 1.65,
              "X": 4.4,
              "P2": 4.6
            },
            "double_chance_60": {
              "1X": 1.2,
              "X2": 2.25
            },
            "totals_goals": [
              {
                "line": 3.5,
                "over": 1.23,
                "under": 3.9
              },
              {
                "line": 4,
                "over": 1.3,
                "under": 3.3
              },
              {
                "line": 4.5,
                "over": 1.57,
                "under": 2.3
              },
              {
                "line": 5,
                "over": 1.8,
                "under": 1.95
              },
              {
                "line": 5.5,
                "over": 2.15,
                "under": 1.7
              },
              {
                "line": 6,
                "over": 2.75,
                "under": 1.43
              },
              {
                "line": 6.5,
                "over": 3.2,
                "under": 1.32
              },
              {
                "line": 7,
                "over": 4.5,
                "under": 1.19
              },
              {
                "line": 7.5,
                "over": 4.9,
                "under": 1.16
              }
            ],
            "period_totals": {
              "1": [
                {
                  "line": 0.5,
                  "over": 1.19,
                  "under": 4.15
                },
                {
                  "line": 1,
                  "over": 1.35,
                  "under": 2.95
                },
                {
                  "line": 1.5,
                  "over": 1.95,
                  "under": 1.75
                },
                {
                  "line": 2,
                  "over": 3,
                  "under": 1.35
                },
                {
                  "line": 2.5,
                  "over": 3.9,
                  "under": 1.2
                }
              ],
              "2": [
                {
                  "line": 1,
                  "over": 1.22,
                  "under": 3.8
                },
                {
                  "line": 1.5,
                  "over": 1.7,
                  "under": 2.02
                },
                {
                  "line": 2,
                  "over": 2.35,
                  "under": 1.53
                },
                {
                  "line": 2.5,
                  "over": 3.1,
                  "under": 1.32
                }
              ],
              "3": [
                {
                  "line": 1,
                  "over": 1.2,
                  "under": 3.95
                },
                {
                  "line": 1.5,
                  "over": 1.65,
                  "under": 2.1
                },
                {
                  "line": 2,
                  "over": 2.25,
                  "under": 1.55
                },
                {
                  "line": 2.5,
                  "over": 3,
                  "under": 1.35
                }
              ]
            },
            "spreads": [
              {
                "handicap": -2.5,
                "home": 2.95,
                "away": 1.37
              },
              {
                "handicap": -3,
                "home": 4.9,
                "away": 1.16
              },
              {
                "handicap": 0,
                "home": 1.3,
                "away": 3.4
              }
            ]
          }
        },
        {
          "home": "Динамо Минск",
          "away": "Лада",
          "start_utc": "2025-12-21T14:10:00Z",
          "markets": {
            "ml": {
              "HOME": 1.23,
              "AWAY": 4.2
            },
            "1x2_60": {
              "P1": 1.4
            },
            "double_chance_60": {
              "1X": 1.12,
              "X2": 2.95
            },
            "totals_goals": [
              {
                "line": 3.5,
                "over": 1.2,
                "under": 4.15
              },
              {
                "line": 4,
                "over": 1.27,
                "under": 3.55
              },
              {
                "line": 4.5,
                "over": 1.5,
                "under": 2.45
              },
              {
                "line": 5,
                "over": 1.7,
                "under": 2.1
              },
              {
                "line": 5.5,
                "over": 2.05,
                "under": 1.77
              },
              {
                "line": 6,
                "over": 2.55,
                "under": 1.5
              },
              {
                "line": 6.5,
                "over": 2.95,
                "under": 1.37
              },
              {
                "line": 7,
                "over": 4.1,
                "under": 1.22
              },
              {
                "line": 7.5,
                "over": 4.6,
                "under": 1.18
              }
            ],
            "period_totals": {
              "1": [
                {
                  "line": 0.5,
                  "over": 1.18,
                  "under": 4.3
                },
                {
                  "line": 1,
                  "over": 1.32,
                  "under": 3.1
                },
                {
                  "line": 1.5,
                  "over": 1.9,
                  "under": 1.8
                },
                {
                  "line": 2,
                  "over": 2.85,
                  "under": 1.37
                },
                {
                  "line": 2.5,
                  "over": 3.75,
                  "under": 1.23
                }
              ],
              "2": [
                {
                  "line": 1,
                  "over": 1.2,
                  "under": 4
                },
                {
                  "line": 1.5,
                  "over": 1.65,
                  "under": 2.1
                },
                {
                  "line": 2,
                  "over": 2.25,
                  "under": 1.58
                },
                {
                  "line": 2.5,
                  "over": 2.95,
                  "under": 1.35
                }
              ],
              "3": [
                {
                  "line": 1,
                  "over": 1.19,
                  "under": 4.15
                },
                {
                  "line": 1.5,
                  "over": 1.62,
                  "under": 2.15
                },
                {
                  "line": 2,
                  "over": 2.18,
                  "under": 1.61
                },
                {
                  "line": 2.5,
                  "over": 2.9,
                  "under": 1.35
                },
                {
                  "line": 3,
                  "over": 5,
                  "under": 1.13
                }
              ]
            },
            "spreads": [
              {
                "handicap": -2.5,
                "home": 2.45,
                "away": 1.5
              },
              {
                "handicap": -3,
                "home": 3.9,
                "away": 1.25
              },
              {
                "handicap": -3.5,
                "home": 4.6,
                "away": 1.18
              },
              {
                "handicap": 0,
                "home": 1.16,
                "away": 4.8
              }
            ]
          }
        }
      ]
    }
  ]
}