{
  "bookmaker": "fonbet",
  "generated_at_utc": "2025-12-04T11:16:10Z",
  "version": 1,
  "days": [
    {
      "date": "2025-12-04",
      "league": "KHL",
      "games": [
        {
          "home": "Амур",
          "away": "Локомотив Ярославль",
          "start_utc": "2025-12-04T09:15:00Z",
          "markets": {
            "ml": {
              "AWAY": 1.08
            },
            "1x2_60": {
              "P2": 1.2
            },
            "double_chance_60": {
              "1X": 4.05
            },
            "sog_match": [
              {
                "line": 49.5,
                "over": 1.65,
                "under": 2.1
              }
            ]
          }
        },
        {
          "home": "Адмирал",
          "away": "СКА",
          "start_utc": "2025-12-04T09:30:00Z",
          "markets": {
            "ml": {
              "HOME": 2.1,
              "AWAY": 1.75
            },
            "1x2_60": {
              "P1": 3.75,
              "X": 2.35,
              "P2": 2.75
            },
            "double_chance_60": {
              "1X": 1.4,
              "X2": 1.23
            },
            "totals_goals": [
              {
                "line": 3.5,
                "over": 1.82,
                "under": 1.98
              },
              {
                "line": 4.5,
                "over": 4.3,
                "under": 1.22
              }
            ],
            "sog_match": [
              {
                "line": 71.5,
                "over": 1.83,
                "under": 1.87
              }
            ],
            "spreads": [
              {
                "handicap": 0,
                "home": 2.18,
                "away": 1.65
              }
            ]
          }
        },
        {
          "home": "Авангард",
          "away": "ХК Сочи",
          "start_utc": "2025-12-04T13:30:00Z",
          "markets": {
            "ml": {
              "HOME": 1.17
            },
            "1x2_60": {
              "P1": 1.3
            },
            "double_chance_60": {
              "1X": 1.08,
              "X2": 3.55
            },
            "totals_goals": [
              {
                "line": 3.5,
                "over": 1.12,
                "under": 1.38
              },
              {
                "line": 4,
                "over": 1.15,
                "under": 5
              },
              {
                "line": 4.5,
                "over": 1.32,
                "under": 3.25
              },
              {
                "line": 5,
                "over": 1.42,
                "under": 2.8
              },
              {
                "line": 5.5,
                "over": 1.68,
                "under": 2.2
              },
              {
                "line": 6,
                "over": 1.93,
                "under": 1.82
              },
              {
                "line": 6.5,
                "over": 2.3,
                "under": 1.6
              },
              {
                "line": 7,
                "over": 2.9,
                "under": 1.4
              },
              {
                "line": 7.5,
                "over": 3.3,
                "under": 1.3
              }
            ],
            "sog_match": [
              {
                "line": 61.5,
                "over": 1.73,
                "under": 1.99
              },
              {
                "line": 62.5,
                "over": 1.85,
                "under": 1.85
              },
              {
                "line": 63.5,
                "over": 2,
                "under": 1.72
              }
            ],
            "sog_1x2": {
              "P1": 1.08
            },
            "period_totals": {
              "1": [
                {
                  "line": 0.5,
                  "over": 1.14,
                  "under": 5
                },
                {
                  "line": 1,
                  "over": 1.23,
                  "under": 3.75
                },
                {
                  "line": 1.5,
                  "over": 1.7,
                  "under": 2.02
                },
                {
                  "line": 2,
                  "over": 2.4,
                  "under": 1.5
                },
                {
                  "line": 2.5,
                  "over": 3.15,
                  "under": 1.3
                }
              ],
              "2": [
                {
                  "line": 1.5,
                  "over": 1.5,
                  "under": 2.4
                },
                {
                  "line": 2,
                  "over": 1.9,
                  "under": 1.8
                },
                {
                  "line": 2.5,
                  "over": 2.55,
                  "under": 1.45
                },
                {
                  "line": 3,
                  "over": 4.1,
                  "under": 1.19
                },
                {
                  "line": 3.5,
                  "over": 4.9,
                  "under": 1.14
                }
              ],
              "3": [
                {
                  "line": 1.5,
                  "over": 1.48,
                  "under": 2.45
                },
                {
                  "line": 2,
                  "over": 1.85,
                  "under": 1.85
                },
                {
                  "line": 2.5,
                  "over": 2.45,
                  "under": 1.48
                },
                {
                  "line": 3,
                  "over": 3.95,
                  "under": 1.2
                },
                {
                  "line": 3.5,
                  "over": 4.7,
                  "under": 1.15
                }
              ]
            },
            "spreads": [
              {
                "handicap": -3.5,
                "home": 2.9,
                "away": 1.38
              },
              {
                "handicap": -4,
                "home": 4,
                "away": 1.22
              },
              {
                "handicap": -4.5,
                "home": 4.5,
                "away": 1.19
              }
            ]
          }
        }
      ]
    },
    {
      "date": "2025-12-05",
      "league": "KHL",
      "games": [
        {
          "home": "Салават Юлаев",
          "away": "Ак Барс",
          "start_utc": "2025-12-05T14:00:00Z",
          "markets": {
            "ml": {
              "HOME": 2.4,
              "AWAY": 1.57
            },
            "1x2_60": {
              "P1": 3.3,
              "X": 4.3,
              "P2": 1.95
            },
            "double_chance_60": {
              "1X": 1.85,
              "X2": 1.33
            },
            "totals_goals": [
              {
                "line": 3.5,
                "over": 1.23,
                "under": 3.9
              },
              {
                "line": 4,
                "over": 1.3,
                "under": 3.3
              },
              {
                "line": 4.5,
                "over": 1.57,
                "under": 2.35
              },
              {
                "line": 5,
                "over": 1.78,
                "under": 1.98
              },
              {
                "line": 5.5,
                "over": 2.15,
                "under": 1.7
              },
              {
                "line": 6,
                "over": 2.7,
                "under": 1.43
              },
              {
                "line": 6.5,
                "over": 3.2,
                "under": 1.33
              },
              {
                "line": 7,
                "over": 4.5,
                "under": 1.19
              },
              {
                "line": 7.5,
                "over": 4.9,
                "under": 1.16
              }
            ],
            "period_totals": {
              "1": [
                {
                  "line": 0.5,
                  "over": 1.19,
                  "under": 4.1
                },
                {
                  "line": 1,
                  "over": 1.35,
                  "under": 2.95
                },
                {
                  "line": 1.5,
                  "over": 1.95,
                  "under": 1.75
                },
                {
                  "line": 2,
                  "over": 3,
                  "under": 1.33
                },
                {
                  "line": 2.5,
                  "over": 3.9,
                  "under": 1.2
                }
              ],
              "2": [
                {
                  "line": 1,
                  "over": 1.22,
                  "under": 3.8
                },
                {
                  "line": 1.5,
                  "over": 1.7,
                  "under": 2.02
                },
                {
                  "line": 2,
                  "over": 2.35,
                  "under": 1.53
                },
                {
                  "line": 2.5,
                  "over": 3.1,
                  "under": 1.32
                }
              ],
              "3": [
                {
                  "line": 1,
                  "over": 1.2,
                  "under": 3.95
                },
                {
                  "line": 1.5,
                  "over": 1.65,
                  "under": 2.1
                },
                {
                  "line": 2,
                  "over": 2.3,
                  "under": 1.55
                },
                {
                  "line": 2.5,
                  "over": 3,
                  "under": 1.33
                }
              ]
            },
            "spreads": [
              {
                "handicap": -1.5,
                "home": 4.5,
                "away": 1.18
              },
              {
                "handicap": -2,
                "home": 3.2,
                "away": 1.33
              },
              {
                "handicap": 0,
                "home": 2.5,
                "away": 1.5
              }
            ]
          }
        },
        {
          "home": "Автомобилист",
          "away": "Северсталь",
          "start_utc": "2025-12-05T14:00:00Z",
          "markets": {
            "ml": {
              "HOME": 1.68,
              "AWAY": 2.2
            },
            "1x2_60": {
              "P1": 2.1,
              "X": 4.3,
              "P2": 2.9
            },
            "double_chance_60": {
              "1X": 1.4,
              "X2": 1.75
            },
            "totals_goals": [
              {
                "line": 3.5,
                "over": 1.22,
                "under": 4.05
              },
              {
                "line": 4,
                "over": 1.3,
                "under": 3.45
              },
              {
                "line": 4.5,
                "over": 1.55,
                "under": 2.4
              },
              {
                "line": 5,
                "over": 1.75,
                "under": 2
              },
              {
                "line": 5.5,
                "over": 2.1,
                "under": 1.75
              },
              {
                "line": 6,
                "over": 2.6,
                "under": 1.45
              },
              {
                "line": 6.5,
                "over": 3.05,
                "under": 1.35
              },
              {
                "line": 7,
                "over": 4.3,
                "under": 1.2
              },
              {
                "line": 7.5,
                "over": 4.7,
                "under": 1.17
              }
            ],
            "period_totals": {
              "1": [
                {
                  "line": 0.5,
                  "over": 1.19,
                  "under": 4.2
                },
                {
                  "line": 1,
                  "over": 1.33,
                  "under": 3
                },
                {
                  "line": 1.5,
                  "over": 1.92,
                  "under": 1.78
                },
                {
                  "line": 2,
                  "over": 2.95,
                  "under": 1.35
                },
                {
                  "line": 2.5,
                  "over": 3.8,
                  "under": 1.22
                }
              ],
              "2": [
                {
                  "line": 1,
                  "over": 1.2,
                  "under": 3.9
                },
                {
                  "line": 1.5,
                  "over": 1.67,
                  "under": 2.07
                },
                {
                  "line": 2,
                  "over": 2.3,
                  "under": 1.55
                },
                {
                  "line": 2.5,
                  "over": 3.05,
                  "under": 1.33
                }
              ],
              "3": [
                {
                  "line": 1,
                  "over": 1.2,
                  "under": 4.05
                },
                {
                  "line": 1.5,
                  "over": 1.65,
                  "under": 2.1
                },
                {
                  "line": 2,
                  "over": 2.25,
                  "under": 1.58
                },
                {
                  "line": 2.5,
                  "over": 2.95,
                  "under": 1.35
                }
              ]
            },
            "spreads": [
              {
                "handicap": -1.5,
                "home": 2.7,
                "away": 1.45
              },
              {
                "handicap": -2,
                "home": 3.6,
                "away": 1.27
              },
              {
                "handicap": -2.5,
                "home": 4.05,
                "away": 1.22
              },
              {
                "handicap": 0,
                "home": 1.62,
                "away": 2.2
              }
            ]
          }
        },
        {
          "home": "Трактор",
          "away": "ЦСКА",
          "start_utc": "2025-12-05T14:00:00Z",
          "markets": {
            "ml": {
              "HOME": 1.68,
              "AWAY": 2.2
            },
            "1x2_60": {
              "P1": 2.1,
              "X": 4.3,
              "P2": 2.9
            },
            "double_chance_60": {
              "1X": 1.4,
              "X2": 1.75
            },
            "totals_goals": [
              {
                "line": 3.5,
                "over": 1.22,
                "under": 4.05
              },
              {
                "line": 4,
                "over": 1.3,
                "under": 3.45
              },
              {
                "line": 4.5,
                "over": 1.55,
                "under": 2.4
              },
              {
                "line": 5,
                "over": 1.75,
                "under": 2
              },
              {
                "line": 5.5,
                "over": 2.1,
                "under": 1.75
              },
              {
                "line": 6,
                "over": 2.6,
                "under": 1.45
              },
              {
                "line": 6.5,
                "over": 3.05,
                "under": 1.35
              },
              {
                "line": 7,
                "over": 4.3,
                "under": 1.2
              },
              {
                "line": 7.5,
                "over": 4.7,
                "under": 1.17
              }
            ],
            "period_totals": {
              "1": [
                {
                  "line": 0.5,
                  "over": 1.19,
                  "under": 4.2
                },
                {
                  "line": 1,
                  "over": 1.33,
                  "under": 3
                },
                {
                  "line": 1.5,
                  "over": 1.92,
                  "under": 1.78
                },
                {
                  "line": 2,
                  "over": 2.95,
                  "under": 1.35
                },
                {
                  "line": 2.5,
                  "over": 3.8,
                  "under": 1.22
                }
              ],
              "2": [
                {
                  "line": 1,
                  "over": 1.2,
                  "under": 3.9
                },
                {
                  "line": 1.5,
                  "over": 1.67,
                  "under": 2.07
                },
                {
                  "line": 2,
                  "over": 2.3,
                  "under": 1.55
                },
                {
                  "line": 2.5,
                  "over": 3.05,
                  "under": 1.33
                }
              ],
              "3": [
                {
                  "line": 1,
                  "over": 1.2,
                  "under": 4.05
                },
                {
                  "line": 1.5,
                  "over": 1.65,
                  "under": 2.1
                },
                {
                  "line": 2,
                  "over": 2.25,
                  "under": 1.58
                },
                {
                  "line": 2.5,
                  "over": 2.95,
                  "under": 1.35
                }
              ]
            },
            "spreads": [
              {
                "handicap": -1.5,
                "home": 2.7,
                "away": 1.45
              },
              {
                "handicap": -2,
                "home": 3.6,
                "away": 1.27
              },
              {
                "handicap": -2.5,
                "home": 4.05,
                "away": 1.22
              },
              {
                "handicap": 0,
                "home": 1.62,
                "away": 2.2
              }
            ]
          }
        },
        {
          "home": "Барыс",
          "away": "Спартак",
          "start_utc": "2025-12-05T14:30:00Z",
          "markets": {
            "ml": {
              "HOME": 2.55,
              "AWAY": 1.52
            },
            "1x2_60": {
              "P1": 3.5,
              "X": 4.4,
              "P2": 1.85
            },
            "double_chance_60": {
              "1X": 1.95,
              "X2": 1.3
            },
            "totals_goals": [
              {
                "line": 3.5,
                "over": 1.18,
                "under": 4.6
              },
              {
                "line": 4,
                "over": 1.23,
                "under": 4
              },
              {
                "line": 4.5,
                "over": 1.45,
                "under": 2.65
              },
              {
                "line": 5,
                "over": 1.6,
                "under": 2.25
              },
              {
                "line": 5.5,
                "over": 1.9,
                "under": 1.9
              },
              {
                "line": 6,
                "over": 2.3,
                "under": 1.58
              },
              {
                "line": 6.5,
                "over": 2.75,
                "under": 1.43
              },
              {
                "line": 7,
                "over": 3.65,
                "under": 1.25
              },
              {
                "line": 7.5,
                "over": 4.1,
                "under": 1.22
              }
            ],
            "period_totals": {
              "1": [
                {
                  "line": 0.5,
                  "over": 1.17,
                  "under": 4.5
                },
                {
                  "line": 1,
                  "over": 1.3,
                  "under": 3.3
                },
                {
                  "line": 1.5,
                  "over": 1.83,
                  "under": 1.87
                },
                {
                  "line": 2,
                  "over": 2.7,
                  "under": 1.4
                },
                {
                  "line": 2.5,
                  "over": 3.5,
                  "under": 1.25
                }
              ],
              "2": [
                {
                  "line": 1,
                  "over": 1.18,
                  "under": 4.3
                },
                {
                  "line": 1.5,
                  "over": 1.6,
                  "under": 2.2
                },
                {
                  "line": 2,
                  "over": 2.12,
                  "under": 1.64
                },
                {
                  "line": 2.5,
                  "over": 2.8,
                  "under": 1.38
                },
                {
                  "line": 3,
                  "over": 4.8,
                  "under": 1.14
                }
              ],
              "3": [
                {
                  "line": 1,
                  "over": 1.17,
                  "under": 4.4
                },
                {
                  "line": 1.5,
                  "over": 1.57,
                  "under": 2.25
                },
                {
                  "line": 2,
                  "over": 2.05,
                  "under": 1.68
                },
                {
                  "line": 2.5,
                  "over": 2.75,
                  "under": 1.4
                },
                {
                  "line": 3,
                  "over": 4.6,
                  "under": 1.16
                }
              ]
            },
            "spreads": [
              {
                "handicap": -1.5,
                "home": 4.5,
                "away": 1.18
              },
              {
                "handicap": -2,
                "home": 3.05,
                "away": 1.35
              },
              {
                "handicap": 0,
                "home": 2.65,
                "away": 1.45
              }
            ]
          }
        },
        {
          "home": "Лада",
          "away": "Динамо Москва",
          "start_utc": "2025-12-05T15:00:00Z",
          "markets": {
            "ml": {
              "HOME": 2.75,
              "AWAY": 1.45
            },
            "1x2_60": {
              "P1": 3.9,
              "X": 4.4,
              "P2": 1.75
            },
            "double_chance_60": {
              "1X": 2.1,
              "X2": 1.25
            },
            "totals_goals": [
              {
                "line": 3.5,
                "over": 1.2,
                "under": 4.3
              },
              {
                "line": 4,
                "over": 1.25,
                "under": 3.65
              },
              {
                "line": 4.5,
                "over": 1.5,
                "under": 2.5
              },
              {
                "line": 5,
                "over": 1.67,
                "under": 2.13
              },
              {
                "line": 5.5,
                "over": 2,
                "under": 1.8
              },
              {
                "line": 6,
                "over": 2.5,
                "under": 1.5
              },
              {
                "line": 6.5,
                "over": 2.95,
                "under": 1.38
              },
              {
                "line": 7,
                "over": 4,
                "under": 1.23
              },
              {
                "line": 7.5,
                "over": 4.4,
                "under": 1.19
              }
            ],
            "period_totals": {
              "1": [
                {
                  "line": 0.5,
                  "over": 1.18,
                  "under": 4.3
                },
                {
                  "line": 1,
                  "over": 1.3,
                  "under": 3.15
                },
                {
                  "line": 1.5,
                  "over": 1.87,
                  "under": 1.83
                },
                {
                  "line": 2,
                  "over": 2.85,
                  "under": 1.37
                },
                {
                  "line": 2.5,
                  "over": 3.7,
                  "under": 1.25
                }
              ],
              "2": [
                {
                  "line": 1,
                  "over": 1.2,
                  "under": 4.05
                },
                {
                  "line": 1.5,
                  "over": 1.65,
                  "under": 2.1
                },
                {
                  "line": 2,
                  "over": 2.2,
                  "under": 1.6
                },
                {
                  "line": 2.5,
                  "over": 2.95,
                  "under": 1.35
                }
              ],
              "3": [
                {
                  "line": 1,
                  "over": 1.19,
                  "under": 4.2
                },
                {
                  "line": 1.5,
                  "over": 1.6,
                  "under": 2.2
                },
                {
                  "line": 2,
                  "over": 2.15,
                  "under": 1.62
                },
                {
                  "line": 2.5,
                  "over": 2.85,
                  "under": 1.37
                },
                {
                  "line": 3,
                  "over": 4.9,
                  "under": 1.14
                }
              ]
            },
            "spreads": [
              {
                "handicap": -2,
                "home": 2.8,
                "away": 1.4
              },
              {
                "handicap": 0,
                "home": 2.95,
                "away": 1.37
              }
            ]
          }
        }
      ]
    }
  ]
}