{
  "bookmaker": "fonbet",
  "generated_at_utc": "2025-11-23T11:35:34Z",
  "version": 1,
  "days": [
    {
      "date": "2025-11-23",
      "league": "KHL",
      "games": [
        {
          "home": "Нефтехимик",
          "away": "Салават Юлаев",
          "start_utc": "2025-11-23T11:00:00Z",
          "markets": {
            "ml": {
              "HOME": 1.38,
              "AWAY": 3.05
            },
            "1x2_60": {
              "P1": 1.62,
              "X": 4.6,
              "P2": 4.6
            },
            "double_chance_60": {
              "1X": 1.16,
              "X2": 2.15
            },
            "totals_goals": [
              {
                "line": 3.5,
                "over": 1.3,
                "under": 3.5
              },
              {
                "line": 4.5,
                "over": 1.78,
                "under": 2.05
              },
              {
                "line": 5.5,
                "over": 2.75,
                "under": 1.45
              }
            ],
            "sog_match": [
              {
                "line": 54.5,
                "over": 1.62,
                "under": 2.15
              },
              {
                "line": 55.5,
                "over": 1.77,
                "under": 1.94
              },
              {
                "line": 56.5,
                "over": 1.94,
                "under": 1.77
              }
            ],
            "sog_1x2": {
              "P1": 4.4,
              "P2": 1.23
            },
            "sog_double_chance": {
              "1X": 3.7,
              "X2": 1.17
            },
            "period_totals": {
              "2": [
                {
                  "line": 1.5,
                  "over": 1.7,
                  "under": 2.15
                },
                {
                  "line": 2.5,
                  "over": 3.2,
                  "under": 1.35
                }
              ],
              "3": [
                {
                  "line": 1.5,
                  "over": 1.6,
                  "under": 2.3
                },
                {
                  "line": 2.5,
                  "over": 3.05,
                  "under": 1.38
                }
              ]
            },
            "spreads": [
              {
                "handicap": -2.5,
                "home": 3.65,
                "away": 1.25
              },
              {
                "handicap": 0,
                "home": 1.3,
                "away": 3.45
              }
            ]
          }
        },
        {
          "home": "Барыс",
          "away": "Авангард",
          "start_utc": "2025-11-23T12:00:00Z",
          "markets": {
            "ml": {
              "HOME": 3.2,
              "AWAY": 1.35
            },
            "1x2_60": {
              "P1": 4.7,
              "X": 4.6,
              "P2": 1.6
            },
            "double_chance_60": {
              "1X": 2.35,
              "X2": 1.19
            },
            "totals_goals": [
              {
                "line": 3.5,
                "over": 1.19,
                "under": 4.5
              },
              {
                "line": 4,
                "over": 1.25,
                "under": 3.8
              },
              {
                "line": 4.5,
                "over": 1.47,
                "under": 2.6
              },
              {
                "line": 5,
                "over": 1.63,
                "under": 2.2
              },
              {
                "line": 5.5,
                "over": 1.95,
                "under": 1.85
              },
              {
                "line": 6,
                "over": 2.4,
                "under": 1.55
              },
              {
                "line": 6.5,
                "over": 2.8,
                "under": 1.4
              },
              {
                "line": 7,
                "over": 3.8,
                "under": 1.25
              },
              {
                "line": 7.5,
                "over": 4.2,
                "under": 1.2
              }
            ],
            "sog_match": [
              {
                "line": 63.5,
                "over": 1.73,
                "under": 1.99
              },
              {
                "line": 64.5,
                "over": 1.87,
                "under": 1.83
              },
              {
                "line": 65.5,
                "over": 2.03,
                "under": 1.7
              }
            ],
            "sog_1x2": {
              "P1": 3.1,
              "P2": 1.35
            },
            "sog_double_chance": {
              "1X": 2.95,
              "X2": 1.32
            },
            "period_totals": {
              "1": [
                {
                  "line": 0.5,
                  "over": 1.17,
                  "under": 4.4
                },
                {
                  "line": 1.5,
                  "over": 1.85,
                  "under": 1.85
                },
                {
                  "line": 2.5,
                  "over": 3.6,
                  "under": 1.25
                }
              ],
              "2": [
                {
                  "line": 1.5,
                  "over": 1.6,
                  "under": 2.2
                },
                {
                  "line": 2.5,
                  "over": 2.85,
                  "under": 1.37
                }
              ],
              "3": [
                {
                  "line": 1.5,
                  "over": 1.6,
                  "under": 2.2
                },
                {
                  "line": 2.5,
                  "over": 2.8,
                  "under": 1.38
                }
              ]
            },
            "spreads": [
              {
                "handicap": -3,
                "home": 4.5,
                "away": 1.18
              },
              {
                "handicap": 0,
                "home": 3.55,
                "away": 1.27
              }
            ]
          }
        },
        {
          "home": "Шанхай Дрэгонс",
          "away": "Ак Барс",
          "start_utc": "2025-11-23T14:00:00Z",
          "markets": {
            "ml": {
              "HOME": 2.35,
              "AWAY": 1.6
            },
            "1x2_60": {
              "P1": 3.25,
              "X": 4.3,
              "P2": 2
            },
            "double_chance_60": {
              "1X": 1.8,
              "X2": 1.35
            },
            "totals_goals": [
              {
                "line": 3.5,
                "over": 1.2,
                "under": 4.3
              },
              {
                "line": 4,
                "over": 1.25,
                "under": 3.65
              },
              {
                "line": 4.5,
                "over": 1.5,
                "under": 2.5
              },
              {
                "line": 5,
                "over": 1.68,
                "under": 2.13
              },
              {
                "line": 5.5,
                "over": 2,
                "under": 1.8
              },
              {
                "line": 6,
                "over": 2.5,
                "under": 1.5
              },
              {
                "line": 6.5,
                "over": 2.95,
                "under": 1.38
              },
              {
                "line": 7,
                "over": 4,
                "under": 1.22
              },
              {
                "line": 7.5,
                "over": 4.4,
                "under": 1.19
              }
            ],
            "sog_match": [
              {
                "line": 60.5,
                "over": 1.72,
                "under": 2
              },
              {
                "line": 61.5,
                "over": 1.85,
                "under": 1.85
              },
              {
                "line": 62.5,
                "over": 2,
                "under": 1.72
              }
            ],
            "sog_1x2": {
              "P1": 4.9,
              "P2": 1.15
            },
            "sog_double_chance": {
              "1X": 4.7,
              "X2": 1.14
            },
            "period_totals": {
              "1": [
                {
                  "line": 0.5,
                  "over": 1.18,
                  "under": 4.3
                },
                {
                  "line": 1.5,
                  "over": 1.88,
                  "under": 1.82
                },
                {
                  "line": 2.5,
                  "over": 3.7,
                  "under": 1.23
                }
              ],
              "2": [
                {
                  "line": 1.5,
                  "over": 1.65,
                  "under": 2.1
                },
                {
                  "line": 2.5,
                  "over": 2.95,
                  "under": 1.35
                }
              ],
              "3": [
                {
                  "line": 1.5,
                  "over": 1.6,
                  "under": 2.2
                },
                {
                  "line": 2.5,
                  "over": 2.85,
                  "under": 1.37
                }
              ]
            },
            "spreads": [
              {
                "handicap": -1.5,
                "home": 4.3,
                "away": 1.2
              },
              {
                "handicap": -2,
                "home": 3.35,
                "away": 1.3
              },
              {
                "handicap": 0,
                "home": 2.4,
                "away": 1.53
              }
            ]
          }
        },
        {
          "home": "Северсталь",
          "away": "Лада",
          "start_utc": "2025-11-23T14:00:00Z",
          "markets": {
            "ml": {
              "HOME": 1.28,
              "AWAY": 3.7
            },
            "1x2_60": {
              "P1": 1.5,
              "X": 4.8
            },
            "double_chance_60": {
              "1X": 1.14,
              "X2": 2.6
            },
            "totals_goals": [
              {
                "line": 3.5,
                "over": 1.19,
                "under": 4.5
              },
              {
                "line": 4,
                "over": 1.25,
                "under": 3.8
              },
              {
                "line": 4.5,
                "over": 1.47,
                "under": 2.55
              },
              {
                "line": 5,
                "over": 1.65,
                "under": 2.2
              },
              {
                "line": 5.5,
                "over": 1.95,
                "under": 1.85
              },
              {
                "line": 6,
                "over": 2.4,
                "under": 1.55
              },
              {
                "line": 6.5,
                "over": 2.8,
                "under": 1.4
              },
              {
                "line": 7,
                "over": 3.8,
                "under": 1.25
              },
              {
                "line": 7.5,
                "over": 4.2,
                "under": 1.2
              }
            ],
            "sog_match": [
              {
                "line": 57.5,
                "over": 1.72,
                "under": 2
              },
              {
                "line": 58.5,
                "over": 1.85,
                "under": 1.85
              },
              {
                "line": 59.5,
                "over": 2,
                "under": 1.72
              }
            ],
            "period_totals": {
              "1": [
                {
                  "line": 0.5,
                  "over": 1.17,
                  "under": 4.4
                },
                {
                  "line": 1.5,
                  "over": 1.85,
                  "under": 1.85
                },
                {
                  "line": 2.5,
                  "over": 3.6,
                  "under": 1.25
                }
              ],
              "2": [
                {
                  "line": 1.5,
                  "over": 1.6,
                  "under": 2.2
                },
                {
                  "line": 2.5,
                  "over": 2.85,
                  "under": 1.37
                }
              ],
              "3": [
                {
                  "line": 1.5,
                  "over": 1.6,
                  "under": 2.2
                },
                {
                  "line": 2.5,
                  "over": 2.8,
                  "under": 1.38
                }
              ]
            },
            "spreads": [
              {
                "handicap": -2.5,
                "home": 2.65,
                "away": 1.45
              },
              {
                "handicap": -3,
                "home": 4.2,
                "away": 1.2
              },
              {
                "handicap": -3.5,
                "home": 4.9,
                "away": 1.16
              },
              {
                "handicap": 0,
                "home": 1.2,
                "away": 4.2
              }
            ]
          }
        }
      ]
    }
  ]
}