{
  "bookmaker": "fonbet",
  "generated_at_utc": "2025-11-25T03:02:03Z",
  "version": 1,
  "days": [
    {
      "date": "2025-11-26",
      "league": "KHL",
      "games": [
        {
          "home": "Нефтехимик",
          "away": "Авангард",
          "start_utc": "2025-11-25T16:00:00Z",
          "markets": {
            "ml": {
              "HOME": 2.55,
              "AWAY": 1.52
            },
            "1x2_60": {
              "P1": 3.5,
              "X": 4.3,
              "P2": 1.85
            },
            "double_chance_60": {
              "1X": 1.95,
              "X2": 1.3
            },
            "totals_goals": [
              {
                "line": 3.5,
                "over": 1.18,
                "under": 4.6
              },
              {
                "line": 4,
                "over": 1.23,
                "under": 4
              },
              {
                "line": 4.5,
                "over": 1.45,
                "under": 2.65
              },
              {
                "line": 5,
                "over": 1.6,
                "under": 2.3
              },
              {
                "line": 5.5,
                "over": 1.9,
                "under": 1.9
              },
              {
                "line": 6,
                "over": 2.3,
                "under": 1.58
              },
              {
                "line": 6.5,
                "over": 2.75,
                "under": 1.43
              },
              {
                "line": 7,
                "over": 3.65,
                "under": 1.25
              },
              {
                "line": 7.5,
                "over": 4.1,
                "under": 1.22
              }
            ],
            "period_totals": {
              "1": [
                {
                  "line": 0.5,
                  "over": 1.16,
                  "under": 4.5
                },
                {
                  "line": 1,
                  "over": 1.3,
                  "under": 3.3
                },
                {
                  "line": 1.5,
                  "over": 1.82,
                  "under": 1.88
                },
                {
                  "line": 2,
                  "over": 2.7,
                  "under": 1.4
                },
                {
                  "line": 2.5,
                  "over": 3.5,
                  "under": 1.25
                }
              ],
              "2": [
                {
                  "line": 1,
                  "over": 1.18,
                  "under": 4.3
                },
                {
                  "line": 1.5,
                  "over": 1.6,
                  "under": 2.2
                },
                {
                  "line": 2,
                  "over": 2.1,
                  "under": 1.65
                },
                {
                  "line": 2.5,
                  "over": 2.8,
                  "under": 1.38
                },
                {
                  "line": 3,
                  "over": 4.8,
                  "under": 1.15
                }
              ],
              "3": [
                {
                  "line": 1,
                  "over": 1.17,
                  "under": 4.4
                },
                {
                  "line": 1.5,
                  "over": 1.57,
                  "under": 2.25
                },
                {
                  "line": 2,
                  "over": 2.05,
                  "under": 1.68
                },
                {
                  "line": 2.5,
                  "over": 2.75,
                  "under": 1.4
                },
                {
                  "line": 3,
                  "over": 4.6,
                  "under": 1.16
                }
              ]
            },
            "spreads": [
              {
                "handicap": -1.5,
                "home": 4.6,
                "away": 1.18
              },
              {
                "handicap": -2,
                "home": 3.05,
                "away": 1.35
              },
              {
                "handicap": 0,
                "home": 2.65,
                "away": 1.45
              }
            ]
          }
        },
        {
          "home": "Спартак",
          "away": "Ак Барс",
          "start_utc": "2025-11-25T16:30:00Z",
          "markets": {
            "ml": {
              "HOME": 2.03,
              "AWAY": 1.8
            },
            "1x2_60": {
              "P1": 2.7,
              "X": 4.05,
              "P2": 2.3
            },
            "double_chance_60": {
              "1X": 1.62,
              "X2": 1.47
            },
            "totals_goals": [
              {
                "line": 3.5,
                "over": 1.16,
                "under": 4.8
              },
              {
                "line": 4,
                "over": 1.2,
                "under": 4.15
              },
              {
                "line": 4.5,
                "over": 1.43,
                "under": 2.75
              },
              {
                "line": 5,
                "over": 1.55,
                "under": 2.35
              },
              {
                "line": 5.5,
                "over": 1.85,
                "under": 1.95
              },
              {
                "line": 6,
                "over": 2.25,
                "under": 1.6
              },
              {
                "line": 6.5,
                "over": 2.65,
                "under": 1.45
              },
              {
                "line": 7,
                "over": 3.5,
                "under": 1.28
              },
              {
                "line": 7.5,
                "over": 3.9,
                "under": 1.23
              }
            ],
            "period_totals": {
              "1": [
                {
                  "line": 0.5,
                  "over": 1.16,
                  "under": 4.6
                },
                {
                  "line": 1,
                  "over": 1.28,
                  "under": 3.35
                },
                {
                  "line": 1.5,
                  "over": 1.8,
                  "under": 1.9
                },
                {
                  "line": 2,
                  "over": 2.65,
                  "under": 1.43
                },
                {
                  "line": 2.5,
                  "over": 3.45,
                  "under": 1.25
                }
              ],
              "2": [
                {
                  "line": 1,
                  "over": 1.17,
                  "under": 4.4
                },
                {
                  "line": 1.5,
                  "over": 1.58,
                  "under": 2.25
                },
                {
                  "line": 2,
                  "over": 2.07,
                  "under": 1.67
                },
                {
                  "line": 2.5,
                  "over": 2.75,
                  "under": 1.4
                },
                {
                  "line": 3,
                  "over": 4.7,
                  "under": 1.15
                }
              ],
              "3": [
                {
                  "line": 1,
                  "over": 1.16,
                  "under": 4.6
                },
                {
                  "line": 1.5,
                  "over": 1.55,
                  "under": 2.3
                },
                {
                  "line": 2,
                  "over": 2.02,
                  "under": 1.7
                },
                {
                  "line": 2.5,
                  "over": 2.7,
                  "under": 1.4
                },
                {
                  "line": 3,
                  "over": 4.5,
                  "under": 1.16
                }
              ]
            },
            "spreads": [
              {
                "handicap": -1.5,
                "home": 3.5,
                "away": 1.28
              },
              {
                "handicap": -2,
                "home": 4.7,
                "away": 1.17
              },
              {
                "handicap": 0,
                "home": 2.03,
                "away": 1.75
              }
            ]
          }
        },
        {
          "home": "ХК Сочи",
          "away": "Лада",
          "start_utc": "2025-11-25T16:30:00Z",
          "markets": {
            "ml": {
              "HOME": 1.8,
              "AWAY": 2
            },
            "1x2_60": {
              "P1": 2.3,
              "X": 4.2,
              "P2": 2.65
            },
            "double_chance_60": {
              "1X": 1.48,
              "X2": 1.62
            },
            "totals_goals": [
              {
                "line": 3.5,
                "over": 1.2,
                "under": 4.2
              },
              {
                "line": 4,
                "over": 1.27,
                "under": 3.55
              },
              {
                "line": 4.5,
                "over": 1.52,
                "under": 2.45
              },
              {
                "line": 5,
                "over": 1.7,
                "under": 2.1
              },
              {
                "line": 5.5,
                "over": 2.05,
                "under": 1.77
              },
              {
                "line": 6,
                "over": 2.55,
                "under": 1.5
              },
              {
                "line": 6.5,
                "over": 3,
                "under": 1.37
              },
              {
                "line": 7,
                "over": 4.1,
                "under": 1.2
              },
              {
                "line": 7.5,
                "over": 4.6,
                "under": 1.18
              }
            ],
            "period_totals": {
              "1": [
                {
                  "line": 0.5,
                  "over": 1.18,
                  "under": 4.3
                },
                {
                  "line": 1,
                  "over": 1.32,
                  "under": 3.1
                },
                {
                  "line": 1.5,
                  "over": 1.9,
                  "under": 1.8
                },
                {
                  "line": 2,
                  "over": 2.9,
                  "under": 1.35
                },
                {
                  "line": 2.5,
                  "over": 3.75,
                  "under": 1.23
                }
              ],
              "2": [
                {
                  "line": 1,
                  "over": 1.2,
                  "under": 4
                },
                {
                  "line": 1.5,
                  "over": 1.65,
                  "under": 2.1
                },
                {
                  "line": 2,
                  "over": 2.25,
                  "under": 1.57
                },
                {
                  "line": 2.5,
                  "over": 3,
                  "under": 1.35
                }
              ],
              "3": [
                {
                  "line": 1,
                  "over": 1.19,
                  "under": 4.1
                },
                {
                  "line": 1.5,
                  "over": 1.63,
                  "under": 2.15
                },
                {
                  "line": 2,
                  "over": 2.2,
                  "under": 1.6
                },
                {
                  "line": 2.5,
                  "over": 2.9,
                  "under": 1.35
                },
                {
                  "line": 3,
                  "over": 5,
                  "under": 1.13
                }
              ]
            },
            "spreads": [
              {
                "handicap": -1.5,
                "home": 3,
                "away": 1.37
              },
              {
                "handicap": -2,
                "home": 4.05,
                "away": 1.22
              },
              {
                "handicap": -2.5,
                "home": 4.5,
                "away": 1.18
              },
              {
                "handicap": 0,
                "home": 1.75,
                "away": 2
              }
            ]
          }
        },
        {
          "home": "Хозяева",
          "away": "Гости",
          "start_utc": "2025-11-25T16:00:00Z",
          "markets": {
            "1x2_60": {
              "P1": 2.4,
              "P2": 1.82
            },
            "double_chance_60": {
              "1X": 1.88,
              "X2": 1.5
            },
            "totals_goals": [
              {
                "line": 3.5,
                "over": 1.13,
                "under": 1.28
              }
            ],
            "period_totals": {
              "1": [
                {
                  "line": 1.5,
                  "over": 1.23,
                  "under": 1.3
                },
                {
                  "line": 2.5,
                  "over": 1.09,
                  "under": 1.13
                },
                {
                  "line": 3.5,
                  "over": 1.27,
                  "under": 3.4
                },
                {
                  "line": 4.5,
                  "over": 1.62,
                  "under": 2.15
                },
                {
                  "line": 5.5,
                  "over": 2.23,
                  "under": 1.58
                },
                {
                  "line": 6.5,
                  "over": 3.2,
                  "under": 1.3
                },
                {
                  "line": 7.5,
                  "over": 4.9,
                  "under": 1.14
                }
              ]
            },
            "spreads": [
              {
                "handicap": -1.5,
                "home": 2.9,
                "away": 1.35
              },
              {
                "handicap": -2.5,
                "home": 3.8,
                "away": 1.22
              },
              {
                "handicap": -3.5,
                "home": 3.3,
                "away": 1.28
              }
            ]
          }
        },
        {
          "home": "Адмирал",
          "away": "Амур",
          "start_utc": "2025-11-26T09:30:00Z",
          "markets": {
            "ml": {
              "HOME": 1.6,
              "AWAY": 2.3
            },
            "1x2_60": {
              "P1": 2,
              "X": 4.3,
              "P2": 3.13
            },
            "double_chance_60": {
              "1X": 1.35,
              "X2": 1.8
            },
            "totals_goals": [
              {
                "line": 3.5,
                "over": 1.22,
                "under": 4.05
              },
              {
                "line": 4,
                "over": 1.3,
                "under": 3.45
              },
              {
                "line": 4.5,
                "over": 1.55,
                "under": 2.4
              },
              {
                "line": 5,
                "over": 1.75,
                "under": 2
              },
              {
                "line": 5.5,
                "over": 2.1,
                "under": 1.75
              },
              {
                "line": 6,
                "over": 2.65,
                "under": 1.45
              },
              {
                "line": 6.5,
                "over": 3.1,
                "under": 1.35
              },
              {
                "line": 7,
                "over": 4.3,
                "under": 1.2
              },
              {
                "line": 7.5,
                "over": 4.7,
                "under": 1.17
              }
            ],
            "period_totals": {
              "1": [
                {
                  "line": 0.5,
                  "over": 1.19,
                  "under": 4.2
                },
                {
                  "line": 1,
                  "over": 1.35,
                  "under": 3
                },
                {
                  "line": 1.5,
                  "over": 1.92,
                  "under": 1.78
                },
                {
                  "line": 2,
                  "over": 2.95,
                  "under": 1.35
                },
                {
                  "line": 2.5,
                  "over": 3.8,
                  "under": 1.22
                }
              ],
              "2": [
                {
                  "line": 1,
                  "over": 1.2,
                  "under": 3.9
                },
                {
                  "line": 1.5,
                  "over": 1.67,
                  "under": 2.07
                },
                {
                  "line": 2,
                  "over": 2.3,
                  "under": 1.55
                },
                {
                  "line": 2.5,
                  "over": 3.05,
                  "under": 1.33
                }
              ],
              "3": [
                {
                  "line": 1,
                  "over": 1.2,
                  "under": 4.05
                },
                {
                  "line": 1.5,
                  "over": 1.65,
                  "under": 2.1
                },
                {
                  "line": 2,
                  "over": 2.25,
                  "under": 1.58
                },
                {
                  "line": 2.5,
                  "over": 2.95,
                  "under": 1.35
                }
              ]
            },
            "spreads": [
              {
                "handicap": -1.5,
                "home": 2.55,
                "away": 1.48
              },
              {
                "handicap": -2,
                "home": 3.4,
                "away": 1.3
              },
              {
                "handicap": -2.5,
                "home": 3.85,
                "away": 1.25
              },
              {
                "handicap": 0,
                "home": 1.55,
                "away": 2.4
              }
            ]
          }
        },
        {
          "home": "Трактор",
          "away": "Шанхай Дрэгонс",
          "start_utc": "2025-11-26T14:00:00Z",
          "markets": {
            "ml": {
              "HOME": 1.5,
              "AWAY": 2.55
            },
            "1x2_60": {
              "P1": 1.85,
              "X": 4.3,
              "P2": 3.59
            },
            "double_chance_60": {
              "1X": 1.3,
              "X2": 1.95
            },
            "totals_goals": [
              {
                "line": 3.5,
                "over": 1.16,
                "under": 4.8
              },
              {
                "line": 4,
                "over": 1.2,
                "under": 4.15
              },
              {
                "line": 4.5,
                "over": 1.42,
                "under": 2.75
              },
              {
                "line": 5,
                "over": 1.55,
                "under": 2.35
              },
              {
                "line": 5.5,
                "over": 1.85,
                "under": 1.95
              },
              {
                "line": 6,
                "over": 2.25,
                "under": 1.62
              },
              {
                "line": 6.5,
                "over": 2.65,
                "under": 1.45
              },
              {
                "line": 7,
                "over": 3.5,
                "under": 1.28
              },
              {
                "line": 7.5,
                "over": 3.9,
                "under": 1.23
              }
            ],
            "period_totals": {
              "1": [
                {
                  "line": 0.5,
                  "over": 1.16,
                  "under": 4.6
                },
                {
                  "line": 1,
                  "over": 1.27,
                  "under": 3.35
                },
                {
                  "line": 1.5,
                  "over": 1.8,
                  "under": 1.9
                },
                {
                  "line": 2,
                  "over": 2.6,
                  "under": 1.43
                },
                {
                  "line": 2.5,
                  "over": 3.45,
                  "under": 1.27
                }
              ],
              "2": [
                {
                  "line": 1,
                  "over": 1.17,
                  "under": 4.4
                },
                {
                  "line": 1.5,
                  "over": 1.58,
                  "under": 2.25
                },
                {
                  "line": 2,
                  "over": 2.07,
                  "under": 1.67
                },
                {
                  "line": 2.5,
                  "over": 2.75,
                  "under": 1.4
                },
                {
                  "line": 3,
                  "over": 4.7,
                  "under": 1.15
                }
              ],
              "3": [
                {
                  "line": 1,
                  "over": 1.16,
                  "under": 4.6
                },
                {
                  "line": 1.5,
                  "over": 1.55,
                  "under": 2.3
                },
                {
                  "line": 2,
                  "over": 2.02,
                  "under": 1.7
                },
                {
                  "line": 2.5,
                  "over": 2.7,
                  "under": 1.4
                },
                {
                  "line": 3,
                  "over": 4.5,
                  "under": 1.17
                }
              ]
            },
            "spreads": [
              {
                "handicap": -1.5,
                "home": 2.35,
                "away": 1.57
              },
              {
                "handicap": -2,
                "home": 3.05,
                "away": 1.35
              },
              {
                "handicap": -2.5,
                "home": 3.5,
                "away": 1.28
              },
              {
                "handicap": 0,
                "home": 1.45,
                "away": 2.7
              }
            ]
          }
        }
      ]
    }
  ]
}