{
  "bookmaker": "fonbet",
  "generated_at_utc": "2025-11-24T07:02:46Z",
  "version": 1,
  "days": [
    {
      "date": "2025-11-25",
      "league": "KHL",
      "games": [
        {
          "home": "Локомотив Ярославль",
          "away": "Сибирь",
          "start_utc": "2025-11-24T16:00:00Z",
          "markets": {
            "ml": {
              "HOME": 1.17,
              "AWAY": 5
            },
            "1x2_60": {
              "P1": 1.3
            },
            "double_chance_60": {
              "1X": 1.09,
              "X2": 3.55
            },
            "totals_goals": [
              {
                "line": 3.5,
                "over": 1.19,
                "under": 4.4
              },
              {
                "line": 4,
                "over": 1.25,
                "under": 3.85
              },
              {
                "line": 4.5,
                "over": 1.45,
                "under": 2.65
              },
              {
                "line": 5,
                "over": 1.62,
                "under": 2.2
              },
              {
                "line": 5.5,
                "over": 1.95,
                "under": 1.85
              },
              {
                "line": 6,
                "over": 2.35,
                "under": 1.55
              },
              {
                "line": 6.5,
                "over": 2.8,
                "under": 1.4
              },
              {
                "line": 7,
                "over": 3.8,
                "under": 1.25
              },
              {
                "line": 7.5,
                "over": 4.3,
                "under": 1.2
              }
            ],
            "period_totals": {
              "1": [
                {
                  "line": 0.5,
                  "over": 1.17,
                  "under": 4.4
                },
                {
                  "line": 1.5,
                  "over": 1.85,
                  "under": 1.85
                },
                {
                  "line": 2.5,
                  "over": 3.6,
                  "under": 1.25
                }
              ],
              "2": [
                {
                  "line": 1.5,
                  "over": 1.62,
                  "under": 2.15
                },
                {
                  "line": 2.5,
                  "over": 2.85,
                  "under": 1.35
                }
              ],
              "3": [
                {
                  "line": 1.5,
                  "over": 1.6,
                  "under": 2.2
                },
                {
                  "line": 2.5,
                  "over": 2.8,
                  "under": 1.38
                }
              ]
            },
            "spreads": [
              {
                "handicap": -3.5,
                "home": 3.2,
                "away": 1.33
              },
              {
                "handicap": -4,
                "home": 4.5,
                "away": 1.18
              },
              {
                "handicap": -4.5,
                "home": 5,
                "away": 1.15
              }
            ]
          }
        },
        {
          "home": "ЦСКА",
          "away": "СКА",
          "start_utc": "2025-11-24T16:30:00Z",
          "markets": {
            "ml": {
              "HOME": 1.67,
              "AWAY": 2.2
            },
            "1x2_60": {
              "P1": 2.13,
              "X": 4.3,
              "P2": 3
            },
            "double_chance_60": {
              "1X": 1.4,
              "X2": 1.7
            },
            "totals_goals": [
              {
                "line": 3.5,
                "over": 1.25,
                "under": 3.75
              },
              {
                "line": 4,
                "over": 1.33,
                "under": 3.15
              },
              {
                "line": 4.5,
                "over": 1.6,
                "under": 2.25
              },
              {
                "line": 5,
                "over": 1.85,
                "under": 1.9
              },
              {
                "line": 5.5,
                "over": 2.2,
                "under": 1.65
              },
              {
                "line": 6,
                "over": 2.85,
                "under": 1.4
              },
              {
                "line": 6.5,
                "over": 3.3,
                "under": 1.3
              },
              {
                "line": 7,
                "over": 4.7,
                "under": 1.17
              }
            ],
            "period_totals": {
              "1": [
                {
                  "line": 0.5,
                  "over": 1.2,
                  "under": 4.05
                },
                {
                  "line": 1.5,
                  "over": 1.97,
                  "under": 1.73
                },
                {
                  "line": 2.5,
                  "over": 4,
                  "under": 1.2
                }
              ],
              "2": [
                {
                  "line": 0.5,
                  "over": 1.14,
                  "under": 4.9
                },
                {
                  "line": 1.5,
                  "over": 1.7,
                  "under": 2.02
                },
                {
                  "line": 2.5,
                  "over": 3.2,
                  "under": 1.3
                }
              ],
              "3": [
                {
                  "line": 1.5,
                  "over": 1.7,
                  "under": 2.02
                },
                {
                  "line": 2.5,
                  "over": 3.1,
                  "under": 1.32
                }
              ]
            },
            "spreads": [
              {
                "handicap": -1.5,
                "home": 2.8,
                "away": 1.4
              },
              {
                "handicap": -2,
                "home": 3.75,
                "away": 1.25
              },
              {
                "handicap": -2.5,
                "home": 4.15,
                "away": 1.2
              },
              {
                "handicap": 0,
                "home": 1.6,
                "away": 2.25
              }
            ]
          }
        },
        {
          "home": "Динамо Москва",
          "away": "Амур",
          "start_utc": "2025-11-24T16:30:00Z",
          "markets": {
            "ml": {
              "HOME": 1.28,
              "AWAY": 3.65
            },
            "1x2_60": {
              "P1": 1.49
            },
            "double_chance_60": {
              "1X": 1.15,
              "X2": 2.65
            },
            "totals_goals": [
              {
                "line": 3.5,
                "over": 1.22,
                "under": 4.05
              },
              {
                "line": 4,
                "over": 1.3,
                "under": 3.45
              },
              {
                "line": 4.5,
                "over": 1.55,
                "under": 2.4
              },
              {
                "line": 5,
                "over": 1.75,
                "under": 2
              },
              {
                "line": 5.5,
                "over": 2.1,
                "under": 1.75
              },
              {
                "line": 6,
                "over": 2.6,
                "under": 1.45
              },
              {
                "line": 6.5,
                "over": 3.05,
                "under": 1.35
              },
              {
                "line": 7,
                "over": 4.3,
                "under": 1.2
              },
              {
                "line": 7.5,
                "over": 4.7,
                "under": 1.17
              }
            ],
            "period_totals": {
              "1": [
                {
                  "line": 0.5,
                  "over": 1.19,
                  "under": 4.2
                },
                {
                  "line": 1.5,
                  "over": 1.9,
                  "under": 1.8
                },
                {
                  "line": 2.5,
                  "over": 3.8,
                  "under": 1.22
                }
              ],
              "2": [
                {
                  "line": 1.5,
                  "over": 1.67,
                  "under": 2.08
                },
                {
                  "line": 2.5,
                  "over": 3.05,
                  "under": 1.33
                }
              ],
              "3": [
                {
                  "line": 1.5,
                  "over": 1.65,
                  "under": 2.1
                },
                {
                  "line": 2.5,
                  "over": 2.95,
                  "under": 1.35
                }
              ]
            },
            "spreads": [
              {
                "handicap": -2.5,
                "home": 2.65,
                "away": 1.45
              },
              {
                "handicap": -3,
                "home": 4.3,
                "away": 1.2
              },
              {
                "handicap": -3.5,
                "home": 5,
                "away": 1.15
              },
              {
                "handicap": 0,
                "home": 1.2,
                "away": 4.1
              }
            ]
          }
        },
        {
          "home": "Хозяева",
          "away": "Гости",
          "start_utc": "2025-11-24T16:00:00Z",
          "markets": {
            "1x2_60": {
              "P1": 1.19
            },
            "double_chance_60": {
              "1X": 1.06,
              "X2": 4.15
            },
            "period_totals": {
              "1": [
                {
                  "line": 1.5,
                  "over": 1.08,
                  "under": 1.67
                },
                {
                  "line": 3.5,
                  "over": 1.33,
                  "under": 3
                },
                {
                  "line": 4.5,
                  "over": 1.7,
                  "under": 2.03
                },
                {
                  "line": 5.5,
                  "over": 2.35,
                  "under": 1.52
                },
                {
                  "line": 6.5,
                  "over": 3.55,
                  "under": 1.25
                }
              ]
            },
            "spreads": [
              {
                "handicap": -5.5,
                "home": 2.4,
                "away": 1.5
              },
              {
                "handicap": -6.5,
                "home": 3,
                "away": 1.33
              },
              {
                "handicap": -7.5,
                "home": 4.2,
                "away": 1.19
              }
            ]
          }
        }
      ]
    }
  ]
}