{
  "bookmaker": "fonbet",
  "generated_at_utc": "2025-11-11T07:04:45Z",
  "version": 1,
  "days": [
    {
      "date": "2025-11-11",
      "league": "KHL",
      "games": [
        {
          "home": "Амур",
          "away": "Трактор",
          "start_utc": "2025-11-11T09:15:00Z",
          "markets": {
            "ml": {
              "HOME": 2.45,
              "AWAY": 1.55
            },
            "1x2_60": {
              "P1": 3.4,
              "X": 4.3,
              "P2": 1.97
            },
            "double_chance_60": {
              "1X": 1.83,
              "X2": 1.32
            },
            "totals_goals": [
              {
                "line": 3.5,
                "over": 1.22,
                "under": 4.05
              },
              {
                "line": 4,
                "over": 1.3,
                "under": 3.45
              },
              {
                "line": 4.5,
                "over": 1.55,
                "under": 2.4
              },
              {
                "line": 5,
                "over": 1.75,
                "under": 2
              },
              {
                "line": 5.5,
                "over": 2.1,
                "under": 1.75
              },
              {
                "line": 6,
                "over": 2.6,
                "under": 1.45
              },
              {
                "line": 6.5,
                "over": 3.1,
                "under": 1.35
              },
              {
                "line": 7,
                "over": 4.3,
                "under": 1.2
              },
              {
                "line": 7.5,
                "over": 4.7,
                "under": 1.17
              }
            ],
            "sog_match": [
              {
                "line": 63.5,
                "over": 1.73,
                "under": 1.99
              },
              {
                "line": 64.5,
                "over": 1.85,
                "under": 1.85
              },
              {
                "line": 65.5,
                "over": 1.99,
                "under": 1.73
              }
            ],
            "sog_1x2": {
              "P1": 3.1,
              "P2": 1.35
            },
            "sog_double_chance": {
              "1X": 2.95,
              "X2": 1.32
            },
            "period_totals": {
              "1": [
                {
                  "line": 0.5,
                  "over": 1.19,
                  "under": 4.2
                },
                {
                  "line": 1.5,
                  "over": 1.9,
                  "under": 1.8
                },
                {
                  "line": 2.5,
                  "over": 3.8,
                  "under": 1.22
                }
              ],
              "2": [
                {
                  "line": 1.5,
                  "over": 1.67,
                  "under": 2.08
                },
                {
                  "line": 2.5,
                  "over": 3.05,
                  "under": 1.33
                }
              ],
              "3": [
                {
                  "line": 1.5,
                  "over": 1.65,
                  "under": 2.1
                },
                {
                  "line": 2.5,
                  "over": 2.95,
                  "under": 1.35
                }
              ]
            },
            "spreads": [
              {
                "handicap": -1.5,
                "home": 4.5,
                "away": 1.18
              },
              {
                "handicap": -2,
                "home": 3.25,
                "away": 1.32
              },
              {
                "handicap": 0,
                "home": 2.5,
                "away": 1.5
              }
            ]
          }
        },
        {
          "home": "Адмирал",
          "away": "Автомобилист",
          "start_utc": "2025-11-11T09:30:00Z",
          "markets": {
            "ml": {
              "HOME": 2.07,
              "AWAY": 1.75
            },
            "1x2_60": {
              "P1": 2.7,
              "X": 4.3,
              "P2": 2.2
            },
            "double_chance_60": {
              "1X": 1.67,
              "X2": 1.47
            },
            "totals_goals": [
              {
                "line": 3.5,
                "over": 1.22,
                "under": 4.05
              },
              {
                "line": 4,
                "over": 1.3,
                "under": 3.45
              },
              {
                "line": 4.5,
                "over": 1.55,
                "under": 2.4
              },
              {
                "line": 5,
                "over": 1.75,
                "under": 2
              },
              {
                "line": 5.5,
                "over": 2.1,
                "under": 1.75
              },
              {
                "line": 6,
                "over": 2.6,
                "under": 1.45
              },
              {
                "line": 6.5,
                "over": 3.1,
                "under": 1.35
              },
              {
                "line": 7,
                "over": 4.3,
                "under": 1.2
              },
              {
                "line": 7.5,
                "over": 4.7,
                "under": 1.17
              }
            ],
            "sog_match": [
              {
                "line": 58.5,
                "over": 1.72,
                "under": 2
              },
              {
                "line": 59.5,
                "over": 1.85,
                "under": 1.85
              },
              {
                "line": 60.5,
                "over": 2,
                "under": 1.72
              }
            ],
            "sog_1x2": {
              "P1": 1.25,
              "P2": 3.65
            },
            "sog_double_chance": {
              "1X": 1.25,
              "X2": 3.55
            },
            "period_totals": {
              "1": [
                {
                  "line": 0.5,
                  "over": 1.19,
                  "under": 4.2
                },
                {
                  "line": 1.5,
                  "over": 1.92,
                  "under": 1.78
                },
                {
                  "line": 2.5,
                  "over": 3.8,
                  "under": 1.22
                }
              ],
              "2": [
                {
                  "line": 1.5,
                  "over": 1.67,
                  "under": 2.08
                },
                {
                  "line": 2.5,
                  "over": 3.05,
                  "under": 1.33
                }
              ],
              "3": [
                {
                  "line": 1.5,
                  "over": 1.65,
                  "under": 2.1
                },
                {
                  "line": 2.5,
                  "over": 2.95,
                  "under": 1.35
                }
              ]
            },
            "spreads": [
              {
                "handicap": -1.5,
                "home": 3.5,
                "away": 1.28
              },
              {
                "handicap": -2,
                "home": 4.9,
                "away": 1.16
              },
              {
                "handicap": 0,
                "home": 2.08,
                "away": 1.7
              }
            ]
          }
        }
      ]
    },
    {
      "date": "2025-11-12",
      "league": "KHL",
      "games": [
        {
          "home": "Салават Юлаев",
          "away": "СКА",
          "start_utc": "2025-11-12T14:00:00Z",
          "markets": {
            "ml": {
              "HOME": 2.02,
              "AWAY": 1.78
            },
            "1x2_60": {
              "P1": 2.6,
              "X": 4.4,
              "P2": 2.25
            },
            "double_chance_60": {
              "1X": 1.65,
              "X2": 1.5
            },
            "totals_goals": [
              {
                "line": 3.5,
                "over": 1.23,
                "under": 3.9
              },
              {
                "line": 4,
                "over": 1.3,
                "under": 3.3
              },
              {
                "line": 4.5,
                "over": 1.55,
                "under": 2.35
              },
              {
                "line": 5,
                "over": 1.78,
                "under": 1.98
              },
              {
                "line": 5.5,
                "over": 2.15,
                "under": 1.7
              },
              {
                "line": 6,
                "over": 2.7,
                "under": 1.43
              },
              {
                "line": 6.5,
                "over": 3.2,
                "under": 1.33
              },
              {
                "line": 7,
                "over": 4.5,
                "under": 1.19
              },
              {
                "line": 7.5,
                "over": 5,
                "under": 1.16
              }
            ],
            "period_totals": {
              "1": [
                {
                  "line": 0.5,
                  "over": 1.19,
                  "under": 4.1
                },
                {
                  "line": 1.5,
                  "over": 1.95,
                  "under": 1.75
                },
                {
                  "line": 2.5,
                  "over": 3.9,
                  "under": 1.2
                }
              ],
              "2": [
                {
                  "line": 0.5,
                  "over": 1.13,
                  "under": 5
                },
                {
                  "line": 1.5,
                  "over": 1.7,
                  "under": 2.02
                },
                {
                  "line": 2.5,
                  "over": 3.1,
                  "under": 1.32
                }
              ],
              "3": [
                {
                  "line": 1.5,
                  "over": 1.67,
                  "under": 2.08
                },
                {
                  "line": 2.5,
                  "over": 3,
                  "under": 1.33
                }
              ]
            },
            "spreads": [
              {
                "handicap": -1.5,
                "home": 3.4,
                "away": 1.3
              },
              {
                "handicap": -2,
                "home": 4.9,
                "away": 1.16
              },
              {
                "handicap": 0,
                "home": 2.02,
                "away": 1.75
              }
            ]
          }
        },
        {
          "home": "Металлург Мг",
          "away": "Лада",
          "start_utc": "2025-11-12T14:00:00Z",
          "markets": {
            "ml": {
              "HOME": 1.14
            },
            "1x2_60": {
              "P1": 1.25
            },
            "double_chance_60": {
              "1X": 1.06,
              "X2": 3.95
            },
            "totals_goals": [
              {
                "line": 3.5,
                "over": 1.13,
                "under": 1.38
              },
              {
                "line": 4,
                "over": 1.16,
                "under": 4.9
              },
              {
                "line": 4.5,
                "over": 1.35,
                "under": 3.1
              },
              {
                "line": 5,
                "over": 1.45,
                "under": 2.7
              },
              {
                "line": 5.5,
                "over": 1.7,
                "under": 2.15
              },
              {
                "line": 6,
                "over": 1.97,
                "under": 1.77
              },
              {
                "line": 6.5,
                "over": 2.35,
                "under": 1.57
              },
              {
                "line": 7,
                "over": 3,
                "under": 1.37
              },
              {
                "line": 7.5,
                "over": 3.4,
                "under": 1.3
              }
            ],
            "period_totals": {
              "1": [
                {
                  "line": 0.5,
                  "over": 1.14,
                  "under": 4.9
                },
                {
                  "line": 1.5,
                  "over": 1.72,
                  "under": 2
                },
                {
                  "line": 2.5,
                  "over": 3.2,
                  "under": 1.3
                }
              ],
              "2": [
                {
                  "line": 1.5,
                  "over": 1.5,
                  "under": 2.4
                },
                {
                  "line": 2.5,
                  "over": 2.55,
                  "under": 1.45
                },
                {
                  "line": 3.5,
                  "over": 4.9,
                  "under": 1.14
                }
              ],
              "3": [
                {
                  "line": 1.5,
                  "over": 1.5,
                  "under": 2.45
                },
                {
                  "line": 2.5,
                  "over": 2.5,
                  "under": 1.47
                },
                {
                  "line": 3.5,
                  "over": 4.8,
                  "under": 1.15
                }
              ]
            },
            "spreads": [
              {
                "handicap": -3.5,
                "home": 2.95,
                "away": 1.38
              },
              {
                "handicap": -4,
                "home": 4.05,
                "away": 1.22
              },
              {
                "handicap": -4.5,
                "home": 4.5,
                "away": 1.18
              }
            ]
          }
        }
      ]
    }
  ]
}