{
  "bookmaker": "fonbet",
  "generated_at_utc": "2025-11-18T07:02:30Z",
  "version": 1,
  "days": [
    {
      "date": "2025-11-18",
      "league": "KHL",
      "games": [
        {
          "home": "Трактор",
          "away": "Металлург Мг",
          "start_utc": "2025-11-18T14:00:00Z",
          "markets": {
            "ml": {
              "HOME": 2.15,
              "AWAY": 1.7
            },
            "1x2_60": {
              "P1": 2.85,
              "X": 4.25,
              "P2": 2.14
            },
            "double_chance_60": {
              "1X": 1.7,
              "X2": 1.42
            },
            "totals_goals": [
              {
                "line": 3.5,
                "over": 1.16,
                "under": 4.8
              },
              {
                "line": 4,
                "over": 1.2,
                "under": 4.15
              },
              {
                "line": 4.5,
                "over": 1.42,
                "under": 2.75
              },
              {
                "line": 5,
                "over": 1.55,
                "under": 2.35
              },
              {
                "line": 5.5,
                "over": 1.85,
                "under": 1.95
              },
              {
                "line": 6,
                "over": 2.2,
                "under": 1.62
              },
              {
                "line": 6.5,
                "over": 2.65,
                "under": 1.45
              },
              {
                "line": 7,
                "over": 3.5,
                "under": 1.28
              },
              {
                "line": 7.5,
                "over": 3.9,
                "under": 1.23
              }
            ],
            "period_totals": {
              "1": [
                {
                  "line": 0.5,
                  "over": 1.16,
                  "under": 4.6
                },
                {
                  "line": 1.5,
                  "over": 1.8,
                  "under": 1.9
                },
                {
                  "line": 2.5,
                  "over": 3.45,
                  "under": 1.25
                }
              ],
              "2": [
                {
                  "line": 1.5,
                  "over": 1.58,
                  "under": 2.25
                },
                {
                  "line": 2.5,
                  "over": 2.75,
                  "under": 1.4
                }
              ],
              "3": [
                {
                  "line": 1.5,
                  "over": 1.55,
                  "under": 2.3
                },
                {
                  "line": 2.5,
                  "over": 2.7,
                  "under": 1.4
                }
              ]
            },
            "spreads": [
              {
                "handicap": -1.5,
                "home": 3.85,
                "away": 1.25
              },
              {
                "handicap": 0,
                "home": 2.17,
                "away": 1.65
              }
            ]
          }
        },
        {
          "home": "Автомобилист",
          "away": "Нефтехимик",
          "start_utc": "2025-11-18T14:00:00Z",
          "markets": {
            "ml": {
              "HOME": 1.5,
              "AWAY": 2.6
            },
            "1x2_60": {
              "P1": 1.85,
              "X": 4.2,
              "P2": 3.67
            },
            "double_chance_60": {
              "1X": 1.28,
              "X2": 1.95
            },
            "totals_goals": [
              {
                "line": 3.5,
                "over": 1.22,
                "under": 4.05
              },
              {
                "line": 4,
                "over": 1.3,
                "under": 3.45
              },
              {
                "line": 4.5,
                "over": 1.55,
                "under": 2.4
              },
              {
                "line": 5,
                "over": 1.75,
                "under": 2
              },
              {
                "line": 5.5,
                "over": 2.1,
                "under": 1.75
              },
              {
                "line": 6,
                "over": 2.65,
                "under": 1.45
              },
              {
                "line": 6.5,
                "over": 3.1,
                "under": 1.35
              },
              {
                "line": 7,
                "over": 4.3,
                "under": 1.2
              },
              {
                "line": 7.5,
                "over": 4.7,
                "under": 1.17
              }
            ],
            "period_totals": {
              "1": [
                {
                  "line": 0.5,
                  "over": 1.19,
                  "under": 4.2
                },
                {
                  "line": 1.5,
                  "over": 1.9,
                  "under": 1.8
                },
                {
                  "line": 2.5,
                  "over": 3.8,
                  "under": 1.22
                }
              ],
              "2": [
                {
                  "line": 1.5,
                  "over": 1.67,
                  "under": 2.08
                },
                {
                  "line": 2.5,
                  "over": 3.05,
                  "under": 1.33
                }
              ],
              "3": [
                {
                  "line": 1.5,
                  "over": 1.65,
                  "under": 2.1
                },
                {
                  "line": 2.5,
                  "over": 2.95,
                  "under": 1.35
                }
              ]
            },
            "spreads": [
              {
                "handicap": -1.5,
                "home": 2.35,
                "away": 1.57
              },
              {
                "handicap": -2,
                "home": 3.05,
                "away": 1.35
              },
              {
                "handicap": -2.5,
                "home": 3.5,
                "away": 1.28
              },
              {
                "handicap": 0,
                "home": 1.43,
                "away": 2.75
              }
            ]
          }
        },
        {
          "home": "Лада",
          "away": "Авангард",
          "start_utc": "2025-11-18T15:00:00Z",
          "markets": {
            "ml": {
              "HOME": 3.4,
              "AWAY": 1.32
            },
            "1x2_60": {
              "P1": 5,
              "X": 4.8,
              "P2": 1.55
            },
            "double_chance_60": {
              "1X": 2.45,
              "X2": 1.17
            },
            "totals_goals": [
              {
                "line": 3.5,
                "over": 1.16,
                "under": 4.8
              },
              {
                "line": 4,
                "over": 1.2,
                "under": 4.2
              },
              {
                "line": 4.5,
                "over": 1.42,
                "under": 2.75
              },
              {
                "line": 5,
                "over": 1.55,
                "under": 2.35
              },
              {
                "line": 5.5,
                "over": 1.85,
                "under": 1.95
              },
              {
                "line": 6,
                "over": 2.2,
                "under": 1.62
              },
              {
                "line": 6.5,
                "over": 2.65,
                "under": 1.45
              },
              {
                "line": 7,
                "over": 3.45,
                "under": 1.28
              },
              {
                "line": 7.5,
                "over": 3.9,
                "under": 1.23
              }
            ],
            "period_totals": {
              "1": [
                {
                  "line": 0.5,
                  "over": 1.16,
                  "under": 4.6
                },
                {
                  "line": 1.5,
                  "over": 1.8,
                  "under": 1.9
                },
                {
                  "line": 2.5,
                  "over": 3.45,
                  "under": 1.27
                }
              ],
              "2": [
                {
                  "line": 1.5,
                  "over": 1.57,
                  "under": 2.25
                },
                {
                  "line": 2.5,
                  "over": 2.75,
                  "under": 1.4
                }
              ],
              "3": [
                {
                  "line": 1.5,
                  "over": 1.55,
                  "under": 2.3
                },
                {
                  "line": 2.5,
                  "over": 2.7,
                  "under": 1.4
                }
              ]
            },
            "spreads": [
              {
                "handicap": -3,
                "home": 4.2,
                "away": 1.2
              },
              {
                "handicap": 0,
                "home": 3.8,
                "away": 1.25
              }
            ]
          }
        },
        {
          "home": "Хозяева",
          "away": "Гости",
          "start_utc": "2025-11-18T14:00:00Z",
          "markets": {
            "1x2_60": {
              "P1": 1.8,
              "P2": 2.2
            },
            "double_chance_60": {
              "1X": 1.6,
              "X2": 1.9
            },
            "period_totals": {
              "1": [
                {
                  "line": 1.5,
                  "over": 1.35,
                  "under": 1.48
                },
                {
                  "line": 2.5,
                  "over": 1.2,
                  "under": 1.3
                },
                {
                  "line": 9.5,
                  "over": 1.28,
                  "under": 3.3
                },
                {
                  "line": 10.5,
                  "over": 1.48,
                  "under": 2.45
                },
                {
                  "line": 11.5,
                  "over": 1.77,
                  "under": 1.93
                },
                {
                  "line": 12.5,
                  "over": 2.2,
                  "under": 1.6
                },
                {
                  "line": 13.5,
                  "over": 2.85,
                  "under": 1.37
                }
              ]
            },
            "spreads": [
              {
                "handicap": -1.5,
                "home": 2.52,
                "away": 1.46
              },
              {
                "handicap": -3.5,
                "home": 2.55,
                "away": 1.45
              },
              {
                "handicap": -4.5,
                "home": 2.9,
                "away": 1.35
              },
              {
                "handicap": -5.5,
                "home": 3.4,
                "away": 1.27
              }
            ]
          }
        }
      ]
    },
    {
      "date": "2025-11-19",
      "league": "KHL",
      "games": [
        {
          "home": "Ак Барс",
          "away": "ЦСКА",
          "start_utc": "2025-11-18T16:00:00Z",
          "markets": {
            "ml": {
              "HOME": 1.73,
              "AWAY": 2.1
            },
            "1x2_60": {
              "P1": 2.2,
              "X": 4.2,
              "P2": 2.79
            },
            "double_chance_60": {
              "1X": 1.45,
              "X2": 1.67
            },
            "totals_goals": [
              {
                "line": 3.5,
                "over": 1.25,
                "under": 3.75
              },
              {
                "line": 4,
                "over": 1.33,
                "under": 3.15
              },
              {
                "line": 4.5,
                "over": 1.6,
                "under": 2.25
              },
              {
                "line": 5,
                "over": 1.85,
                "under": 1.9
              },
              {
                "line": 5.5,
                "over": 2.2,
                "under": 1.65
              },
              {
                "line": 6,
                "over": 2.85,
                "under": 1.4
              },
              {
                "line": 6.5,
                "over": 3.35,
                "under": 1.3
              },
              {
                "line": 7,
                "over": 4.7,
                "under": 1.17
              }
            ],
            "period_totals": {
              "1": [
                {
                  "line": 0.5,
                  "over": 1.2,
                  "under": 4.05
                },
                {
                  "line": 1.5,
                  "over": 1.97,
                  "under": 1.73
                },
                {
                  "line": 2.5,
                  "over": 4,
                  "under": 1.2
                }
              ],
              "2": [
                {
                  "line": 0.5,
                  "over": 1.14,
                  "under": 4.9
                },
                {
                  "line": 1.5,
                  "over": 1.72,
                  "under": 2
                },
                {
                  "line": 2.5,
                  "over": 3.2,
                  "under": 1.3
                }
              ],
              "3": [
                {
                  "line": 1.5,
                  "over": 1.7,
                  "under": 2.02
                },
                {
                  "line": 2.5,
                  "over": 3.1,
                  "under": 1.32
                }
              ]
            },
            "spreads": [
              {
                "handicap": -1.5,
                "home": 2.95,
                "away": 1.37
              },
              {
                "handicap": -2,
                "home": 4.2,
                "away": 1.2
              },
              {
                "handicap": -2.5,
                "home": 4.7,
                "away": 1.17
              },
              {
                "handicap": 0,
                "home": 1.68,
                "away": 2.1
              }
            ]
          }
        },
        {
          "home": "Северсталь",
          "away": "Динамо Минск",
          "start_utc": "2025-11-18T16:30:00Z",
          "markets": {
            "ml": {
              "HOME": 1.9,
              "AWAY": 1.9
            },
            "1x2_60": {
              "P1": 2.45,
              "X": 4.1,
              "P2": 2.45
            },
            "double_chance_60": {
              "1X": 1.55,
              "X2": 1.55
            },
            "totals_goals": [
              {
                "line": 3.5,
                "over": 1.17,
                "under": 4.6
              },
              {
                "line": 4,
                "over": 1.22,
                "under": 4
              },
              {
                "line": 4.5,
                "over": 1.45,
                "under": 2.65
              },
              {
                "line": 5,
                "over": 1.6,
                "under": 2.3
              },
              {
                "line": 5.5,
                "over": 1.9,
                "under": 1.9
              },
              {
                "line": 6,
                "over": 2.3,
                "under": 1.58
              },
              {
                "line": 6.5,
                "over": 2.75,
                "under": 1.43
              },
              {
                "line": 7,
                "over": 3.65,
                "under": 1.25
              },
              {
                "line": 7.5,
                "over": 4.05,
                "under": 1.22
              }
            ],
            "period_totals": {
              "1": [
                {
                  "line": 0.5,
                  "over": 1.16,
                  "under": 4.5
                },
                {
                  "line": 1.5,
                  "over": 1.82,
                  "under": 1.88
                },
                {
                  "line": 2.5,
                  "over": 3.5,
                  "under": 1.25
                }
              ],
              "2": [
                {
                  "line": 1.5,
                  "over": 1.6,
                  "under": 2.2
                },
                {
                  "line": 2.5,
                  "over": 2.8,
                  "under": 1.38
                }
              ],
              "3": [
                {
                  "line": 1.5,
                  "over": 1.57,
                  "under": 2.25
                },
                {
                  "line": 2.5,
                  "over": 2.75,
                  "under": 1.4
                }
              ]
            },
            "spreads": [
              {
                "handicap": -1.5,
                "home": 3.2,
                "away": 1.33
              },
              {
                "handicap": -2,
                "home": 4.4,
                "away": 1.19
              },
              {
                "handicap": -2.5,
                "home": 4.8,
                "away": 1.16
              },
              {
                "handicap": 0,
                "home": 1.88,
                "away": 1.88
              }
            ]
          }
        },
        {
          "home": "Динамо Москва",
          "away": "Спартак",
          "start_utc": "2025-11-18T16:30:00Z",
          "markets": {
            "ml": {
              "HOME": 1.75,
              "AWAY": 2.1
            },
            "1x2_60": {
              "P1": 2.25,
              "X": 4.3,
              "P2": 2.75
            },
            "double_chance_60": {
              "1X": 1.45,
              "X2": 1.65
            },
            "totals_goals": [
              {
                "line": 3.5,
                "over": 1.17,
                "under": 4.7
              },
              {
                "line": 4,
                "over": 1.22,
                "under": 4.05
              },
              {
                "line": 4.5,
                "over": 1.45,
                "under": 2.7
              },
              {
                "line": 5,
                "over": 1.58,
                "under": 2.3
              },
              {
                "line": 5.5,
                "over": 1.88,
                "under": 1.92
              },
              {
                "line": 6,
                "over": 2.3,
                "under": 1.6
              },
              {
                "line": 6.5,
                "over": 2.7,
                "under": 1.45
              },
              {
                "line": 7,
                "over": 3.6,
                "under": 1.27
              },
              {
                "line": 7.5,
                "over": 4,
                "under": 1.22
              }
            ],
            "period_totals": {
              "1": [
                {
                  "line": 0.5,
                  "over": 1.16,
                  "under": 4.5
                },
                {
                  "line": 1.5,
                  "over": 1.82,
                  "under": 1.88
                },
                {
                  "line": 2.5,
                  "over": 3.5,
                  "under": 1.25
                }
              ],
              "2": [
                {
                  "line": 1.5,
                  "over": 1.6,
                  "under": 2.2
                },
                {
                  "line": 2.5,
                  "over": 2.8,
                  "under": 1.38
                }
              ],
              "3": [
                {
                  "line": 1.5,
                  "over": 1.57,
                  "under": 2.25
                },
                {
                  "line": 2.5,
                  "over": 2.7,
                  "under": 1.4
                }
              ]
            },
            "spreads": [
              {
                "handicap": -1.5,
                "home": 2.85,
                "away": 1.4
              },
              {
                "handicap": -2,
                "home": 3.85,
                "away": 1.25
              },
              {
                "handicap": -2.5,
                "home": 4.2,
                "away": 1.2
              },
              {
                "handicap": 0,
                "home": 1.7,
                "away": 2.1
              }
            ]
          }
        },
        {
          "home": "Торпедо НН",
          "away": "Адмирал",
          "start_utc": "2025-11-18T16:30:00Z",
          "markets": {
            "ml": {
              "HOME": 1.5,
              "AWAY": 2.6
            },
            "1x2_60": {
              "P1": 1.83,
              "X": 4.3,
              "P2": 3.66
            },
            "double_chance_60": {
              "1X": 1.28,
              "X2": 1.97
            },
            "totals_goals": [
              {
                "line": 3.5,
                "over": 1.23,
                "under": 3.9
              },
              {
                "line": 4,
                "over": 1.3,
                "under": 3.3
              },
              {
                "line": 4.5,
                "over": 1.57,
                "under": 2.35
              },
              {
                "line": 5,
                "over": 1.8,
                "under": 1.95
              },
              {
                "line": 5.5,
                "over": 2.15,
                "under": 1.7
              },
              {
                "line": 6,
                "over": 2.75,
                "under": 1.43
              },
              {
                "line": 6.5,
                "over": 3.2,
                "under": 1.33
              },
              {
                "line": 7,
                "over": 4.5,
                "under": 1.19
              },
              {
                "line": 7.5,
                "over": 4.9,
                "under": 1.16
              }
            ],
            "period_totals": {
              "1": [
                {
                  "line": 0.5,
                  "over": 1.19,
                  "under": 4.1
                },
                {
                  "line": 1.5,
                  "over": 1.95,
                  "under": 1.75
                },
                {
                  "line": 2.5,
                  "over": 3.9,
                  "under": 1.2
                }
              ],
              "2": [
                {
                  "line": 1.5,
                  "over": 1.7,
                  "under": 2.02
                },
                {
                  "line": 2.5,
                  "over": 3.1,
                  "under": 1.32
                }
              ],
              "3": [
                {
                  "line": 1.5,
                  "over": 1.65,
                  "under": 2.1
                },
                {
                  "line": 2.5,
                  "over": 3,
                  "under": 1.33
                }
              ]
            },
            "spreads": [
              {
                "handicap": -1.5,
                "home": 2.3,
                "away": 1.58
              },
              {
                "handicap": -2,
                "home": 3.05,
                "away": 1.35
              },
              {
                "handicap": -2.5,
                "home": 3.5,
                "away": 1.28
              },
              {
                "handicap": 0,
                "home": 1.42,
                "away": 2.75
              }
            ]
          }
        }
      ]
    }
  ]
}