{
  "bookmaker": "fonbet",
  "generated_at_utc": "2025-11-29T03:02:58Z",
  "version": 1,
  "days": [
    {
      "date": "2025-11-29",
      "league": "KHL",
      "games": [
        {
          "home": "Сибирь",
          "away": "Автомобилист",
          "start_utc": "2025-11-29T10:30:00Z",
          "markets": {
            "ml": {
              "HOME": 3.1,
              "AWAY": 1.37
            },
            "1x2_60": {
              "P1": 4.6,
              "X": 4.3,
              "P2": 1.65
            },
            "double_chance_60": {
              "1X": 2.25,
              "X2": 1.2
            },
            "totals_goals": [
              {
                "line": 3.5,
                "over": 1.2,
                "under": 4.15
              },
              {
                "line": 4,
                "over": 1.28,
                "under": 3.55
              },
              {
                "line": 4.5,
                "over": 1.53,
                "under": 2.45
              },
              {
                "line": 5,
                "over": 1.7,
                "under": 2.07
              },
              {
                "line": 5.5,
                "over": 2.05,
                "under": 1.78
              },
              {
                "line": 6,
                "over": 2.55,
                "under": 1.48
              },
              {
                "line": 6.5,
                "over": 3,
                "under": 1.35
              },
              {
                "line": 7,
                "over": 4.15,
                "under": 1.2
              },
              {
                "line": 7.5,
                "over": 4.6,
                "under": 1.18
              }
            ],
            "period_totals": {
              "1": [
                {
                  "line": 0.5,
                  "over": 1.18,
                  "under": 4.3
                },
                {
                  "line": 1,
                  "over": 1.32,
                  "under": 3.1
                },
                {
                  "line": 1.5,
                  "over": 1.9,
                  "under": 1.8
                },
                {
                  "line": 2,
                  "over": 2.85,
                  "under": 1.35
                },
                {
                  "line": 2.5,
                  "over": 3.75,
                  "under": 1.23
                }
              ],
              "2": [
                {
                  "line": 1,
                  "over": 1.2,
                  "under": 4
                },
                {
                  "line": 1.5,
                  "over": 1.65,
                  "under": 2.1
                },
                {
                  "line": 2,
                  "over": 2.25,
                  "under": 1.57
                },
                {
                  "line": 2.5,
                  "over": 2.95,
                  "under": 1.35
                }
              ],
              "3": [
                {
                  "line": 1,
                  "over": 1.19,
                  "under": 4.15
                },
                {
                  "line": 1.5,
                  "over": 1.63,
                  "under": 2.15
                },
                {
                  "line": 2,
                  "over": 2.18,
                  "under": 1.61
                },
                {
                  "line": 2.5,
                  "over": 2.9,
                  "under": 1.35
                },
                {
                  "line": 3,
                  "over": 5,
                  "under": 1.13
                }
              ]
            },
            "spreads": [
              {
                "handicap": -3,
                "home": 4.8,
                "away": 1.17
              },
              {
                "handicap": 0,
                "home": 3.45,
                "away": 1.3
              }
            ]
          }
        },
        {
          "home": "Металлург Мг",
          "away": "Барыс",
          "start_utc": "2025-11-29T11:30:00Z",
          "markets": {
            "ml": {
              "HOME": 1.17,
              "AWAY": 5
            },
            "1x2_60": {
              "P1": 1.3
            },
            "double_chance_60": {
              "1X": 1.08,
              "X2": 3.55
            },
            "totals_goals": [
              {
                "line": 3.5,
                "over": 1.14,
                "under": 1.35
              },
              {
                "line": 4,
                "over": 1.18,
                "under": 4.6
              },
              {
                "line": 4.5,
                "over": 1.35,
                "under": 3
              },
              {
                "line": 5,
                "over": 1.48,
                "under": 2.55
              },
              {
                "line": 5.5,
                "over": 1.75,
                "under": 2.07
              },
              {
                "line": 6,
                "over": 2.05,
                "under": 1.72
              },
              {
                "line": 6.5,
                "over": 2.45,
                "under": 1.53
              },
              {
                "line": 7,
                "over": 3.15,
                "under": 1.33
              },
              {
                "line": 7.5,
                "over": 3.55,
                "under": 1.27
              }
            ],
            "period_totals": {
              "1": [
                {
                  "line": 0.5,
                  "over": 1.15,
                  "under": 4.8
                },
                {
                  "line": 1,
                  "over": 1.25,
                  "under": 3.55
                },
                {
                  "line": 1.5,
                  "over": 1.75,
                  "under": 1.95
                },
                {
                  "line": 2,
                  "over": 2.5,
                  "under": 1.47
                },
                {
                  "line": 2.5,
                  "over": 3.25,
                  "under": 1.3
                }
              ],
              "2": [
                {
                  "line": 1,
                  "over": 1.15,
                  "under": 4.7
                },
                {
                  "line": 1.5,
                  "over": 1.53,
                  "under": 2.35
                },
                {
                  "line": 2,
                  "over": 1.97,
                  "under": 1.73
                },
                {
                  "line": 2.5,
                  "over": 2.6,
                  "under": 1.43
                },
                {
                  "line": 3,
                  "over": 4.3,
                  "under": 1.18
                }
              ],
              "3": [
                {
                  "line": 1,
                  "over": 1.14,
                  "under": 4.9
                },
                {
                  "line": 1.5,
                  "over": 1.5,
                  "under": 2.4
                },
                {
                  "line": 2,
                  "over": 1.92,
                  "under": 1.78
                },
                {
                  "line": 2.5,
                  "over": 2.55,
                  "under": 1.45
                },
                {
                  "line": 3,
                  "over": 4.2,
                  "under": 1.19
                }
              ]
            },
            "spreads": [
              {
                "handicap": -3.5,
                "home": 3.05,
                "away": 1.35
              },
              {
                "handicap": -4,
                "home": 4.2,
                "away": 1.2
              },
              {
                "handicap": -4.5,
                "home": 4.7,
                "away": 1.17
              }
            ]
          }
        },
        {
          "home": "Спартак",
          "away": "Лада",
          "start_utc": "2025-11-29T14:00:00Z",
          "markets": {
            "ml": {
              "HOME": 1.25,
              "AWAY": 4
            },
            "1x2_60": {
              "P1": 1.45,
              "X": 4.9
            },
            "double_chance_60": {
              "1X": 1.12,
              "X2": 2.75
            },
            "totals_goals": [
              {
                "line": 3.5,
                "over": 1.13,
                "under": 1.18
              },
              {
                "line": 4,
                "over": 1.17,
                "under": 4.7
              },
              {
                "line": 4.5,
                "over": 1.35,
                "under": 3
              },
              {
                "line": 5,
                "over": 1.45,
                "under": 2.6
              },
              {
                "line": 5.5,
                "over": 1.72,
                "under": 2.13
              },
              {
                "line": 6,
                "over": 2.02,
                "under": 1.75
              },
              {
                "line": 6.5,
                "over": 2.4,
                "under": 1.55
              },
              {
                "line": 7,
                "over": 3.05,
                "under": 1.35
              },
              {
                "line": 7.5,
                "over": 3.45,
                "under": 1.28
              }
            ],
            "period_totals": {
              "1": [
                {
                  "line": 0.5,
                  "over": 1.14,
                  "under": 4.9
                },
                {
                  "line": 1,
                  "over": 1.25,
                  "under": 3.65
                },
                {
                  "line": 1.5,
                  "over": 1.73,
                  "under": 2
                },
                {
                  "line": 2,
                  "over": 2.45,
                  "under": 1.48
                },
                {
                  "line": 2.5,
                  "over": 3.2,
                  "under": 1.3
                }
              ],
              "2": [
                {
                  "line": 1,
                  "over": 1.14,
                  "under": 4.8
                },
                {
                  "line": 1.5,
                  "over": 1.52,
                  "under": 2.35
                },
                {
                  "line": 2,
                  "over": 1.95,
                  "under": 1.75
                },
                {
                  "line": 2.5,
                  "over": 2.6,
                  "under": 1.45
                },
                {
                  "line": 3,
                  "over": 4.2,
                  "under": 1.18
                }
              ],
              "3": [
                {
                  "line": 1.5,
                  "over": 1.5,
                  "under": 2.4
                },
                {
                  "line": 2,
                  "over": 1.9,
                  "under": 1.8
                },
                {
                  "line": 2.5,
                  "over": 2.5,
                  "under": 1.45
                },
                {
                  "line": 3,
                  "over": 4.05,
                  "under": 1.2
                },
                {
                  "line": 3.5,
                  "over": 4.8,
                  "under": 1.14
                }
              ]
            },
            "spreads": [
              {
                "handicap": -2.5,
                "home": 2.45,
                "away": 1.5
              },
              {
                "handicap": -3,
                "home": 3.8,
                "away": 1.25
              },
              {
                "handicap": -3.5,
                "home": 4.5,
                "away": 1.18
              },
              {
                "handicap": 0,
                "home": 1.17,
                "away": 4.7
              }
            ]
          }
        },
        {
          "home": "Хозяева",
          "away": "Гости",
          "start_utc": "2025-11-29T10:30:00Z",
          "markets": {
            "1x2_60": {
              "P1": 1.4,
              "P2": 4.1
            },
            "double_chance_60": {
              "1X": 1.19,
              "X2": 2.75
            },
            "period_totals": {
              "1": [
                {
                  "line": 1.5,
                  "over": 1.13,
                  "under": 1.52
                },
                {
                  "line": 2.5,
                  "over": 1.05,
                  "under": 1.23
                },
                {
                  "line": 3.5,
                  "over": 1.23,
                  "under": 3.7
                },
                {
                  "line": 4.5,
                  "over": 1.55,
                  "under": 2.3
                },
                {
                  "line": 5.5,
                  "over": 2.07,
                  "under": 1.67
                },
                {
                  "line": 6.5,
                  "over": 2.9,
                  "under": 1.35
                },
                {
                  "line": 7.5,
                  "over": 4.4,
                  "under": 1.17
                }
              ]
            },
            "spreads": [
              {
                "handicap": -4.5,
                "home": 2.7,
                "away": 1.4
              },
              {
                "handicap": -5.5,
                "home": 3.55,
                "away": 1.25
              },
              {
                "handicap": -6.5,
                "home": 4.7,
                "away": 1.15
              }
            ]
          }
        }
      ]
    },
    {
      "date": "2025-11-30",
      "league": "KHL",
      "games": [
        {
          "home": "Амур",
          "away": "ХК Сочи",
          "start_utc": "2025-11-30T07:00:00Z",
          "markets": {
            "ml": {
              "HOME": 1.4,
              "AWAY": 2.95
            },
            "1x2_60": {
              "P1": 1.7,
              "X": 4.3,
              "P2": 4.3
            },
            "double_chance_60": {
              "1X": 1.22,
              "X2": 2.15
            },
            "totals_goals": [
              {
                "line": 3.5,
                "over": 1.22,
                "under": 4.05
              },
              {
                "line": 4,
                "over": 1.3,
                "under": 3.45
              },
              {
                "line": 4.5,
                "over": 1.55,
                "under": 2.4
              },
              {
                "line": 5,
                "over": 1.75,
                "under": 2
              },
              {
                "line": 5.5,
                "over": 2.1,
                "under": 1.75
              },
              {
                "line": 6,
                "over": 2.65,
                "under": 1.45
              },
              {
                "line": 6.5,
                "over": 3.1,
                "under": 1.35
              },
              {
                "line": 7,
                "over": 4.3,
                "under": 1.2
              },
              {
                "line": 7.5,
                "over": 4.7,
                "under": 1.17
              }
            ],
            "period_totals": {
              "1": [
                {
                  "line": 0.5,
                  "over": 1.19,
                  "under": 4.2
                },
                {
                  "line": 1,
                  "over": 1.33,
                  "under": 3
                },
                {
                  "line": 1.5,
                  "over": 1.9,
                  "under": 1.8
                },
                {
                  "line": 2,
                  "over": 2.95,
                  "under": 1.35
                },
                {
                  "line": 2.5,
                  "over": 3.8,
                  "under": 1.22
                }
              ],
              "2": [
                {
                  "line": 1,
                  "over": 1.2,
                  "under": 3.9
                },
                {
                  "line": 1.5,
                  "over": 1.67,
                  "under": 2.08
                },
                {
                  "line": 2,
                  "over": 2.3,
                  "under": 1.55
                },
                {
                  "line": 2.5,
                  "over": 3.05,
                  "under": 1.33
                }
              ],
              "3": [
                {
                  "line": 1,
                  "over": 1.2,
                  "under": 4.05
                },
                {
                  "line": 1.5,
                  "over": 1.65,
                  "under": 2.1
                },
                {
                  "line": 2,
                  "over": 2.2,
                  "under": 1.58
                },
                {
                  "line": 2.5,
                  "over": 2.95,
                  "under": 1.35
                }
              ]
            },
            "spreads": [
              {
                "handicap": -2.5,
                "home": 3,
                "away": 1.35
              },
              {
                "handicap": -3,
                "home": 5,
                "away": 1.15
              },
              {
                "handicap": 0,
                "home": 1.32,
                "away": 3.2
              }
            ]
          }
        },
        {
          "home": "Адмирал",
          "away": "Динамо Минск",
          "start_utc": "2025-11-30T07:00:00Z",
          "markets": {
            "ml": {
              "HOME": 2.2,
              "AWAY": 1.68
            },
            "1x2_60": {
              "P1": 2.9,
              "X": 4.3,
              "P2": 2.1
            },
            "double_chance_60": {
              "1X": 1.75,
              "X2": 1.4
            },
            "totals_goals": [
              {
                "line": 3.5,
                "over": 1.22,
                "under": 4.05
              },
              {
                "line": 4,
                "over": 1.3,
                "under": 3.45
              },
              {
                "line": 4.5,
                "over": 1.55,
                "under": 2.4
              },
              {
                "line": 5,
                "over": 1.75,
                "under": 2
              },
              {
                "line": 5.5,
                "over": 2.1,
                "under": 1.75
              },
              {
                "line": 6,
                "over": 2.6,
                "under": 1.45
              },
              {
                "line": 6.5,
                "over": 3.05,
                "under": 1.35
              },
              {
                "line": 7,
                "over": 4.3,
                "under": 1.2
              },
              {
                "line": 7.5,
                "over": 4.7,
                "under": 1.17
              }
            ],
            "period_totals": {
              "1": [
                {
                  "line": 0.5,
                  "over": 1.19,
                  "under": 4.2
                },
                {
                  "line": 1,
                  "over": 1.33,
                  "under": 3
                },
                {
                  "line": 1.5,
                  "over": 1.92,
                  "under": 1.78
                },
                {
                  "line": 2,
                  "over": 2.95,
                  "under": 1.35
                },
                {
                  "line": 2.5,
                  "over": 3.8,
                  "under": 1.22
                }
              ],
              "2": [
                {
                  "line": 1,
                  "over": 1.2,
                  "under": 3.9
                },
                {
                  "line": 1.5,
                  "over": 1.67,
                  "under": 2.07
                },
                {
                  "line": 2,
                  "over": 2.3,
                  "under": 1.55
                },
                {
                  "line": 2.5,
                  "over": 3.05,
                  "under": 1.33
                }
              ],
              "3": [
                {
                  "line": 1,
                  "over": 1.2,
                  "under": 4.05
                },
                {
                  "line": 1.5,
                  "over": 1.65,
                  "under": 2.1
                },
                {
                  "line": 2,
                  "over": 2.25,
                  "under": 1.58
                },
                {
                  "line": 2.5,
                  "over": 2.95,
                  "under": 1.35
                }
              ]
            },
            "spreads": [
              {
                "handicap": -1.5,
                "home": 4,
                "away": 1.22
              },
              {
                "handicap": -2,
                "home": 3.6,
                "away": 1.25
              },
              {
                "handicap": 0,
                "home": 2.2,
                "away": 1.63
              }
            ]
          }
        },
        {
          "home": "Ак Барс",
          "away": "Шанхай Дрэгонс",
          "start_utc": "2025-11-30T14:00:00Z",
          "markets": {
            "ml": {
              "HOME": 1.35,
              "AWAY": 3.2
            },
            "1x2_60": {
              "P1": 1.6,
              "X": 4.4,
              "P2": 4.8
            },
            "double_chance_60": {
              "1X": 1.18,
              "X2": 2.35
            },
            "totals_goals": [
              {
                "line": 3.5,
                "over": 1.2,
                "under": 4.3
              },
              {
                "line": 4,
                "over": 1.25,
                "under": 3.65
              },
              {
                "line": 4.5,
                "over": 1.5,
                "under": 2.5
              },
              {
                "line": 5,
                "over": 1.68,
                "under": 2.12
              },
              {
                "line": 5.5,
                "over": 2,
                "under": 1.8
              },
              {
                "line": 6,
                "over": 2.5,
                "under": 1.5
              },
              {
                "line": 6.5,
                "over": 2.95,
                "under": 1.38
              },
              {
                "line": 7,
                "over": 4,
                "under": 1.23
              },
              {
                "line": 7.5,
                "over": 4.4,
                "under": 1.19
              }
            ],
            "period_totals": {
              "1": [
                {
                  "line": 0.5,
                  "over": 1.18,
                  "under": 4.3
                },
                {
                  "line": 1,
                  "over": 1.3,
                  "under": 3.15
                },
                {
                  "line": 1.5,
                  "over": 1.87,
                  "under": 1.83
                },
                {
                  "line": 2,
                  "over": 2.8,
                  "under": 1.38
                },
                {
                  "line": 2.5,
                  "over": 3.65,
                  "under": 1.25
                }
              ],
              "2": [
                {
                  "line": 1,
                  "over": 1.2,
                  "under": 4.1
                },
                {
                  "line": 1.5,
                  "over": 1.63,
                  "under": 2.13
                },
                {
                  "line": 2,
                  "over": 2.2,
                  "under": 1.6
                },
                {
                  "line": 2.5,
                  "over": 2.95,
                  "under": 1.35
                }
              ],
              "3": [
                {
                  "line": 1,
                  "over": 1.18,
                  "under": 4.2
                },
                {
                  "line": 1.5,
                  "over": 1.6,
                  "under": 2.2
                },
                {
                  "line": 2,
                  "over": 2.15,
                  "under": 1.63
                },
                {
                  "line": 2.5,
                  "over": 2.85,
                  "under": 1.37
                },
                {
                  "line": 3,
                  "over": 4.9,
                  "under": 1.14
                }
              ]
            },
            "spreads": [
              {
                "handicap": -2.5,
                "home": 2.85,
                "away": 1.4
              },
              {
                "handicap": -3,
                "home": 4.6,
                "away": 1.17
              },
              {
                "handicap": 0,
                "home": 1.27,
                "away": 3.55
              }
            ]
          }
        }
      ]
    }
  ]
}