{
  "bookmaker": "fonbet",
  "generated_at_utc": "2025-11-21T03:02:47Z",
  "version": 1,
  "days": [
    {
      "date": "2025-11-21",
      "league": "KHL",
      "games": [
        {
          "home": "Барыс",
          "away": "Салават Юлаев",
          "start_utc": "2025-11-21T14:00:00Z",
          "markets": {
            "ml": {
              "HOME": 1.93,
              "AWAY": 1.87
            },
            "1x2_60": {
              "P1": 2.5,
              "X": 4.2,
              "P2": 2.4
            },
            "double_chance_60": {
              "1X": 1.57,
              "X2": 1.53
            },
            "totals_goals": [
              {
                "line": 3.5,
                "over": 1.23,
                "under": 3.9
              },
              {
                "line": 4,
                "over": 1.3,
                "under": 3.3
              },
              {
                "line": 4.5,
                "over": 1.57,
                "under": 2.35
              },
              {
                "line": 5,
                "over": 1.8,
                "under": 1.95
              },
              {
                "line": 5.5,
                "over": 2.15,
                "under": 1.7
              },
              {
                "line": 6,
                "over": 2.75,
                "under": 1.43
              },
              {
                "line": 6.5,
                "over": 3.2,
                "under": 1.33
              },
              {
                "line": 7,
                "over": 4.5,
                "under": 1.19
              },
              {
                "line": 7.5,
                "over": 5,
                "under": 1.16
              }
            ],
            "period_totals": {
              "1": [
                {
                  "line": 0.5,
                  "over": 1.19,
                  "under": 4.1
                },
                {
                  "line": 1.5,
                  "over": 1.95,
                  "under": 1.75
                },
                {
                  "line": 2.5,
                  "over": 3.9,
                  "under": 1.2
                }
              ],
              "2": [
                {
                  "line": 0.5,
                  "over": 1.13,
                  "under": 5
                },
                {
                  "line": 1.5,
                  "over": 1.7,
                  "under": 2.02
                },
                {
                  "line": 2.5,
                  "over": 3.1,
                  "under": 1.32
                }
              ],
              "3": [
                {
                  "line": 1.5,
                  "over": 1.67,
                  "under": 2.08
                },
                {
                  "line": 2.5,
                  "over": 3,
                  "under": 1.33
                }
              ]
            },
            "spreads": [
              {
                "handicap": -1.5,
                "home": 3.3,
                "away": 1.3
              },
              {
                "handicap": -2,
                "home": 4.6,
                "away": 1.18
              },
              {
                "handicap": 0,
                "home": 1.9,
                "away": 1.85
              }
            ]
          }
        },
        {
          "home": "Хозяева",
          "away": "Гости",
          "start_utc": "2025-11-21T14:00:00Z",
          "markets": {
            "1x2_60": {
              "P1": 2.75,
              "P2": 1.78
            },
            "double_chance_60": {
              "1X": 1.93,
              "X2": 1.4
            },
            "totals_goals": [
              {
                "line": 3.5,
                "over": 1.06,
                "under": 1.2
              },
              {
                "line": 7.5,
                "over": 1.16,
                "under": 4.5
              }
            ],
            "period_totals": {
              "1": [
                {
                  "line": 1.5,
                  "over": 1.15,
                  "under": 4.7
                },
                {
                  "line": 2.5,
                  "over": 1.5,
                  "under": 2.4
                },
                {
                  "line": 3.5,
                  "over": 2.23,
                  "under": 1.58
                },
                {
                  "line": 4.5,
                  "over": 3.55,
                  "under": 1.25
                }
              ]
            },
            "spreads": [
              {
                "handicap": -1.5,
                "home": 3.55,
                "away": 1.25
              },
              {
                "handicap": -3.5,
                "home": 4,
                "away": 1.2
              }
            ]
          }
        }
      ]
    },
    {
      "date": "2025-11-22",
      "league": "KHL",
      "games": [
        {
          "home": "Нефтехимик",
          "away": "Ак Барс",
          "start_utc": "2025-11-21T16:30:00Z",
          "markets": {
            "ml": {
              "HOME": 2.55,
              "AWAY": 1.5
            },
            "1x2_60": {
              "P1": 3.7,
              "X": 4.3,
              "P2": 1.88
            },
            "double_chance_60": {
              "1X": 1.92,
              "X2": 1.28
            },
            "totals_goals": [
              {
                "line": 3.5,
                "over": 1.22,
                "under": 4.05
              },
              {
                "line": 4,
                "over": 1.3,
                "under": 3.45
              },
              {
                "line": 4.5,
                "over": 1.55,
                "under": 2.4
              },
              {
                "line": 5,
                "over": 1.75,
                "under": 2
              },
              {
                "line": 5.5,
                "over": 2.1,
                "under": 1.75
              },
              {
                "line": 6,
                "over": 2.6,
                "under": 1.45
              },
              {
                "line": 6.5,
                "over": 3.1,
                "under": 1.35
              },
              {
                "line": 7,
                "over": 4.3,
                "under": 1.2
              },
              {
                "line": 7.5,
                "over": 4.7,
                "under": 1.17
              }
            ],
            "period_totals": {
              "1": [
                {
                  "line": 0.5,
                  "over": 1.19,
                  "under": 4.2
                },
                {
                  "line": 1.5,
                  "over": 1.9,
                  "under": 1.8
                },
                {
                  "line": 2.5,
                  "over": 3.8,
                  "under": 1.22
                }
              ],
              "2": [
                {
                  "line": 1.5,
                  "over": 1.67,
                  "under": 2.08
                },
                {
                  "line": 2.5,
                  "over": 3,
                  "under": 1.33
                }
              ],
              "3": [
                {
                  "line": 1.5,
                  "over": 1.65,
                  "under": 2.1
                },
                {
                  "line": 2.5,
                  "over": 2.95,
                  "under": 1.35
                }
              ]
            },
            "spreads": [
              {
                "handicap": -1.5,
                "home": 4.7,
                "away": 1.17
              },
              {
                "handicap": -2,
                "home": 3.1,
                "away": 1.35
              },
              {
                "handicap": 0,
                "home": 2.7,
                "away": 1.43
              }
            ]
          }
        },
        {
          "home": "Металлург Мг",
          "away": "Адмирал",
          "start_utc": "2025-11-22T11:30:00Z",
          "markets": {
            "ml": {
              "HOME": 1.22,
              "AWAY": 4.3
            },
            "1x2_60": {
              "P1": 1.38
            },
            "double_chance_60": {
              "1X": 1.11,
              "X2": 3.05
            },
            "totals_goals": [
              {
                "line": 3.5,
                "over": 1.16,
                "under": 4.8
              },
              {
                "line": 4,
                "over": 1.2,
                "under": 4.2
              },
              {
                "line": 4.5,
                "over": 1.42,
                "under": 2.75
              },
              {
                "line": 5,
                "over": 1.55,
                "under": 2.35
              },
              {
                "line": 5.5,
                "over": 1.85,
                "under": 1.95
              },
              {
                "line": 6,
                "over": 2.2,
                "under": 1.62
              },
              {
                "line": 6.5,
                "over": 2.6,
                "under": 1.45
              },
              {
                "line": 7,
                "over": 3.45,
                "under": 1.28
              },
              {
                "line": 7.5,
                "over": 3.9,
                "under": 1.23
              }
            ],
            "period_totals": {
              "1": [
                {
                  "line": 0.5,
                  "over": 1.16,
                  "under": 4.6
                },
                {
                  "line": 1.5,
                  "over": 1.8,
                  "under": 1.9
                },
                {
                  "line": 2.5,
                  "over": 3.45,
                  "under": 1.27
                }
              ],
              "2": [
                {
                  "line": 1.5,
                  "over": 1.57,
                  "under": 2.25
                },
                {
                  "line": 2.5,
                  "over": 2.75,
                  "under": 1.4
                }
              ],
              "3": [
                {
                  "line": 1.5,
                  "over": 1.55,
                  "under": 2.3
                },
                {
                  "line": 2.5,
                  "over": 2.65,
                  "under": 1.4
                }
              ]
            },
            "spreads": [
              {
                "handicap": -2.5,
                "home": 2.4,
                "away": 1.53
              },
              {
                "handicap": -3,
                "home": 3.75,
                "away": 1.25
              },
              {
                "handicap": -3.5,
                "home": 4.5,
                "away": 1.19
              },
              {
                "handicap": 0,
                "home": 1.16,
                "away": 5
              }
            ]
          }
        },
        {
          "home": "Локомотив Ярославль",
          "away": "Амур",
          "start_utc": "2025-11-22T14:00:00Z",
          "markets": {
            "ml": {
              "HOME": 1.18,
              "AWAY": 4.8
            },
            "1x2_60": {
              "P1": 1.33
            },
            "double_chance_60": {
              "1X": 1.09,
              "X2": 3.3
            },
            "totals_goals": [
              {
                "line": 3.5,
                "over": 1.2,
                "under": 4.3
              },
              {
                "line": 4,
                "over": 1.25,
                "under": 3.65
              },
              {
                "line": 4.5,
                "over": 1.5,
                "under": 2.55
              },
              {
                "line": 5,
                "over": 1.67,
                "under": 2.15
              },
              {
                "line": 5.5,
                "over": 2,
                "under": 1.8
              },
              {
                "line": 6,
                "over": 2.45,
                "under": 1.5
              },
              {
                "line": 6.5,
                "over": 2.9,
                "under": 1.4
              },
              {
                "line": 7,
                "over": 4,
                "under": 1.23
              },
              {
                "line": 7.5,
                "over": 4.4,
                "under": 1.19
              }
            ],
            "period_totals": {
              "1": [
                {
                  "line": 0.5,
                  "over": 1.18,
                  "under": 4.3
                },
                {
                  "line": 1.5,
                  "over": 1.87,
                  "under": 1.83
                },
                {
                  "line": 2.5,
                  "over": 3.65,
                  "under": 1.25
                }
              ],
              "2": [
                {
                  "line": 1.5,
                  "over": 1.63,
                  "under": 2.13
                },
                {
                  "line": 2.5,
                  "over": 2.95,
                  "under": 1.35
                }
              ],
              "3": [
                {
                  "line": 1.5,
                  "over": 1.6,
                  "under": 2.2
                },
                {
                  "line": 2.5,
                  "over": 2.85,
                  "under": 1.37
                }
              ]
            },
            "spreads": [
              {
                "handicap": -3.5,
                "home": 3.35,
                "away": 1.3
              },
              {
                "handicap": -4,
                "home": 4.9,
                "away": 1.16
              }
            ]
          }
        },
        {
          "home": "ХК Сочи",
          "away": "Сибирь",
          "start_utc": "2025-11-22T14:00:00Z",
          "markets": {
            "ml": {
              "HOME": 1.77,
              "AWAY": 2.05
            },
            "1x2_60": {
              "P1": 2.25,
              "X": 4.2,
              "P2": 2.7
            },
            "double_chance_60": {
              "1X": 1.47,
              "X2": 1.65
            },
            "totals_goals": [
              {
                "line": 3.5,
                "over": 1.2,
                "under": 4.15
              },
              {
                "line": 4,
                "over": 1.28,
                "under": 3.5
              },
              {
                "line": 4.5,
                "over": 1.53,
                "under": 2.45
              },
              {
                "line": 5,
                "over": 1.72,
                "under": 2.07
              },
              {
                "line": 5.5,
                "over": 2.05,
                "under": 1.77
              },
              {
                "line": 6,
                "over": 2.6,
                "under": 1.47
              },
              {
                "line": 6.5,
                "over": 3.05,
                "under": 1.35
              },
              {
                "line": 7,
                "over": 4.2,
                "under": 1.2
              },
              {
                "line": 7.5,
                "over": 4.6,
                "under": 1.18
              }
            ],
            "period_totals": {
              "1": [
                {
                  "line": 0.5,
                  "over": 1.18,
                  "under": 4.2
                },
                {
                  "line": 1.5,
                  "over": 1.9,
                  "under": 1.8
                },
                {
                  "line": 2.5,
                  "over": 3.75,
                  "under": 1.23
                }
              ],
              "2": [
                {
                  "line": 1.5,
                  "over": 1.65,
                  "under": 2.1
                },
                {
                  "line": 2.5,
                  "over": 3,
                  "under": 1.35
                }
              ],
              "3": [
                {
                  "line": 1.5,
                  "over": 1.63,
                  "under": 2.13
                },
                {
                  "line": 2.5,
                  "over": 2.9,
                  "under": 1.35
                }
              ]
            },
            "spreads": [
              {
                "handicap": -1.5,
                "home": 2.95,
                "away": 1.38
              },
              {
                "handicap": -2,
                "home": 4,
                "away": 1.23
              },
              {
                "handicap": -2.5,
                "home": 4.4,
                "away": 1.19
              },
              {
                "handicap": 0,
                "home": 1.72,
                "away": 2.05
              }
            ]
          }
        },
        {
          "home": "Динамо Минск",
          "away": "Спартак",
          "start_utc": "2025-11-22T14:10:00Z",
          "markets": {
            "ml": {
              "HOME": 1.65,
              "AWAY": 2.2
            },
            "1x2_60": {
              "P1": 2.08,
              "X": 4.3,
              "P2": 2.95
            },
            "double_chance_60": {
              "1X": 1.4,
              "X2": 1.75
            },
            "totals_goals": [
              {
                "line": 3.5,
                "over": 1.16,
                "under": 4.9
              },
              {
                "line": 4,
                "over": 1.2,
                "under": 4.3
              },
              {
                "line": 4.5,
                "over": 1.4,
                "under": 2.8
              },
              {
                "line": 5,
                "over": 1.55,
                "under": 2.4
              },
              {
                "line": 5.5,
                "over": 1.82,
                "under": 1.98
              },
              {
                "line": 6,
                "over": 2.2,
                "under": 1.65
              },
              {
                "line": 6.5,
                "over": 2.6,
                "under": 1.47
              },
              {
                "line": 7,
                "over": 3.4,
                "under": 1.3
              },
              {
                "line": 7.5,
                "over": 3.8,
                "under": 1.25
              }
            ],
            "period_totals": {
              "1": [
                {
                  "line": 0.5,
                  "over": 1.16,
                  "under": 4.6
                },
                {
                  "line": 1.5,
                  "over": 1.8,
                  "under": 1.9
                },
                {
                  "line": 2.5,
                  "over": 3.4,
                  "under": 1.27
                }
              ],
              "2": [
                {
                  "line": 1.5,
                  "over": 1.57,
                  "under": 2.25
                },
                {
                  "line": 2.5,
                  "over": 2.75,
                  "under": 1.4
                }
              ],
              "3": [
                {
                  "line": 1.5,
                  "over": 1.55,
                  "under": 2.3
                },
                {
                  "line": 2.5,
                  "over": 2.65,
                  "under": 1.42
                }
              ]
            },
            "spreads": [
              {
                "handicap": -1.5,
                "home": 2.6,
                "away": 1.47
              },
              {
                "handicap": -2,
                "home": 3.5,
                "away": 1.28
              },
              {
                "handicap": -2.5,
                "home": 3.95,
                "away": 1.23
              },
              {
                "handicap": 0,
                "home": 1.6,
                "away": 2.25
              }
            ]
          }
        }
      ]
    }
  ]
}