{
  "bookmaker": "fonbet",
  "generated_at_utc": "2025-11-16T03:02:52Z",
  "version": 1,
  "days": [
    {
      "date": "2025-11-16",
      "league": "KHL",
      "games": [
        {
          "home": "Амур",
          "away": "Адмирал",
          "start_utc": "2025-11-16T07:00:00Z",
          "markets": {
            "ml": {
              "HOME": 2.1,
              "AWAY": 1.75
            },
            "1x2_60": {
              "P1": 2.9,
              "X": 3.7,
              "P2": 2.25
            },
            "double_chance_60": {
              "1X": 1.65,
              "X2": 1.4
            },
            "totals_goals": [
              {
                "line": 3.5,
                "over": 1.3,
                "under": 3.4
              },
              {
                "line": 4,
                "over": 1.4,
                "under": 2.8
              },
              {
                "line": 4.5,
                "over": 1.73,
                "under": 2.1
              },
              {
                "line": 5,
                "over": 2,
                "under": 1.75
              },
              {
                "line": 5.5,
                "over": 2.35,
                "under": 1.55
              },
              {
                "line": 6,
                "over": 3.25,
                "under": 1.32
              },
              {
                "line": 6.5,
                "over": 3.75,
                "under": 1.25
              }
            ],
            "period_totals": {
              "1": [
                {
                  "line": 0.5,
                  "over": 1.22,
                  "under": 3.8
                },
                {
                  "line": 1.5,
                  "over": 2.05,
                  "under": 1.68
                },
                {
                  "line": 2.5,
                  "over": 4.3,
                  "under": 1.18
                }
              ],
              "2": [
                {
                  "line": 0.5,
                  "over": 1.15,
                  "under": 4.7
                },
                {
                  "line": 1.5,
                  "over": 1.78,
                  "under": 1.92
                },
                {
                  "line": 2.5,
                  "over": 3.4,
                  "under": 1.27
                }
              ],
              "3": [
                {
                  "line": 0.5,
                  "over": 1.15,
                  "under": 4.8
                },
                {
                  "line": 1.5,
                  "over": 1.75,
                  "under": 1.95
                },
                {
                  "line": 2.5,
                  "over": 3.3,
                  "under": 1.3
                }
              ]
            },
            "spreads": [
              {
                "handicap": -1.5,
                "home": 4.05,
                "away": 1.22
              },
              {
                "handicap": -2,
                "home": 5,
                "away": 1.15
              },
              {
                "handicap": 0,
                "home": 2.13,
                "away": 1.67
              }
            ]
          }
        },
        {
          "home": "Трактор",
          "away": "Автомобилист",
          "start_utc": "2025-11-16T11:00:00Z",
          "markets": {
            "ml": {
              "HOME": 1.7,
              "AWAY": 2.15
            },
            "1x2_60": {
              "P1": 2.15,
              "X": 4.2,
              "P2": 2.87
            },
            "double_chance_60": {
              "1X": 1.42,
              "X2": 1.7
            },
            "totals_goals": [
              {
                "line": 3.5,
                "over": 1.22,
                "under": 4.05
              },
              {
                "line": 4,
                "over": 1.3,
                "under": 3.45
              },
              {
                "line": 4.5,
                "over": 1.55,
                "under": 2.4
              },
              {
                "line": 5,
                "over": 1.75,
                "under": 2
              },
              {
                "line": 5.5,
                "over": 2.1,
                "under": 1.75
              },
              {
                "line": 6,
                "over": 2.65,
                "under": 1.45
              },
              {
                "line": 6.5,
                "over": 3.1,
                "under": 1.35
              },
              {
                "line": 7,
                "over": 4.3,
                "under": 1.2
              },
              {
                "line": 7.5,
                "over": 4.7,
                "under": 1.17
              }
            ],
            "period_totals": {
              "1": [
                {
                  "line": 0.5,
                  "over": 1.19,
                  "under": 4.2
                },
                {
                  "line": 1.5,
                  "over": 1.92,
                  "under": 1.78
                },
                {
                  "line": 2.5,
                  "over": 3.8,
                  "under": 1.22
                }
              ],
              "2": [
                {
                  "line": 1.5,
                  "over": 1.67,
                  "under": 2.07
                },
                {
                  "line": 2.5,
                  "over": 3.05,
                  "under": 1.33
                }
              ],
              "3": [
                {
                  "line": 1.5,
                  "over": 1.65,
                  "under": 2.1
                },
                {
                  "line": 2.5,
                  "over": 2.95,
                  "under": 1.35
                }
              ]
            },
            "spreads": [
              {
                "handicap": -1.5,
                "home": 2.75,
                "away": 1.43
              },
              {
                "handicap": -2,
                "home": 3.7,
                "away": 1.25
              },
              {
                "handicap": -2.5,
                "home": 4.1,
                "away": 1.2
              },
              {
                "handicap": 0,
                "home": 1.65,
                "away": 2.17
              }
            ]
          }
        },
        {
          "home": "Лада",
          "away": "Нефтехимик",
          "start_utc": "2025-11-16T13:00:00Z",
          "markets": {
            "ml": {
              "HOME": 1.95,
              "AWAY": 1.85
            },
            "1x2_60": {
              "P1": 2.55,
              "X": 4.2,
              "P2": 2.37
            },
            "double_chance_60": {
              "1X": 1.58,
              "X2": 1.5
            },
            "totals_goals": [
              {
                "line": 3.5,
                "over": 1.22,
                "under": 4.05
              },
              {
                "line": 4,
                "over": 1.3,
                "under": 3.45
              },
              {
                "line": 4.5,
                "over": 1.55,
                "under": 2.4
              },
              {
                "line": 5,
                "over": 1.75,
                "under": 2
              },
              {
                "line": 5.5,
                "over": 2.1,
                "under": 1.75
              },
              {
                "line": 6,
                "over": 2.65,
                "under": 1.45
              },
              {
                "line": 6.5,
                "over": 3.1,
                "under": 1.35
              },
              {
                "line": 7,
                "over": 4.3,
                "under": 1.2
              },
              {
                "line": 7.5,
                "over": 4.7,
                "under": 1.17
              }
            ],
            "period_totals": {
              "1": [
                {
                  "line": 0.5,
                  "over": 1.19,
                  "under": 4.2
                },
                {
                  "line": 1.5,
                  "over": 1.92,
                  "under": 1.78
                },
                {
                  "line": 2.5,
                  "over": 3.8,
                  "under": 1.22
                }
              ],
              "2": [
                {
                  "line": 1.5,
                  "over": 1.67,
                  "under": 2.08
                },
                {
                  "line": 2.5,
                  "over": 3.05,
                  "under": 1.33
                }
              ],
              "3": [
                {
                  "line": 1.5,
                  "over": 1.65,
                  "under": 2.1
                },
                {
                  "line": 2.5,
                  "over": 2.95,
                  "under": 1.35
                }
              ]
            },
            "spreads": [
              {
                "handicap": -1.5,
                "home": 3.3,
                "away": 1.3
              },
              {
                "handicap": -2,
                "home": 4.6,
                "away": 1.18
              },
              {
                "handicap": 0,
                "home": 1.95,
                "away": 1.8
              }
            ]
          }
        },
        {
          "home": "Ак Барс",
          "away": "Динамо Минск",
          "start_utc": "2025-11-16T14:00:00Z",
          "markets": {
            "ml": {
              "HOME": 1.7,
              "AWAY": 2.15
            },
            "1x2_60": {
              "P1": 2.15,
              "X": 4.2,
              "P2": 2.87
            },
            "double_chance_60": {
              "1X": 1.42,
              "X2": 1.7
            },
            "totals_goals": [
              {
                "line": 3.5,
                "over": 1.23,
                "under": 3.9
              },
              {
                "line": 4,
                "over": 1.3,
                "under": 3.3
              },
              {
                "line": 4.5,
                "over": 1.57,
                "under": 2.35
              },
              {
                "line": 5,
                "over": 1.8,
                "under": 1.95
              },
              {
                "line": 5.5,
                "over": 2.15,
                "under": 1.7
              },
              {
                "line": 6,
                "over": 2.75,
                "under": 1.43
              },
              {
                "line": 6.5,
                "over": 3.2,
                "under": 1.33
              },
              {
                "line": 7,
                "over": 4.5,
                "under": 1.19
              },
              {
                "line": 7.5,
                "over": 4.9,
                "under": 1.16
              }
            ],
            "period_totals": {
              "1": [
                {
                  "line": 0.5,
                  "over": 1.19,
                  "under": 4.1
                },
                {
                  "line": 1.5,
                  "over": 1.95,
                  "under": 1.75
                },
                {
                  "line": 2.5,
                  "over": 3.9,
                  "under": 1.2
                }
              ],
              "2": [
                {
                  "line": 0.5,
                  "over": 1.13,
                  "under": 5
                },
                {
                  "line": 1.5,
                  "over": 1.7,
                  "under": 2.02
                },
                {
                  "line": 2.5,
                  "over": 3.1,
                  "under": 1.32
                }
              ],
              "3": [
                {
                  "line": 1.5,
                  "over": 1.67,
                  "under": 2.08
                },
                {
                  "line": 2.5,
                  "over": 3,
                  "under": 1.33
                }
              ]
            },
            "spreads": [
              {
                "handicap": -1.5,
                "home": 2.8,
                "away": 1.42
              },
              {
                "handicap": -2,
                "home": 3.7,
                "away": 1.25
              },
              {
                "handicap": -2.5,
                "home": 4.1,
                "away": 1.22
              },
              {
                "handicap": 0,
                "home": 1.65,
                "away": 2.17
              }
            ]
          }
        },
        {
          "home": "Северсталь",
          "away": "ЦСКА",
          "start_utc": "2025-11-16T14:00:00Z",
          "markets": {
            "ml": {
              "HOME": 2.02,
              "AWAY": 1.78
            },
            "1x2_60": {
              "P1": 2.65,
              "X": 4.2,
              "P2": 2.29
            },
            "double_chance_60": {
              "1X": 1.63,
              "X2": 1.48
            },
            "totals_goals": [
              {
                "line": 3.5,
                "over": 1.25,
                "under": 3.75
              },
              {
                "line": 4,
                "over": 1.33,
                "under": 3.2
              },
              {
                "line": 4.5,
                "over": 1.6,
                "under": 2.25
              },
              {
                "line": 5,
                "over": 1.83,
                "under": 1.91
              },
              {
                "line": 5.5,
                "over": 2.2,
                "under": 1.65
              },
              {
                "line": 6,
                "over": 2.85,
                "under": 1.4
              },
              {
                "line": 6.5,
                "over": 3.3,
                "under": 1.3
              },
              {
                "line": 7,
                "over": 4.7,
                "under": 1.17
              }
            ],
            "period_totals": {
              "1": [
                {
                  "line": 0.5,
                  "over": 1.2,
                  "under": 4.05
                },
                {
                  "line": 1.5,
                  "over": 1.97,
                  "under": 1.73
                },
                {
                  "line": 2.5,
                  "over": 4,
                  "under": 1.2
                }
              ],
              "2": [
                {
                  "line": 0.5,
                  "over": 1.14,
                  "under": 4.9
                },
                {
                  "line": 1.5,
                  "over": 1.7,
                  "under": 2.02
                },
                {
                  "line": 2.5,
                  "over": 3.15,
                  "under": 1.3
                }
              ],
              "3": [
                {
                  "line": 1.5,
                  "over": 1.7,
                  "under": 2.02
                },
                {
                  "line": 2.5,
                  "over": 3.1,
                  "under": 1.32
                }
              ]
            },
            "spreads": [
              {
                "handicap": -1.5,
                "home": 3.5,
                "away": 1.28
              },
              {
                "handicap": -2,
                "home": 5,
                "away": 1.15
              },
              {
                "handicap": 0,
                "home": 2.02,
                "away": 1.75
              }
            ]
          }
        },
        {
          "home": "Торпедо НН",
          "away": "Авангард",
          "start_utc": "2025-11-16T14:00:00Z",
          "markets": {
            "ml": {
              "HOME": 2.1,
              "AWAY": 1.75
            },
            "1x2_60": {
              "P1": 2.8,
              "X": 4.2,
              "P2": 2.19
            },
            "double_chance_60": {
              "1X": 1.68,
              "X2": 1.45
            },
            "totals_goals": [
              {
                "line": 3.5,
                "over": 1.19,
                "under": 4.5
              },
              {
                "line": 4,
                "over": 1.25,
                "under": 3.8
              },
              {
                "line": 4.5,
                "over": 1.47,
                "under": 2.6
              },
              {
                "line": 5,
                "over": 1.63,
                "under": 2.2
              },
              {
                "line": 5.5,
                "over": 1.95,
                "under": 1.85
              },
              {
                "line": 6,
                "over": 2.4,
                "under": 1.55
              },
              {
                "line": 6.5,
                "over": 2.8,
                "under": 1.4
              },
              {
                "line": 7,
                "over": 3.8,
                "under": 1.25
              },
              {
                "line": 7.5,
                "over": 4.2,
                "under": 1.2
              }
            ],
            "period_totals": {
              "1": [
                {
                  "line": 0.5,
                  "over": 1.17,
                  "under": 4.4
                },
                {
                  "line": 1.5,
                  "over": 1.85,
                  "under": 1.85
                },
                {
                  "line": 2.5,
                  "over": 3.6,
                  "under": 1.25
                }
              ],
              "2": [
                {
                  "line": 1.5,
                  "over": 1.62,
                  "under": 2.15
                },
                {
                  "line": 2.5,
                  "over": 2.85,
                  "under": 1.35
                }
              ],
              "3": [
                {
                  "line": 1.5,
                  "over": 1.6,
                  "under": 2.2
                },
                {
                  "line": 2.5,
                  "over": 2.8,
                  "under": 1.38
                }
              ]
            },
            "spreads": [
              {
                "handicap": -1.5,
                "home": 3.55,
                "away": 1.27
              },
              {
                "handicap": -2,
                "home": 4.9,
                "away": 1.16
              },
              {
                "handicap": 0,
                "home": 2.12,
                "away": 1.68
              }
            ]
          }
        },
        {
          "home": "СКА",
          "away": "Металлург Мг",
          "start_utc": "2025-11-16T14:30:00Z",
          "markets": {
            "ml": {
              "HOME": 2.25,
              "AWAY": 1.65
            },
            "1x2_60": {
              "P1": 3,
              "X": 4.3,
              "P2": 2.05
            },
            "double_chance_60": {
              "1X": 1.77,
              "X2": 1.4
            },
            "totals_goals": [
              {
                "line": 3.5,
                "over": 1.19,
                "under": 4.5
              },
              {
                "line": 4,
                "over": 1.25,
                "under": 3.8
              },
              {
                "line": 4.5,
                "over": 1.47,
                "under": 2.6
              },
              {
                "line": 5,
                "over": 1.63,
                "under": 2.2
              },
              {
                "line": 5.5,
                "over": 1.95,
                "under": 1.85
              },
              {
                "line": 6,
                "over": 2.4,
                "under": 1.55
              },
              {
                "line": 6.5,
                "over": 2.8,
                "under": 1.4
              },
              {
                "line": 7,
                "over": 3.8,
                "under": 1.25
              },
              {
                "line": 7.5,
                "over": 4.2,
                "under": 1.2
              }
            ],
            "period_totals": {
              "1": [
                {
                  "line": 0.5,
                  "over": 1.17,
                  "under": 4.4
                },
                {
                  "line": 1.5,
                  "over": 1.85,
                  "under": 1.85
                },
                {
                  "line": 2.5,
                  "over": 3.6,
                  "under": 1.25
                }
              ],
              "2": [
                {
                  "line": 1.5,
                  "over": 1.62,
                  "under": 2.15
                },
                {
                  "line": 2.5,
                  "over": 2.85,
                  "under": 1.35
                }
              ],
              "3": [
                {
                  "line": 1.5,
                  "over": 1.6,
                  "under": 2.2
                },
                {
                  "line": 2.5,
                  "over": 2.8,
                  "under": 1.38
                }
              ]
            },
            "spreads": [
              {
                "handicap": -1.5,
                "home": 4,
                "away": 1.23
              },
              {
                "handicap": -2,
                "home": 3.5,
                "away": 1.28
              },
              {
                "handicap": 0,
                "home": 2.3,
                "away": 1.6
              }
            ]
          }
        },
        {
          "home": "Хозяева",
          "away": "Гости",
          "start_utc": "2025-11-16T07:00:00Z",
          "markets": {
            "1x2_60": {
              "P1": 2.15,
              "P2": 1.88
            },
            "double_chance_60": {
              "1X": 1.82,
              "X2": 1.62
            },
            "totals_goals": [
              {
                "line": 3.5,
                "over": 1.28,
                "under": 1.38
              }
            ],
            "period_totals": {
              "1": [
                {
                  "line": 1.5,
                  "over": 1.38,
                  "under": 1.43
                },
                {
                  "line": 2.5,
                  "over": 1.22,
                  "under": 1.25
                },
                {
                  "line": 9.5,
                  "over": 1.35,
                  "under": 2.9
                },
                {
                  "line": 10.5,
                  "over": 1.58,
                  "under": 2.23
                },
                {
                  "line": 11.5,
                  "over": 1.93,
                  "under": 1.77
                },
                {
                  "line": 12.5,
                  "over": 2.45,
                  "under": 1.48
                },
                {
                  "line": 13.5,
                  "over": 3.2,
                  "under": 1.3
                }
              ]
            },
            "spreads": [
              {
                "handicap": -1.5,
                "home": 2.4,
                "away": 1.5
              },
              {
                "handicap": -2.5,
                "home": 2.8,
                "away": 1.38
              },
              {
                "handicap": -3.5,
                "home": 2.8,
                "away": 1.38
              }
            ]
          }
        }
      ]
    },
    {
      "date": "2025-11-17",
      "league": "KHL",
      "games": [
        {
          "home": "Сибирь",
          "away": "Шанхай Дрэгонс",
          "start_utc": "2025-11-17T12:30:00Z",
          "markets": {
            "ml": {
              "HOME": 2.25,
              "AWAY": 1.65
            },
            "1x2_60": {
              "P1": 3.05,
              "X": 4.2,
              "P2": 2.05
            },
            "double_chance_60": {
              "1X": 1.77,
              "X2": 1.38
            },
            "totals_goals": [
              {
                "line": 3.5,
                "over": 1.23,
                "under": 3.9
              },
              {
                "line": 4,
                "over": 1.3,
                "under": 3.3
              },
              {
                "line": 4.5,
                "over": 1.57,
                "under": 2.35
              },
              {
                "line": 5,
                "over": 1.8,
                "under": 1.95
              },
              {
                "line": 5.5,
                "over": 2.15,
                "under": 1.7
              },
              {
                "line": 6,
                "over": 2.75,
                "under": 1.43
              },
              {
                "line": 6.5,
                "over": 3.2,
                "under": 1.33
              },
              {
                "line": 7,
                "over": 4.5,
                "under": 1.19
              },
              {
                "line": 7.5,
                "over": 4.9,
                "under": 1.16
              }
            ],
            "period_totals": {
              "1": [
                {
                  "line": 0.5,
                  "over": 1.19,
                  "under": 4.1
                },
                {
                  "line": 1.5,
                  "over": 1.95,
                  "under": 1.75
                },
                {
                  "line": 2.5,
                  "over": 3.9,
                  "under": 1.2
                }
              ],
              "2": [
                {
                  "line": 0.5,
                  "over": 1.13,
                  "under": 5
                },
                {
                  "line": 1.5,
                  "over": 1.7,
                  "under": 2.02
                },
                {
                  "line": 2.5,
                  "over": 3.1,
                  "under": 1.32
                }
              ],
              "3": [
                {
                  "line": 1.5,
                  "over": 1.65,
                  "under": 2.1
                },
                {
                  "line": 2.5,
                  "over": 3,
                  "under": 1.33
                }
              ]
            },
            "spreads": [
              {
                "handicap": -1.5,
                "home": 4.2,
                "away": 1.2
              },
              {
                "handicap": -2,
                "home": 3.55,
                "away": 1.27
              },
              {
                "handicap": 0,
                "home": 2.3,
                "away": 1.58
              }
            ]
          }
        }
      ]
    }
  ]
}