{
  "bookmaker": "fonbet",
  "generated_at_utc": "2025-11-19T03:08:44Z",
  "version": 1,
  "days": [
    {
      "date": "2025-11-20",
      "league": "KHL",
      "games": [
        {
          "home": "Локомотив Ярославль",
          "away": "Шанхай Дрэгонс",
          "start_utc": "2025-11-19T16:00:00Z",
          "markets": {
            "ml": {
              "HOME": 1.3,
              "AWAY": 3.65
            },
            "1x2_60": {
              "P1": 1.5,
              "X": 5
            },
            "double_chance_60": {
              "1X": 1.15,
              "X2": 2.6
            },
            "totals_goals": [
              {
                "line": 3.5,
                "over": 1.22,
                "under": 4.05
              },
              {
                "line": 4,
                "over": 1.3,
                "under": 3.45
              },
              {
                "line": 4.5,
                "over": 1.55,
                "under": 2.4
              },
              {
                "line": 5,
                "over": 1.75,
                "under": 2
              },
              {
                "line": 5.5,
                "over": 2.1,
                "under": 1.75
              },
              {
                "line": 6,
                "over": 2.6,
                "under": 1.45
              },
              {
                "line": 6.5,
                "over": 3.1,
                "under": 1.35
              },
              {
                "line": 7,
                "over": 4.3,
                "under": 1.2
              },
              {
                "line": 7.5,
                "over": 4.7,
                "under": 1.17
              }
            ],
            "period_totals": {
              "1": [
                {
                  "line": 0.5,
                  "over": 1.19,
                  "under": 4.2
                },
                {
                  "line": 1.5,
                  "over": 1.9,
                  "under": 1.8
                },
                {
                  "line": 2.5,
                  "over": 3.8,
                  "under": 1.22
                }
              ],
              "2": [
                {
                  "line": 1.5,
                  "over": 1.67,
                  "under": 2.08
                },
                {
                  "line": 2.5,
                  "over": 3.05,
                  "under": 1.33
                }
              ],
              "3": [
                {
                  "line": 1.5,
                  "over": 1.65,
                  "under": 2.1
                },
                {
                  "line": 2.5,
                  "over": 2.95,
                  "under": 1.35
                }
              ]
            },
            "spreads": [
              {
                "handicap": -2.5,
                "home": 2.65,
                "away": 1.45
              },
              {
                "handicap": -3,
                "home": 4.3,
                "away": 1.2
              },
              {
                "handicap": -3.5,
                "home": 5,
                "away": 1.15
              },
              {
                "handicap": 0,
                "home": 1.22,
                "away": 4.1
              }
            ]
          }
        },
        {
          "home": "ХК Сочи",
          "away": "Салават Юлаев",
          "start_utc": "2025-11-19T16:30:00Z",
          "markets": {
            "ml": {
              "HOME": 2.15,
              "AWAY": 1.7
            },
            "1x2_60": {
              "P1": 2.85,
              "X": 4.2,
              "P2": 2.15
            },
            "double_chance_60": {
              "1X": 1.7,
              "X2": 1.42
            },
            "totals_goals": [
              {
                "line": 3.5,
                "over": 1.2,
                "under": 4.3
              },
              {
                "line": 4,
                "over": 1.25,
                "under": 3.65
              },
              {
                "line": 4.5,
                "over": 1.5,
                "under": 2.5
              },
              {
                "line": 5,
                "over": 1.67,
                "under": 2.13
              },
              {
                "line": 5.5,
                "over": 2,
                "under": 1.8
              },
              {
                "line": 6,
                "over": 2.5,
                "under": 1.5
              },
              {
                "line": 6.5,
                "over": 2.95,
                "under": 1.38
              },
              {
                "line": 7,
                "over": 4,
                "under": 1.23
              },
              {
                "line": 7.5,
                "over": 4.4,
                "under": 1.19
              }
            ],
            "period_totals": {
              "1": [
                {
                  "line": 0.5,
                  "over": 1.18,
                  "under": 4.3
                },
                {
                  "line": 1.5,
                  "over": 1.88,
                  "under": 1.82
                },
                {
                  "line": 2.5,
                  "over": 3.7,
                  "under": 1.25
                }
              ],
              "2": [
                {
                  "line": 1.5,
                  "over": 1.65,
                  "under": 2.1
                },
                {
                  "line": 2.5,
                  "over": 2.95,
                  "under": 1.35
                }
              ],
              "3": [
                {
                  "line": 1.5,
                  "over": 1.6,
                  "under": 2.2
                },
                {
                  "line": 2.5,
                  "over": 2.85,
                  "under": 1.37
                }
              ]
            },
            "spreads": [
              {
                "handicap": -1.5,
                "home": 3.85,
                "away": 1.25
              },
              {
                "handicap": -2,
                "home": 3.7,
                "away": 1.25
              },
              {
                "handicap": 0,
                "home": 2.17,
                "away": 1.65
              }
            ]
          }
        },
        {
          "home": "Хозяева",
          "away": "Гости",
          "start_utc": "2025-11-19T16:00:00Z",
          "markets": {
            "1x2_60": {
              "P1": 1.7,
              "P2": 3
            },
            "double_chance_60": {
              "1X": 1.35,
              "X2": 2.03
            },
            "totals_goals": [
              {
                "line": 7.5,
                "over": 1.15,
                "under": 4.7
              }
            ],
            "period_totals": {
              "1": [
                {
                  "line": 1.5,
                  "over": 1.14,
                  "under": 4.9
                },
                {
                  "line": 2.5,
                  "over": 1.48,
                  "under": 2.45
                },
                {
                  "line": 3.5,
                  "over": 2.15,
                  "under": 1.62
                },
                {
                  "line": 4.5,
                  "over": 3.4,
                  "under": 1.27
                }
              ]
            },
            "spreads": [
              {
                "handicap": -1.5,
                "home": 4.2,
                "away": 1.19
              },
              {
                "handicap": -3.5,
                "home": 3.7,
                "away": 1.23
              }
            ]
          }
        },
        {
          "home": "Автомобилист",
          "away": "Металлург Мг",
          "start_utc": "2025-11-20T14:00:00Z",
          "markets": {
            "ml": {
              "HOME": 1.98,
              "AWAY": 1.82
            },
            "1x2_60": {
              "P1": 2.55,
              "X": 4.3,
              "P2": 2.3
            },
            "double_chance_60": {
              "1X": 1.62,
              "X2": 1.5
            },
            "totals_goals": [
              {
                "line": 3.5,
                "over": 1.2,
                "under": 4.3
              },
              {
                "line": 4,
                "over": 1.25,
                "under": 3.65
              },
              {
                "line": 4.5,
                "over": 1.5,
                "under": 2.5
              },
              {
                "line": 5,
                "over": 1.67,
                "under": 2.13
              },
              {
                "line": 5.5,
                "over": 2,
                "under": 1.8
              },
              {
                "line": 6,
                "over": 2.5,
                "under": 1.5
              },
              {
                "line": 6.5,
                "over": 2.9,
                "under": 1.38
              },
              {
                "line": 7,
                "over": 4,
                "under": 1.22
              },
              {
                "line": 7.5,
                "over": 4.4,
                "under": 1.19
              }
            ],
            "period_totals": {
              "1": [
                {
                  "line": 0.5,
                  "over": 1.18,
                  "under": 4.3
                },
                {
                  "line": 1.5,
                  "over": 1.88,
                  "under": 1.82
                },
                {
                  "line": 2.5,
                  "over": 3.7,
                  "under": 1.23
                }
              ],
              "2": [
                {
                  "line": 1.5,
                  "over": 1.65,
                  "under": 2.1
                },
                {
                  "line": 2.5,
                  "over": 2.95,
                  "under": 1.35
                }
              ],
              "3": [
                {
                  "line": 1.5,
                  "over": 1.6,
                  "under": 2.2
                },
                {
                  "line": 2.5,
                  "over": 2.85,
                  "under": 1.37
                }
              ]
            },
            "spreads": [
              {
                "handicap": -1.5,
                "home": 3.25,
                "away": 1.3
              },
              {
                "handicap": -2,
                "home": 4.5,
                "away": 1.18
              },
              {
                "handicap": -2.5,
                "home": 5,
                "away": 1.15
              },
              {
                "handicap": 0,
                "home": 1.97,
                "away": 1.77
              }
            ]
          }
        },
        {
          "home": "Трактор",
          "away": "Амур",
          "start_utc": "2025-11-20T14:00:00Z",
          "markets": {
            "ml": {
              "HOME": 1.35,
              "AWAY": 3.2
            },
            "1x2_60": {
              "P1": 1.6,
              "X": 4.7,
              "P2": 4.7
            },
            "double_chance_60": {
              "1X": 1.19,
              "X2": 2.35
            },
            "totals_goals": [
              {
                "line": 3.5,
                "over": 1.22,
                "under": 4.05
              },
              {
                "line": 4,
                "over": 1.3,
                "under": 3.45
              },
              {
                "line": 4.5,
                "over": 1.55,
                "under": 2.4
              },
              {
                "line": 5,
                "over": 1.73,
                "under": 2.05
              },
              {
                "line": 5.5,
                "over": 2.1,
                "under": 1.75
              },
              {
                "line": 6,
                "over": 2.6,
                "under": 1.45
              },
              {
                "line": 6.5,
                "over": 3.05,
                "under": 1.35
              },
              {
                "line": 7,
                "over": 4.2,
                "under": 1.2
              },
              {
                "line": 7.5,
                "over": 4.7,
                "under": 1.17
              }
            ],
            "period_totals": {
              "1": [
                {
                  "line": 0.5,
                  "over": 1.19,
                  "under": 4.2
                },
                {
                  "line": 1.5,
                  "over": 1.9,
                  "under": 1.8
                },
                {
                  "line": 2.5,
                  "over": 3.8,
                  "under": 1.22
                }
              ],
              "2": [
                {
                  "line": 1.5,
                  "over": 1.65,
                  "under": 2.1
                },
                {
                  "line": 2.5,
                  "over": 3,
                  "under": 1.33
                }
              ],
              "3": [
                {
                  "line": 1.5,
                  "over": 1.65,
                  "under": 2.1
                },
                {
                  "line": 2.5,
                  "over": 2.95,
                  "under": 1.35
                }
              ]
            },
            "spreads": [
              {
                "handicap": -2.5,
                "home": 2.85,
                "away": 1.4
              },
              {
                "handicap": -3,
                "home": 4.7,
                "away": 1.17
              },
              {
                "handicap": 0,
                "home": 1.27,
                "away": 3.55
              }
            ]
          }
        }
      ]
    }
  ]
}