{
  "bookmaker": "fonbet",
  "generated_at_utc": "2025-12-15T07:02:25Z",
  "version": 1,
  "days": [
    {
      "date": "2025-12-16",
      "league": "KHL",
      "games": [
        {
          "home": "Сибирь",
          "away": "Авангард",
          "start_utc": "2025-12-16T12:30:00Z",
          "markets": {
            "ml": {
              "HOME": 3.05,
              "AWAY": 1.37
            },
            "1x2_60": {
              "P1": 4.5,
              "X": 4.5,
              "P2": 1.65
            },
            "double_chance_60": {
              "1X": 2.25,
              "X2": 1.2
            },
            "totals_goals": [
              {
                "line": 3.5,
                "over": 1.15,
                "under": 5
              },
              {
                "line": 4,
                "over": 1.19,
                "under": 4.4
              },
              {
                "line": 4.5,
                "over": 1.4,
                "under": 2.85
              },
              {
                "line": 5,
                "over": 1.52,
                "under": 2.45
              },
              {
                "line": 5.5,
                "over": 1.8,
                "under": 2
              },
              {
                "line": 6,
                "over": 2.15,
                "under": 1.65
              },
              {
                "line": 6.5,
                "over": 2.55,
                "under": 1.48
              },
              {
                "line": 7,
                "over": 3.35,
                "under": 1.3
              },
              {
                "line": 7.5,
                "over": 3.75,
                "under": 1.25
              }
            ],
            "period_totals": {
              "1": [
                {
                  "line": 0.5,
                  "over": 1.15,
                  "under": 4.7
                },
                {
                  "line": 1,
                  "over": 1.25,
                  "under": 3.45
                },
                {
                  "line": 1.5,
                  "over": 1.77,
                  "under": 1.93
                },
                {
                  "line": 2,
                  "over": 2.55,
                  "under": 1.45
                },
                {
                  "line": 2.5,
                  "over": 3.35,
                  "under": 1.28
                }
              ],
              "2": [
                {
                  "line": 1,
                  "over": 1.16,
                  "under": 4.6
                },
                {
                  "line": 1.5,
                  "over": 1.55,
                  "under": 2.3
                },
                {
                  "line": 2,
                  "over": 2.02,
                  "under": 1.7
                },
                {
                  "line": 2.5,
                  "over": 2.7,
                  "under": 1.4
                },
                {
                  "line": 3,
                  "over": 4.5,
                  "under": 1.16
                }
              ],
              "3": [
                {
                  "line": 1,
                  "over": 1.15,
                  "under": 4.7
                },
                {
                  "line": 1.5,
                  "over": 1.53,
                  "under": 2.35
                },
                {
                  "line": 2,
                  "over": 1.97,
                  "under": 1.73
                },
                {
                  "line": 2.5,
                  "over": 2.6,
                  "under": 1.43
                },
                {
                  "line": 3,
                  "over": 4.3,
                  "under": 1.18
                }
              ]
            },
            "spreads": [
              {
                "handicap": -2,
                "home": 2.4,
                "away": 1.53
              },
              {
                "handicap": 0,
                "home": 3.35,
                "away": 1.3
              }
            ]
          }
        },
        {
          "home": "Автомобилист",
          "away": "Барыс",
          "start_utc": "2025-12-16T14:00:00Z",
          "markets": {
            "ml": {
              "HOME": 1.25,
              "AWAY": 3.85
            },
            "1x2_60": {
              "P1": 1.45
            },
            "double_chance_60": {
              "1X": 1.14,
              "X2": 2.75
            },
            "totals_goals": [
              {
                "line": 3.5,
                "over": 1.16,
                "under": 4.8
              },
              {
                "line": 4,
                "over": 1.2,
                "under": 4.2
              },
              {
                "line": 4.5,
                "over": 1.42,
                "under": 2.75
              },
              {
                "line": 5,
                "over": 1.55,
                "under": 2.35
              },
              {
                "line": 5.5,
                "over": 1.85,
                "under": 1.95
              },
              {
                "line": 6,
                "over": 2.2,
                "under": 1.62
              },
              {
                "line": 6.5,
                "over": 2.6,
                "under": 1.45
              },
              {
                "line": 7,
                "over": 3.45,
                "under": 1.28
              },
              {
                "line": 7.5,
                "over": 3.9,
                "under": 1.23
              }
            ],
            "period_totals": {
              "1": [
                {
                  "line": 0.5,
                  "over": 1.16,
                  "under": 4.6
                },
                {
                  "line": 1,
                  "over": 1.27,
                  "under": 3.4
                },
                {
                  "line": 1.5,
                  "over": 1.8,
                  "under": 1.9
                },
                {
                  "line": 2,
                  "over": 2.6,
                  "under": 1.43
                },
                {
                  "line": 2.5,
                  "over": 3.45,
                  "under": 1.27
                }
              ],
              "2": [
                {
                  "line": 1,
                  "over": 1.17,
                  "under": 4.4
                },
                {
                  "line": 1.5,
                  "over": 1.57,
                  "under": 2.25
                },
                {
                  "line": 2,
                  "over": 2.05,
                  "under": 1.68
                },
                {
                  "line": 2.5,
                  "over": 2.75,
                  "under": 1.4
                },
                {
                  "line": 3,
                  "over": 4.6,
                  "under": 1.15
                }
              ],
              "3": [
                {
                  "line": 1,
                  "over": 1.16,
                  "under": 4.6
                },
                {
                  "line": 1.5,
                  "over": 1.55,
                  "under": 2.3
                },
                {
                  "line": 2,
                  "over": 2,
                  "under": 1.72
                },
                {
                  "line": 2.5,
                  "over": 2.7,
                  "under": 1.4
                },
                {
                  "line": 3,
                  "over": 4.5,
                  "under": 1.17
                }
              ]
            },
            "spreads": [
              {
                "handicap": -2.5,
                "home": 2.5,
                "away": 1.5
              },
              {
                "handicap": -3,
                "home": 3.95,
                "away": 1.23
              },
              {
                "handicap": -3.5,
                "home": 4.7,
                "away": 1.17
              },
              {
                "handicap": 0,
                "home": 1.19,
                "away": 4.4
              }
            ]
          }
        },
        {
          "home": "Лада",
          "away": "ЦСКА",
          "start_utc": "2025-12-16T15:00:00Z",
          "markets": {
            "ml": {
              "HOME": 2.95,
              "AWAY": 1.4
            },
            "1x2_60": {
              "P1": 4.3,
              "X": 4.4,
              "P2": 1.7
            },
            "double_chance_60": {
              "1X": 2.15,
              "X2": 1.22
            },
            "totals_goals": [
              {
                "line": 3.5,
                "over": 1.2,
                "under": 4.2
              },
              {
                "line": 4,
                "over": 1.27,
                "under": 3.55
              },
              {
                "line": 4.5,
                "over": 1.52,
                "under": 2.45
              },
              {
                "line": 5,
                "over": 1.7,
                "under": 2.08
              },
              {
                "line": 5.5,
                "over": 2.05,
                "under": 1.77
              },
              {
                "line": 6,
                "over": 2.55,
                "under": 1.48
              },
              {
                "line": 6.5,
                "over": 3,
                "under": 1.35
              },
              {
                "line": 7,
                "over": 4.1,
                "under": 1.2
              },
              {
                "line": 7.5,
                "over": 4.6,
                "under": 1.18
              }
            ],
            "period_totals": {
              "1": [
                {
                  "line": 0.5,
                  "over": 1.18,
                  "under": 4.3
                },
                {
                  "line": 1,
                  "over": 1.32,
                  "under": 3.1
                },
                {
                  "line": 1.5,
                  "over": 1.9,
                  "under": 1.8
                },
                {
                  "line": 2,
                  "over": 2.85,
                  "under": 1.35
                },
                {
                  "line": 2.5,
                  "over": 3.75,
                  "under": 1.23
                }
              ],
              "2": [
                {
                  "line": 1,
                  "over": 1.2,
                  "under": 4
                },
                {
                  "line": 1.5,
                  "over": 1.65,
                  "under": 2.1
                },
                {
                  "line": 2,
                  "over": 2.25,
                  "under": 1.57
                },
                {
                  "line": 2.5,
                  "over": 2.95,
                  "under": 1.35
                }
              ],
              "3": [
                {
                  "line": 1,
                  "over": 1.19,
                  "under": 4.15
                },
                {
                  "line": 1.5,
                  "over": 1.62,
                  "under": 2.15
                },
                {
                  "line": 2,
                  "over": 2.18,
                  "under": 1.61
                },
                {
                  "line": 2.5,
                  "over": 2.9,
                  "under": 1.35
                },
                {
                  "line": 3,
                  "over": 5,
                  "under": 1.13
                }
              ]
            },
            "spreads": [
              {
                "handicap": -2,
                "home": 2.55,
                "away": 1.48
              },
              {
                "handicap": 0,
                "home": 3.2,
                "away": 1.32
              }
            ]
          }
        }
      ]
    }
  ]
}