{
  "bookmaker": "fonbet",
  "generated_at_utc": "2025-11-03T10:56:06Z",
  "version": 1,
  "days": [
    {
      "date": "2025-11-03",
      "league": "KHL",
      "games": [
        {
          "home": "Металлург Мг",
          "away": "Шанхай Дрэгонс",
          "start_utc": "2025-11-03T11:30:00Z",
          "markets": {
            "ml": {
              "HOME": 1.23,
              "AWAY": 4.2
            },
            "1x2_60": {
              "P1": 1.43,
              "X": 4.8
            },
            "double_chance_60": {
              "1X": 1.1,
              "X2": 2.85
            },
            "totals_goals": [
              {
                "line": 3.5,
                "over": 1.14,
                "under": 1.19
              },
              {
                "line": 4,
                "over": 1.18,
                "under": 4.6
              },
              {
                "line": 4.5,
                "over": 1.38,
                "under": 2.95
              },
              {
                "line": 5,
                "over": 1.5,
                "under": 2.55
              },
              {
                "line": 5.5,
                "over": 1.75,
                "under": 2.07
              },
              {
                "line": 6,
                "over": 2.07,
                "under": 1.7
              },
              {
                "line": 6.5,
                "over": 2.45,
                "under": 1.5
              },
              {
                "line": 7,
                "over": 3.15,
                "under": 1.33
              },
              {
                "line": 7.5,
                "over": 3.55,
                "under": 1.27
              }
            ],
            "sog_match": [
              {
                "line": 59.5,
                "over": 1.72,
                "under": 2
              },
              {
                "line": 60.5,
                "over": 1.85,
                "under": 1.85
              },
              {
                "line": 61.5,
                "over": 2,
                "under": 1.72
              }
            ],
            "sog_1x2": {
              "P1": 1.07
            },
            "sog_double_chance": {
              "1X": 1.07
            },
            "period_totals": {
              "1": [
                {
                  "line": 0.5,
                  "over": 1.14,
                  "under": 4.8
                },
                {
                  "line": 1.5,
                  "over": 1.75,
                  "under": 1.95
                },
                {
                  "line": 2.5,
                  "over": 3.25,
                  "under": 1.3
                }
              ],
              "2": [
                {
                  "line": 1.5,
                  "over": 1.53,
                  "under": 2.35
                },
                {
                  "line": 2.5,
                  "over": 2.6,
                  "under": 1.43
                }
              ],
              "3": [
                {
                  "line": 1.5,
                  "over": 1.5,
                  "under": 2.4
                },
                {
                  "line": 2.5,
                  "over": 2.55,
                  "under": 1.45
                },
                {
                  "line": 3.5,
                  "over": 4.9,
                  "under": 1.14
                }
              ]
            },
            "spreads": [
              {
                "handicap": -2.5,
                "home": 2.45,
                "away": 1.5
              },
              {
                "handicap": -3,
                "home": 3.8,
                "away": 1.25
              },
              {
                "handicap": -3.5,
                "home": 4.5,
                "away": 1.19
              }
            ]
          }
        },
        {
          "home": "Барыс",
          "away": "Нефтехимик",
          "start_utc": "2025-11-03T14:30:00Z",
          "markets": {
            "ml": {
              "HOME": 1.95,
              "AWAY": 1.85
            },
            "1x2_60": {
              "P1": 2.5,
              "X": 4.3,
              "P2": 2.35
            },
            "double_chance_60": {
              "1X": 1.6,
              "X2": 1.53
            },
            "totals_goals": [
              {
                "line": 3.5,
                "over": 1.2,
                "under": 4.3
              },
              {
                "line": 4,
                "over": 1.25,
                "under": 3.65
              },
              {
                "line": 4.5,
                "over": 1.5,
                "under": 2.5
              },
              {
                "line": 5,
                "over": 1.67,
                "under": 2.13
              },
              {
                "line": 5.5,
                "over": 2,
                "under": 1.8
              },
              {
                "line": 6,
                "over": 2.5,
                "under": 1.5
              },
              {
                "line": 6.5,
                "over": 2.95,
                "under": 1.38
              },
              {
                "line": 7,
                "over": 4,
                "under": 1.22
              },
              {
                "line": 7.5,
                "over": 4.5,
                "under": 1.19
              }
            ],
            "sog_match": [
              {
                "line": 61.5,
                "over": 1.75,
                "under": 1.95
              },
              {
                "line": 62.5,
                "over": 1.94,
                "under": 1.77
              },
              {
                "line": 63.5,
                "over": 2.1,
                "under": 1.65
              }
            ],
            "sog_1x2": {
              "P1": 1.62,
              "P2": 2.25
            },
            "sog_double_chance": {
              "1X": 1.57,
              "X2": 2.15
            },
            "period_totals": {
              "1": [
                {
                  "line": 0.5,
                  "over": 1.18,
                  "under": 4.3
                },
                {
                  "line": 1.5,
                  "over": 1.88,
                  "under": 1.82
                },
                {
                  "line": 2.5,
                  "over": 3.7,
                  "under": 1.23
                }
              ],
              "2": [
                {
                  "line": 1.5,
                  "over": 1.65,
                  "under": 2.1
                },
                {
                  "line": 2.5,
                  "over": 2.95,
                  "under": 1.35
                }
              ],
              "3": [
                {
                  "line": 1.5,
                  "over": 1.6,
                  "under": 2.2
                },
                {
                  "line": 2.5,
                  "over": 2.85,
                  "under": 1.37
                }
              ]
            },
            "spreads": [
              {
                "handicap": -1.5,
                "home": 3.2,
                "away": 1.32
              },
              {
                "handicap": -2,
                "home": 4.5,
                "away": 1.19
              },
              {
                "handicap": -2.5,
                "home": 4.9,
                "away": 1.16
              },
              {
                "handicap": 0,
                "home": 1.93,
                "away": 1.82
              }
            ]
          }
        },
        {
          "home": "Хозяева",
          "away": "Гости",
          "start_utc": "2025-11-03T11:30:00Z",
          "markets": {
            "1x2_60": {
              "P1": 1.55,
              "P2": 3.15
            },
            "double_chance_60": {
              "1X": 1.3,
              "X2": 2.3
            },
            "period_totals": {
              "1": [
                {
                  "line": 1.5,
                  "over": 1.16,
                  "under": 1.45
                },
                {
                  "line": 2.5,
                  "over": 1.06,
                  "under": 1.2
                },
                {
                  "line": 3.5,
                  "over": 1.27,
                  "under": 3.4
                },
                {
                  "line": 4.5,
                  "over": 1.62,
                  "under": 2.15
                },
                {
                  "line": 5.5,
                  "over": 2.23,
                  "under": 1.58
                },
                {
                  "line": 6.5,
                  "over": 3.2,
                  "under": 1.3
                },
                {
                  "line": 7.5,
                  "over": 4.9,
                  "under": 1.14
                }
              ]
            },
            "spreads": [
              {
                "handicap": -1.5,
                "home": 4.2,
                "away": 1.19
              },
              {
                "handicap": -3.5,
                "home": 2.65,
                "away": 1.43
              },
              {
                "handicap": -4.5,
                "home": 3.3,
                "away": 1.28
              },
              {
                "handicap": -5.5,
                "home": 4.3,
                "away": 1.18
              }
            ]
          }
        }
      ]
    },
    {
      "date": "2025-11-04",
      "league": "KHL",
      "games": [
        {
          "home": "Динамо Минск",
          "away": "ЦСКА",
          "start_utc": "2025-11-03T16:10:00Z",
          "markets": {
            "ml": {
              "HOME": 1.78,
              "AWAY": 2.05
            },
            "1x2_60": {
              "P1": 2.25,
              "X": 4.6,
              "P2": 2.65
            },
            "double_chance_60": {
              "1X": 1.48,
              "X2": 1.65
            },
            "totals_goals": [
              {
                "line": 3.5,
                "over": 1.22,
                "under": 4.05
              },
              {
                "line": 4,
                "over": 1.3,
                "under": 3.45
              },
              {
                "line": 4.5,
                "over": 1.53,
                "under": 2.4
              },
              {
                "line": 5,
                "over": 1.73,
                "under": 2.05
              },
              {
                "line": 5.5,
                "over": 2.1,
                "under": 1.75
              },
              {
                "line": 6,
                "over": 2.6,
                "under": 1.45
              },
              {
                "line": 6.5,
                "over": 3.05,
                "under": 1.35
              },
              {
                "line": 7,
                "over": 4.3,
                "under": 1.2
              },
              {
                "line": 7.5,
                "over": 4.7,
                "under": 1.17
              }
            ],
            "sog_match": [
              {
                "line": 56.5,
                "over": 1.72,
                "under": 2
              },
              {
                "line": 57.5,
                "over": 1.85,
                "under": 1.85
              },
              {
                "line": 58.5,
                "over": 2,
                "under": 1.72
              }
            ],
            "sog_1x2": {
              "P1": 1.07
            },
            "sog_double_chance": {
              "1X": 1.06
            },
            "period_totals": {
              "1": [
                {
                  "line": 0.5,
                  "over": 1.19,
                  "under": 4.2
                },
                {
                  "line": 1.5,
                  "over": 1.92,
                  "under": 1.78
                },
                {
                  "line": 2.5,
                  "over": 3.8,
                  "under": 1.22
                }
              ],
              "2": [
                {
                  "line": 1.5,
                  "over": 1.67,
                  "under": 2.08
                },
                {
                  "line": 2.5,
                  "over": 3.05,
                  "under": 1.33
                }
              ],
              "3": [
                {
                  "line": 1.5,
                  "over": 1.65,
                  "under": 2.1
                },
                {
                  "line": 2.5,
                  "over": 2.95,
                  "under": 1.35
                }
              ]
            },
            "spreads": [
              {
                "handicap": -1.5,
                "home": 2.9,
                "away": 1.4
              },
              {
                "handicap": -2,
                "home": 3.95,
                "away": 1.23
              },
              {
                "handicap": -2.5,
                "home": 4.4,
                "away": 1.19
              },
              {
                "handicap": 0,
                "home": 1.75,
                "away": 2
              }
            ]
          }
        },
        {
          "home": "Сибирь",
          "away": "Торпедо НН",
          "start_utc": "2025-11-04T10:30:00Z",
          "markets": {
            "ml": {
              "HOME": 2.13,
              "AWAY": 1.7
            },
            "1x2_60": {
              "P1": 2.8,
              "X": 4.3,
              "P2": 2.15
            },
            "double_chance_60": {
              "1X": 1.7,
              "X2": 1.45
            },
            "totals_goals": [
              {
                "line": 3.5,
                "over": 1.25,
                "under": 3.75
              },
              {
                "line": 4,
                "over": 1.33,
                "under": 3.2
              },
              {
                "line": 4.5,
                "over": 1.6,
                "under": 2.25
              },
              {
                "line": 5,
                "over": 1.83,
                "under": 1.91
              },
              {
                "line": 5.5,
                "over": 2.2,
                "under": 1.65
              },
              {
                "line": 6,
                "over": 2.85,
                "under": 1.4
              },
              {
                "line": 6.5,
                "over": 3.3,
                "under": 1.3
              },
              {
                "line": 7,
                "over": 4.7,
                "under": 1.17
              }
            ],
            "period_totals": {
              "1": [
                {
                  "line": 0.5,
                  "over": 1.2,
                  "under": 4.05
                },
                {
                  "line": 1.5,
                  "over": 1.97,
                  "under": 1.73
                },
                {
                  "line": 2.5,
                  "over": 4,
                  "under": 1.2
                }
              ],
              "2": [
                {
                  "line": 0.5,
                  "over": 1.14,
                  "under": 4.9
                },
                {
                  "line": 1.5,
                  "over": 1.7,
                  "under": 2.02
                },
                {
                  "line": 2.5,
                  "over": 3.15,
                  "under": 1.3
                }
              ],
              "3": [
                {
                  "line": 1.5,
                  "over": 1.7,
                  "under": 2.02
                },
                {
                  "line": 2.5,
                  "over": 3.1,
                  "under": 1.32
                }
              ]
            },
            "spreads": [
              {
                "handicap": -1.5,
                "home": 3.7,
                "away": 1.25
              },
              {
                "handicap": 0,
                "home": 2.15,
                "away": 1.65
              }
            ]
          }
        },
        {
          "home": "ХК Сочи",
          "away": "Спартак",
          "start_utc": "2025-11-04T14:00:00Z",
          "markets": {
            "ml": {
              "HOME": 3.5,
              "AWAY": 1.3
            },
            "1x2_60": {
              "X": 4.7,
              "P2": 1.53
            },
            "double_chance_60": {
              "1X": 2.5,
              "X2": 1.16
            },
            "totals_goals": [
              {
                "line": 3.5,
                "over": 1.16,
                "under": 4.8
              },
              {
                "line": 4,
                "over": 1.2,
                "under": 4.2
              },
              {
                "line": 4.5,
                "over": 1.42,
                "under": 2.75
              },
              {
                "line": 5,
                "over": 1.55,
                "under": 2.35
              },
              {
                "line": 5.5,
                "over": 1.85,
                "under": 1.95
              },
              {
                "line": 6,
                "over": 2.2,
                "under": 1.62
              },
              {
                "line": 6.5,
                "over": 2.65,
                "under": 1.45
              },
              {
                "line": 7,
                "over": 3.45,
                "under": 1.28
              },
              {
                "line": 7.5,
                "over": 3.9,
                "under": 1.25
              }
            ],
            "period_totals": {
              "1": [
                {
                  "line": 0.5,
                  "over": 1.16,
                  "under": 4.6
                },
                {
                  "line": 1.5,
                  "over": 1.8,
                  "under": 1.9
                },
                {
                  "line": 2.5,
                  "over": 3.4,
                  "under": 1.27
                }
              ],
              "2": [
                {
                  "line": 1.5,
                  "over": 1.57,
                  "under": 2.25
                },
                {
                  "line": 2.5,
                  "over": 2.75,
                  "under": 1.4
                }
              ],
              "3": [
                {
                  "line": 1.5,
                  "over": 1.55,
                  "under": 2.3
                },
                {
                  "line": 2.5,
                  "over": 2.65,
                  "under": 1.4
                }
              ]
            },
            "spreads": [
              {
                "handicap": -3,
                "home": 4.15,
                "away": 1.2
              },
              {
                "handicap": 0,
                "home": 4,
                "away": 1.23
              }
            ]
          }
        },
        {
          "home": "СКА",
          "away": "Динамо Москва",
          "start_utc": "2025-11-04T14:00:00Z",
          "markets": {
            "ml": {
              "HOME": 2.07,
              "AWAY": 1.75
            },
            "1x2_60": {
              "P1": 2.7,
              "X": 4.35,
              "P2": 2.21
            },
            "double_chance_60": {
              "1X": 1.65,
              "X2": 1.47
            },
            "totals_goals": [
              {
                "line": 3.5,
                "over": 1.23,
                "under": 3.9
              },
              {
                "line": 4,
                "over": 1.3,
                "under": 3.3
              },
              {
                "line": 4.5,
                "over": 1.57,
                "under": 2.35
              },
              {
                "line": 5,
                "over": 1.8,
                "under": 1.95
              },
              {
                "line": 5.5,
                "over": 2.15,
                "under": 1.7
              },
              {
                "line": 6,
                "over": 2.75,
                "under": 1.43
              },
              {
                "line": 6.5,
                "over": 3.2,
                "under": 1.33
              },
              {
                "line": 7,
                "over": 4.5,
                "under": 1.19
              },
              {
                "line": 7.5,
                "over": 5,
                "under": 1.16
              }
            ],
            "period_totals": {
              "1": [
                {
                  "line": 0.5,
                  "over": 1.19,
                  "under": 4.1
                },
                {
                  "line": 1.5,
                  "over": 1.95,
                  "under": 1.75
                },
                {
                  "line": 2.5,
                  "over": 3.9,
                  "under": 1.2
                }
              ],
              "2": [
                {
                  "line": 0.5,
                  "over": 1.13,
                  "under": 5
                },
                {
                  "line": 1.5,
                  "over": 1.7,
                  "under": 2.02
                },
                {
                  "line": 2.5,
                  "over": 3.1,
                  "under": 1.32
                }
              ],
              "3": [
                {
                  "line": 1.5,
                  "over": 1.67,
                  "under": 2.08
                },
                {
                  "line": 2.5,
                  "over": 3,
                  "under": 1.33
                }
              ]
            },
            "spreads": [
              {
                "handicap": -1.5,
                "home": 3.55,
                "away": 1.28
              },
              {
                "handicap": -2,
                "home": 5,
                "away": 1.15
              },
              {
                "handicap": 0,
                "home": 2.07,
                "away": 1.7
              }
            ]
          }
        }
      ]
    }
  ]
}