{
  "bookmaker": "fonbet",
  "generated_at_utc": "2025-11-20T12:12:05Z",
  "version": 1,
  "days": [
    {
      "date": "2025-11-20",
      "league": "KHL",
      "games": [
        {
          "home": "Автомобилист",
          "away": "Металлург Мг",
          "start_utc": "2025-11-20T14:00:00Z",
          "markets": {
            "ml": {
              "HOME": 1.98,
              "AWAY": 1.82
            },
            "1x2_60": {
              "P1": 2.55,
              "X": 4.3,
              "P2": 2.3
            },
            "double_chance_60": {
              "1X": 1.62,
              "X2": 1.5
            },
            "totals_goals": [
              {
                "line": 3.5,
                "over": 1.16,
                "under": 4.8
              },
              {
                "line": 4,
                "over": 1.2,
                "under": 4.15
              },
              {
                "line": 4.5,
                "over": 1.42,
                "under": 2.75
              },
              {
                "line": 5,
                "over": 1.55,
                "under": 2.35
              },
              {
                "line": 5.5,
                "over": 1.85,
                "under": 1.95
              },
              {
                "line": 6,
                "over": 2.25,
                "under": 1.62
              },
              {
                "line": 6.5,
                "over": 2.65,
                "under": 1.45
              },
              {
                "line": 7,
                "over": 3.5,
                "under": 1.28
              },
              {
                "line": 7.5,
                "over": 3.9,
                "under": 1.23
              }
            ],
            "sog_match": [
              {
                "line": 59.5,
                "over": 1.72,
                "under": 2
              },
              {
                "line": 60.5,
                "over": 1.85,
                "under": 1.85
              },
              {
                "line": 61.5,
                "over": 2,
                "under": 1.72
              }
            ],
            "sog_1x2": {
              "P1": 2.4,
              "P2": 1.55
            },
            "sog_double_chance": {
              "1X": 2.3,
              "X2": 1.5
            },
            "period_totals": {
              "1": [
                {
                  "line": 0.5,
                  "over": 1.16,
                  "under": 4.6
                },
                {
                  "line": 1.5,
                  "over": 1.8,
                  "under": 1.9
                },
                {
                  "line": 2.5,
                  "over": 3.45,
                  "under": 1.25
                }
              ],
              "2": [
                {
                  "line": 1.5,
                  "over": 1.58,
                  "under": 2.25
                },
                {
                  "line": 2.5,
                  "over": 2.75,
                  "under": 1.4
                }
              ],
              "3": [
                {
                  "line": 1.5,
                  "over": 1.55,
                  "under": 2.3
                },
                {
                  "line": 2.5,
                  "over": 2.7,
                  "under": 1.4
                }
              ]
            },
            "spreads": [
              {
                "handicap": -1.5,
                "home": 3.3,
                "away": 1.3
              },
              {
                "handicap": -2,
                "home": 4.5,
                "away": 1.18
              },
              {
                "handicap": -2.5,
                "home": 5,
                "away": 1.16
              },
              {
                "handicap": 0,
                "home": 1.97,
                "away": 1.77
              }
            ]
          }
        },
        {
          "home": "Трактор",
          "away": "Амур",
          "start_utc": "2025-11-20T14:00:00Z",
          "markets": {
            "ml": {
              "HOME": 1.33,
              "AWAY": 3.35
            },
            "1x2_60": {
              "P1": 1.55,
              "X": 4.8,
              "P2": 4.8
            },
            "double_chance_60": {
              "1X": 1.18,
              "X2": 2.45
            },
            "totals_goals": [
              {
                "line": 3.5,
                "over": 1.19,
                "under": 4.4
              },
              {
                "line": 4,
                "over": 1.25,
                "under": 3.8
              },
              {
                "line": 4.5,
                "over": 1.47,
                "under": 2.6
              },
              {
                "line": 5,
                "over": 1.63,
                "under": 2.2
              },
              {
                "line": 5.5,
                "over": 1.95,
                "under": 1.85
              },
              {
                "line": 6,
                "over": 2.4,
                "under": 1.55
              },
              {
                "line": 6.5,
                "over": 2.8,
                "under": 1.4
              },
              {
                "line": 7,
                "over": 3.8,
                "under": 1.25
              },
              {
                "line": 7.5,
                "over": 4.3,
                "under": 1.2
              }
            ],
            "sog_match": [
              {
                "line": 64.5,
                "over": 1.73,
                "under": 1.99
              },
              {
                "line": 65.5,
                "over": 1.85,
                "under": 1.85
              },
              {
                "line": 66.5,
                "over": 1.99,
                "under": 1.73
              }
            ],
            "period_totals": {
              "1": [
                {
                  "line": 0.5,
                  "over": 1.17,
                  "under": 4.4
                },
                {
                  "line": 1.5,
                  "over": 1.85,
                  "under": 1.85
                },
                {
                  "line": 2.5,
                  "over": 3.6,
                  "under": 1.25
                }
              ],
              "2": [
                {
                  "line": 1.5,
                  "over": 1.6,
                  "under": 2.2
                },
                {
                  "line": 2.5,
                  "over": 2.85,
                  "under": 1.37
                }
              ],
              "3": [
                {
                  "line": 1.5,
                  "over": 1.6,
                  "under": 2.2
                },
                {
                  "line": 2.5,
                  "over": 2.8,
                  "under": 1.38
                }
              ]
            },
            "spreads": [
              {
                "handicap": -2.5,
                "home": 2.75,
                "away": 1.43
              },
              {
                "handicap": -3,
                "home": 4.4,
                "away": 1.19
              },
              {
                "handicap": 0,
                "home": 1.25,
                "away": 3.7
              }
            ]
          }
        },
        {
          "home": "Хозяева",
          "away": "Гости",
          "start_utc": "2025-11-20T14:00:00Z",
          "markets": {
            "1x2_60": {
              "P1": 1.28,
              "P2": 4.4
            },
            "double_chance_60": {
              "1X": 1.17,
              "X2": 3.35
            },
            "period_totals": {
              "1": [
                {
                  "line": 1.5,
                  "over": 1.14,
                  "under": 1.87
                },
                {
                  "line": 8.5,
                  "over": 1.35,
                  "under": 2.9
                },
                {
                  "line": 9.5,
                  "over": 1.62,
                  "under": 2.15
                },
                {
                  "line": 10.5,
                  "over": 2,
                  "under": 1.72
                },
                {
                  "line": 11.5,
                  "over": 2.55,
                  "under": 1.45
                },
                {
                  "line": 12.5,
                  "over": 3.45,
                  "under": 1.26
                }
              ]
            },
            "spreads": [
              {
                "handicap": -5.5,
                "home": 2.03,
                "away": 1.7
              },
              {
                "handicap": -6.5,
                "home": 2.35,
                "away": 1.52
              },
              {
                "handicap": -7.5,
                "home": 2.7,
                "away": 1.4
              }
            ]
          }
        }
      ]
    },
    {
      "date": "2025-11-21",
      "league": "KHL",
      "games": [
        {
          "home": "Северсталь",
          "away": "Адмирал",
          "start_utc": "2025-11-20T16:00:00Z",
          "markets": {
            "ml": {
              "HOME": 1.4,
              "AWAY": 3
            },
            "1x2_60": {
              "P1": 1.68,
              "X": 4.4,
              "P2": 4.4
            },
            "double_chance_60": {
              "1X": 1.2,
              "X2": 2.2
            },
            "totals_goals": [
              {
                "line": 3.5,
                "over": 1.2,
                "under": 4.3
              },
              {
                "line": 4,
                "over": 1.25,
                "under": 3.65
              },
              {
                "line": 4.5,
                "over": 1.5,
                "under": 2.5
              },
              {
                "line": 5,
                "over": 1.67,
                "under": 2.13
              },
              {
                "line": 5.5,
                "over": 2,
                "under": 1.8
              },
              {
                "line": 6,
                "over": 2.5,
                "under": 1.5
              },
              {
                "line": 6.5,
                "over": 2.95,
                "under": 1.38
              },
              {
                "line": 7,
                "over": 4,
                "under": 1.23
              },
              {
                "line": 7.5,
                "over": 4.4,
                "under": 1.19
              }
            ],
            "sog_match": [
              {
                "line": 54.5,
                "over": 1.7,
                "under": 2.03
              },
              {
                "line": 55.5,
                "over": 1.85,
                "under": 1.85
              },
              {
                "line": 56.5,
                "over": 2,
                "under": 1.72
              }
            ],
            "sog_1x2": {
              "P1": 2,
              "P2": 1.8
            },
            "sog_double_chance": {
              "1X": 1.9,
              "X2": 1.72
            },
            "period_totals": {
              "1": [
                {
                  "line": 0.5,
                  "over": 1.18,
                  "under": 4.3
                },
                {
                  "line": 1.5,
                  "over": 1.87,
                  "under": 1.83
                },
                {
                  "line": 2.5,
                  "over": 3.65,
                  "under": 1.25
                }
              ],
              "2": [
                {
                  "line": 1.5,
                  "over": 1.63,
                  "under": 2.13
                },
                {
                  "line": 2.5,
                  "over": 2.95,
                  "under": 1.35
                }
              ],
              "3": [
                {
                  "line": 1.5,
                  "over": 1.6,
                  "under": 2.2
                },
                {
                  "line": 2.5,
                  "over": 2.85,
                  "under": 1.37
                }
              ]
            },
            "spreads": [
              {
                "handicap": -2.5,
                "home": 2.95,
                "away": 1.37
              },
              {
                "handicap": -3,
                "home": 4.8,
                "away": 1.16
              },
              {
                "handicap": 0,
                "home": 1.3,
                "away": 3.25
              }
            ]
          }
        },
        {
          "home": "Динамо Минск",
          "away": "ЦСКА",
          "start_utc": "2025-11-20T16:30:00Z",
          "markets": {
            "ml": {
              "HOME": 1.75,
              "AWAY": 2.1
            },
            "1x2_60": {
              "P1": 2.2,
              "X": 4.2,
              "P2": 2.8
            },
            "double_chance_60": {
              "1X": 1.45,
              "X2": 1.67
            },
            "totals_goals": [
              {
                "line": 3.5,
                "over": 1.23,
                "under": 3.9
              },
              {
                "line": 4,
                "over": 1.3,
                "under": 3.3
              },
              {
                "line": 4.5,
                "over": 1.57,
                "under": 2.35
              },
              {
                "line": 5,
                "over": 1.8,
                "under": 1.95
              },
              {
                "line": 5.5,
                "over": 2.15,
                "under": 1.7
              },
              {
                "line": 6,
                "over": 2.75,
                "under": 1.43
              },
              {
                "line": 6.5,
                "over": 3.2,
                "under": 1.33
              },
              {
                "line": 7,
                "over": 4.5,
                "under": 1.19
              },
              {
                "line": 7.5,
                "over": 4.9,
                "under": 1.16
              }
            ],
            "sog_match": [
              {
                "line": 55.5,
                "over": 1.72,
                "under": 2
              },
              {
                "line": 56.5,
                "over": 1.85,
                "under": 1.85
              },
              {
                "line": 57.5,
                "over": 2,
                "under": 1.72
              }
            ],
            "sog_1x2": {
              "P1": 1.19,
              "P2": 4.4
            },
            "sog_double_chance": {
              "1X": 1.17,
              "X2": 4.15
            },
            "period_totals": {
              "1": [
                {
                  "line": 0.5,
                  "over": 1.19,
                  "under": 4.1
                },
                {
                  "line": 1.5,
                  "over": 1.95,
                  "under": 1.75
                },
                {
                  "line": 2.5,
                  "over": 3.9,
                  "under": 1.2
                }
              ],
              "2": [
                {
                  "line": 0.5,
                  "over": 1.13,
                  "under": 5
                },
                {
                  "line": 1.5,
                  "over": 1.7,
                  "under": 2.02
                },
                {
                  "line": 2.5,
                  "over": 3.1,
                  "under": 1.32
                }
              ],
              "3": [
                {
                  "line": 1.5,
                  "over": 1.65,
                  "under": 2.1
                },
                {
                  "line": 2.5,
                  "over": 3,
                  "under": 1.33
                }
              ]
            },
            "spreads": [
              {
                "handicap": -1.5,
                "home": 2.9,
                "away": 1.4
              },
              {
                "handicap": -2,
                "home": 4,
                "away": 1.22
              },
              {
                "handicap": -2.5,
                "home": 4.5,
                "away": 1.19
              },
              {
                "handicap": 0,
                "home": 1.7,
                "away": 2.1
              }
            ]
          }
        },
        {
          "home": "Торпедо НН",
          "away": "Спартак",
          "start_utc": "2025-11-20T16:30:00Z",
          "markets": {
            "ml": {
              "HOME": 1.87,
              "AWAY": 1.93
            },
            "1x2_60": {
              "P1": 2.45,
              "X": 4.2,
              "P2": 2.55
            },
            "double_chance_60": {
              "1X": 1.5,
              "X2": 1.55
            },
            "totals_goals": [
              {
                "line": 4,
                "over": 1.18,
                "under": 4.5
              },
              {
                "line": 4.5,
                "over": 1.38,
                "under": 2.9
              },
              {
                "line": 5,
                "over": 1.5,
                "under": 2.5
              },
              {
                "line": 5.5,
                "over": 1.78,
                "under": 2.05
              },
              {
                "line": 6,
                "over": 2.1,
                "under": 1.7
              },
              {
                "line": 6.5,
                "over": 2.5,
                "under": 1.5
              },
              {
                "line": 7,
                "over": 3.25,
                "under": 1.32
              },
              {
                "line": 7.5,
                "over": 3.65,
                "under": 1.25
              }
            ],
            "sog_match": [
              {
                "line": 63.5,
                "over": 1.73,
                "under": 1.99
              },
              {
                "line": 64.5,
                "over": 1.85,
                "under": 1.85
              },
              {
                "line": 65.5,
                "over": 1.99,
                "under": 1.73
              }
            ],
            "sog_1x2": {
              "P1": 2.15,
              "P2": 1.68
            },
            "sog_double_chance": {
              "1X": 2.05,
              "X2": 1.62
            },
            "period_totals": {
              "1": [
                {
                  "line": 0.5,
                  "over": 1.15,
                  "under": 4.7
                },
                {
                  "line": 1.5,
                  "over": 1.75,
                  "under": 1.95
                },
                {
                  "line": 2.5,
                  "over": 3.3,
                  "under": 1.28
                }
              ],
              "2": [
                {
                  "line": 1.5,
                  "over": 1.55,
                  "under": 2.3
                },
                {
                  "line": 2.5,
                  "over": 2.65,
                  "under": 1.42
                }
              ],
              "3": [
                {
                  "line": 1.5,
                  "over": 1.52,
                  "under": 2.35
                },
                {
                  "line": 2.5,
                  "over": 2.6,
                  "under": 1.45
                },
                {
                  "line": 3.5,
                  "over": 5,
                  "under": 1.13
                }
              ]
            },
            "spreads": [
              {
                "handicap": -1.5,
                "home": 3.1,
                "away": 1.35
              },
              {
                "handicap": -2,
                "home": 4.15,
                "away": 1.2
              },
              {
                "handicap": -2.5,
                "home": 4.6,
                "away": 1.18
              },
              {
                "handicap": 0,
                "home": 1.85,
                "away": 1.9
              }
            ]
          }
        },
        {
          "home": "Динамо Москва",
          "away": "Сибирь",
          "start_utc": "2025-11-20T16:30:00Z",
          "markets": {
            "ml": {
              "HOME": 1.23,
              "AWAY": 4.15
            },
            "1x2_60": {
              "P1": 1.4
            },
            "double_chance_60": {
              "1X": 1.12,
              "X2": 2.95
            },
            "totals_goals": [
              {
                "line": 3.5,
                "over": 1.18,
                "under": 4.6
              },
              {
                "line": 4,
                "over": 1.22,
                "under": 4
              },
              {
                "line": 4.5,
                "over": 1.45,
                "under": 2.7
              },
              {
                "line": 5,
                "over": 1.6,
                "under": 2.3
              },
              {
                "line": 5.5,
                "over": 1.9,
                "under": 1.9
              },
              {
                "line": 6,
                "over": 2.3,
                "under": 1.58
              },
              {
                "line": 6.5,
                "over": 2.7,
                "under": 1.43
              },
              {
                "line": 7,
                "over": 3.65,
                "under": 1.25
              },
              {
                "line": 7.5,
                "over": 4.1,
                "under": 1.22
              }
            ],
            "sog_match": [
              {
                "line": 57.5,
                "over": 1.72,
                "under": 2
              },
              {
                "line": 58.5,
                "over": 1.85,
                "under": 1.85
              },
              {
                "line": 59.5,
                "over": 2,
                "under": 1.72
              }
            ],
            "sog_1x2": {
              "P1": 1.1
            },
            "sog_double_chance": {
              "1X": 1.1
            },
            "period_totals": {
              "1": [
                {
                  "line": 0.5,
                  "over": 1.16,
                  "under": 4.5
                },
                {
                  "line": 1.5,
                  "over": 1.82,
                  "under": 1.88
                },
                {
                  "line": 2.5,
                  "over": 3.5,
                  "under": 1.25
                }
              ],
              "2": [
                {
                  "line": 1.5,
                  "over": 1.6,
                  "under": 2.2
                },
                {
                  "line": 2.5,
                  "over": 2.8,
                  "under": 1.38
                }
              ],
              "3": [
                {
                  "line": 1.5,
                  "over": 1.57,
                  "under": 2.25
                },
                {
                  "line": 2.5,
                  "over": 2.75,
                  "under": 1.4
                }
              ]
            },
            "spreads": [
              {
                "handicap": -2.5,
                "home": 2.45,
                "away": 1.52
              },
              {
                "handicap": -3,
                "home": 3.85,
                "away": 1.25
              },
              {
                "handicap": -3.5,
                "home": 4.6,
                "away": 1.18
              },
              {
                "handicap": 0,
                "home": 1.17,
                "away": 4.8
              }
            ]
          }
        },
        {
          "home": "Барыс",
          "away": "Салават Юлаев",
          "start_utc": "2025-11-21T14:00:00Z",
          "markets": {
            "ml": {
              "HOME": 1.93,
              "AWAY": 1.87
            },
            "1x2_60": {
              "P1": 2.5,
              "X": 4.2,
              "P2": 2.4
            },
            "double_chance_60": {
              "1X": 1.57,
              "X2": 1.53
            },
            "totals_goals": [
              {
                "line": 3.5,
                "over": 1.23,
                "under": 3.9
              },
              {
                "line": 4,
                "over": 1.3,
                "under": 3.3
              },
              {
                "line": 4.5,
                "over": 1.57,
                "under": 2.35
              },
              {
                "line": 5,
                "over": 1.8,
                "under": 1.95
              },
              {
                "line": 5.5,
                "over": 2.15,
                "under": 1.7
              },
              {
                "line": 6,
                "over": 2.75,
                "under": 1.43
              },
              {
                "line": 6.5,
                "over": 3.2,
                "under": 1.33
              },
              {
                "line": 7,
                "over": 4.5,
                "under": 1.19
              },
              {
                "line": 7.5,
                "over": 5,
                "under": 1.16
              }
            ],
            "period_totals": {
              "1": [
                {
                  "line": 0.5,
                  "over": 1.19,
                  "under": 4.1
                },
                {
                  "line": 1.5,
                  "over": 1.95,
                  "under": 1.75
                },
                {
                  "line": 2.5,
                  "over": 3.9,
                  "under": 1.2
                }
              ],
              "2": [
                {
                  "line": 0.5,
                  "over": 1.13,
                  "under": 5
                },
                {
                  "line": 1.5,
                  "over": 1.7,
                  "under": 2.02
                },
                {
                  "line": 2.5,
                  "over": 3.1,
                  "under": 1.32
                }
              ],
              "3": [
                {
                  "line": 1.5,
                  "over": 1.67,
                  "under": 2.08
                },
                {
                  "line": 2.5,
                  "over": 3,
                  "under": 1.33
                }
              ]
            },
            "spreads": [
              {
                "handicap": -1.5,
                "home": 3.3,
                "away": 1.3
              },
              {
                "handicap": -2,
                "home": 4.6,
                "away": 1.18
              },
              {
                "handicap": 0,
                "home": 1.9,
                "away": 1.85
              }
            ]
          }
        }
      ]
    }
  ]
}