{
  "bookmaker": "fonbet",
  "generated_at_utc": "2025-11-17T03:02:38Z",
  "version": 1,
  "days": [
    {
      "date": "2025-11-17",
      "league": "KHL",
      "games": [
        {
          "home": "Сибирь",
          "away": "Шанхай Дрэгонс",
          "start_utc": "2025-11-17T12:30:00Z",
          "markets": {
            "ml": {
              "HOME": 2.25,
              "AWAY": 1.65
            },
            "1x2_60": {
              "P1": 3.05,
              "X": 4.2,
              "P2": 2.05
            },
            "double_chance_60": {
              "1X": 1.77,
              "X2": 1.38
            },
            "totals_goals": [
              {
                "line": 3.5,
                "over": 1.23,
                "under": 3.9
              },
              {
                "line": 4,
                "over": 1.3,
                "under": 3.3
              },
              {
                "line": 4.5,
                "over": 1.57,
                "under": 2.35
              },
              {
                "line": 5,
                "over": 1.8,
                "under": 1.95
              },
              {
                "line": 5.5,
                "over": 2.15,
                "under": 1.7
              },
              {
                "line": 6,
                "over": 2.75,
                "under": 1.43
              },
              {
                "line": 6.5,
                "over": 3.2,
                "under": 1.33
              },
              {
                "line": 7,
                "over": 4.5,
                "under": 1.19
              },
              {
                "line": 7.5,
                "over": 4.9,
                "under": 1.16
              }
            ],
            "period_totals": {
              "1": [
                {
                  "line": 0.5,
                  "over": 1.19,
                  "under": 4.1
                },
                {
                  "line": 1.5,
                  "over": 1.95,
                  "under": 1.75
                },
                {
                  "line": 2.5,
                  "over": 3.9,
                  "under": 1.2
                }
              ],
              "2": [
                {
                  "line": 0.5,
                  "over": 1.13,
                  "under": 5
                },
                {
                  "line": 1.5,
                  "over": 1.7,
                  "under": 2.02
                },
                {
                  "line": 2.5,
                  "over": 3.1,
                  "under": 1.32
                }
              ],
              "3": [
                {
                  "line": 1.5,
                  "over": 1.65,
                  "under": 2.1
                },
                {
                  "line": 2.5,
                  "over": 3,
                  "under": 1.33
                }
              ]
            },
            "spreads": [
              {
                "handicap": -1.5,
                "home": 4.2,
                "away": 1.2
              },
              {
                "handicap": -2,
                "home": 3.55,
                "away": 1.27
              },
              {
                "handicap": 0,
                "home": 2.3,
                "away": 1.58
              }
            ]
          }
        },
        {
          "home": "Хозяева",
          "away": "Гости",
          "start_utc": "2025-11-17T12:30:00Z",
          "markets": {
            "1x2_60": {
              "P1": 1.75,
              "P2": 2.6
            },
            "double_chance_60": {
              "1X": 1.45,
              "X2": 1.95
            },
            "totals_goals": [
              {
                "line": 3.5,
                "over": 1.09,
                "under": 1.28
              }
            ],
            "period_totals": {
              "1": [
                {
                  "line": 1.5,
                  "over": 1.17,
                  "under": 1.37
                },
                {
                  "line": 2.5,
                  "over": 1.06,
                  "under": 1.11
                },
                {
                  "line": 3.5,
                  "over": 1.33,
                  "under": 3
                },
                {
                  "line": 4.5,
                  "over": 1.75,
                  "under": 1.95
                },
                {
                  "line": 5.5,
                  "over": 2.5,
                  "under": 1.47
                },
                {
                  "line": 6.5,
                  "over": 3.7,
                  "under": 1.23
                }
              ]
            },
            "spreads": [
              {
                "handicap": -2.5,
                "home": 4.4,
                "away": 1.17
              },
              {
                "handicap": -3.5,
                "home": 3.3,
                "away": 1.28
              },
              {
                "handicap": -4.5,
                "home": 4.4,
                "away": 1.17
              }
            ]
          }
        }
      ]
    },
    {
      "date": "2025-11-18",
      "league": "KHL",
      "games": [
        {
          "home": "Локомотив Ярославль",
          "away": "Салават Юлаев",
          "start_utc": "2025-11-17T16:00:00Z",
          "markets": {
            "ml": {
              "HOME": 1.22,
              "AWAY": 4.3
            },
            "1x2_60": {
              "P1": 1.42
            },
            "double_chance_60": {
              "1X": 1.11,
              "X2": 2.85
            },
            "totals_goals": [
              {
                "line": 3.5,
                "over": 1.25,
                "under": 3.7
              },
              {
                "line": 4,
                "over": 1.35,
                "under": 3.15
              },
              {
                "line": 4.5,
                "over": 1.6,
                "under": 2.25
              },
              {
                "line": 5,
                "over": 1.85,
                "under": 1.9
              },
              {
                "line": 5.5,
                "over": 2.2,
                "under": 1.65
              },
              {
                "line": 6,
                "over": 2.85,
                "under": 1.4
              },
              {
                "line": 6.5,
                "over": 3.35,
                "under": 1.3
              },
              {
                "line": 7,
                "over": 4.7,
                "under": 1.17
              }
            ],
            "period_totals": {
              "1": [
                {
                  "line": 0.5,
                  "over": 1.2,
                  "under": 4.05
                },
                {
                  "line": 1.5,
                  "over": 1.97,
                  "under": 1.73
                },
                {
                  "line": 2.5,
                  "over": 4,
                  "under": 1.2
                }
              ],
              "2": [
                {
                  "line": 0.5,
                  "over": 1.14,
                  "under": 4.9
                },
                {
                  "line": 1.5,
                  "over": 1.72,
                  "under": 2
                },
                {
                  "line": 2.5,
                  "over": 3.2,
                  "under": 1.3
                }
              ],
              "3": [
                {
                  "line": 1.5,
                  "over": 1.7,
                  "under": 2.02
                },
                {
                  "line": 2.5,
                  "over": 3.1,
                  "under": 1.32
                }
              ]
            },
            "spreads": [
              {
                "handicap": -2.5,
                "home": 2.55,
                "away": 1.48
              },
              {
                "handicap": -3,
                "home": 4.05,
                "away": 1.22
              },
              {
                "handicap": -3.5,
                "home": 4.8,
                "away": 1.17
              },
              {
                "handicap": 0,
                "home": 1.16,
                "away": 4.9
              }
            ]
          }
        },
        {
          "home": "ХК Сочи",
          "away": "Барыс",
          "start_utc": "2025-11-17T16:30:00Z",
          "markets": {
            "ml": {
              "HOME": 1.92,
              "AWAY": 1.88
            },
            "1x2_60": {
              "P1": 2.5,
              "X": 4.2,
              "P2": 2.42
            },
            "double_chance_60": {
              "1X": 1.55,
              "X2": 1.53
            },
            "totals_goals": [
              {
                "line": 3.5,
                "over": 1.22,
                "under": 4.05
              },
              {
                "line": 4,
                "over": 1.3,
                "under": 3.45
              },
              {
                "line": 4.5,
                "over": 1.55,
                "under": 2.4
              },
              {
                "line": 5,
                "over": 1.75,
                "under": 2
              },
              {
                "line": 5.5,
                "over": 2.1,
                "under": 1.75
              },
              {
                "line": 6,
                "over": 2.65,
                "under": 1.45
              },
              {
                "line": 6.5,
                "over": 3.1,
                "under": 1.35
              },
              {
                "line": 7,
                "over": 4.3,
                "under": 1.2
              },
              {
                "line": 7.5,
                "over": 4.7,
                "under": 1.17
              }
            ],
            "period_totals": {
              "1": [
                {
                  "line": 0.5,
                  "over": 1.19,
                  "under": 4.2
                },
                {
                  "line": 1.5,
                  "over": 1.9,
                  "under": 1.8
                },
                {
                  "line": 2.5,
                  "over": 3.8,
                  "under": 1.22
                }
              ],
              "2": [
                {
                  "line": 1.5,
                  "over": 1.67,
                  "under": 2.08
                },
                {
                  "line": 2.5,
                  "over": 3.05,
                  "under": 1.33
                }
              ],
              "3": [
                {
                  "line": 1.5,
                  "over": 1.65,
                  "under": 2.1
                },
                {
                  "line": 2.5,
                  "over": 2.95,
                  "under": 1.35
                }
              ]
            },
            "spreads": [
              {
                "handicap": -1.5,
                "home": 3.25,
                "away": 1.32
              },
              {
                "handicap": -2,
                "home": 4.6,
                "away": 1.18
              },
              {
                "handicap": -2.5,
                "home": 5,
                "away": 1.15
              },
              {
                "handicap": 0,
                "home": 1.9,
                "away": 1.85
              }
            ]
          }
        },
        {
          "home": "Трактор",
          "away": "Металлург Мг",
          "start_utc": "2025-11-18T14:00:00Z",
          "markets": {
            "ml": {
              "HOME": 2.05,
              "AWAY": 1.77
            },
            "1x2_60": {
              "P1": 2.7,
              "X": 4.2,
              "P2": 2.25
            },
            "double_chance_60": {
              "1X": 1.65,
              "X2": 1.47
            },
            "totals_goals": [
              {
                "line": 3.5,
                "over": 1.17,
                "under": 4.8
              },
              {
                "line": 4,
                "over": 1.2,
                "under": 4.15
              },
              {
                "line": 4.5,
                "over": 1.42,
                "under": 2.75
              },
              {
                "line": 5,
                "over": 1.55,
                "under": 2.35
              },
              {
                "line": 5.5,
                "over": 1.85,
                "under": 1.95
              },
              {
                "line": 6,
                "over": 2.25,
                "under": 1.62
              },
              {
                "line": 6.5,
                "over": 2.65,
                "under": 1.45
              },
              {
                "line": 7,
                "over": 3.5,
                "under": 1.28
              },
              {
                "line": 7.5,
                "over": 3.9,
                "under": 1.23
              }
            ],
            "period_totals": {
              "1": [
                {
                  "line": 0.5,
                  "over": 1.16,
                  "under": 4.6
                },
                {
                  "line": 1.5,
                  "over": 1.8,
                  "under": 1.9
                },
                {
                  "line": 2.5,
                  "over": 3.45,
                  "under": 1.25
                }
              ],
              "2": [
                {
                  "line": 1.5,
                  "over": 1.58,
                  "under": 2.25
                },
                {
                  "line": 2.5,
                  "over": 2.75,
                  "under": 1.4
                }
              ],
              "3": [
                {
                  "line": 1.5,
                  "over": 1.55,
                  "under": 2.3
                },
                {
                  "line": 2.5,
                  "over": 2.7,
                  "under": 1.4
                }
              ]
            },
            "spreads": [
              {
                "handicap": -1.5,
                "home": 3.5,
                "away": 1.28
              },
              {
                "handicap": -2,
                "home": 4.8,
                "away": 1.17
              },
              {
                "handicap": 0,
                "home": 2.05,
                "away": 1.72
              }
            ]
          }
        },
        {
          "home": "Автомобилист",
          "away": "Нефтехимик",
          "start_utc": "2025-11-18T14:00:00Z",
          "markets": {
            "ml": {
              "HOME": 1.53,
              "AWAY": 2.5
            },
            "1x2_60": {
              "P1": 1.9,
              "X": 4.2,
              "P2": 3.47
            },
            "double_chance_60": {
              "1X": 1.3,
              "X2": 1.9
            },
            "totals_goals": [
              {
                "line": 3.5,
                "over": 1.22,
                "under": 4.05
              },
              {
                "line": 4,
                "over": 1.3,
                "under": 3.45
              },
              {
                "line": 4.5,
                "over": 1.55,
                "under": 2.4
              },
              {
                "line": 5,
                "over": 1.75,
                "under": 2
              },
              {
                "line": 5.5,
                "over": 2.1,
                "under": 1.75
              },
              {
                "line": 6,
                "over": 2.65,
                "under": 1.45
              },
              {
                "line": 6.5,
                "over": 3.1,
                "under": 1.35
              },
              {
                "line": 7,
                "over": 4.3,
                "under": 1.2
              },
              {
                "line": 7.5,
                "over": 4.7,
                "under": 1.17
              }
            ],
            "period_totals": {
              "1": [
                {
                  "line": 0.5,
                  "over": 1.19,
                  "under": 4.2
                },
                {
                  "line": 1.5,
                  "over": 1.9,
                  "under": 1.8
                },
                {
                  "line": 2.5,
                  "over": 3.8,
                  "under": 1.22
                }
              ],
              "2": [
                {
                  "line": 1.5,
                  "over": 1.67,
                  "under": 2.08
                },
                {
                  "line": 2.5,
                  "over": 3.05,
                  "under": 1.33
                }
              ],
              "3": [
                {
                  "line": 1.5,
                  "over": 1.65,
                  "under": 2.1
                },
                {
                  "line": 2.5,
                  "over": 2.95,
                  "under": 1.35
                }
              ]
            },
            "spreads": [
              {
                "handicap": -1.5,
                "home": 2.4,
                "away": 1.55
              },
              {
                "handicap": -2,
                "home": 3.15,
                "away": 1.35
              },
              {
                "handicap": -2.5,
                "home": 3.55,
                "away": 1.27
              },
              {
                "handicap": 0,
                "home": 1.45,
                "away": 2.6
              }
            ]
          }
        },
        {
          "home": "Лада",
          "away": "Авангард",
          "start_utc": "2025-11-18T15:00:00Z",
          "markets": {
            "ml": {
              "HOME": 3.4,
              "AWAY": 1.32
            },
            "1x2_60": {
              "P1": 5,
              "X": 4.8,
              "P2": 1.55
            },
            "double_chance_60": {
              "1X": 2.45,
              "X2": 1.17
            },
            "totals_goals": [
              {
                "line": 3.5,
                "over": 1.16,
                "under": 4.8
              },
              {
                "line": 4,
                "over": 1.2,
                "under": 4.2
              },
              {
                "line": 4.5,
                "over": 1.42,
                "under": 2.75
              },
              {
                "line": 5,
                "over": 1.55,
                "under": 2.35
              },
              {
                "line": 5.5,
                "over": 1.85,
                "under": 1.95
              },
              {
                "line": 6,
                "over": 2.2,
                "under": 1.62
              },
              {
                "line": 6.5,
                "over": 2.65,
                "under": 1.45
              },
              {
                "line": 7,
                "over": 3.45,
                "under": 1.28
              },
              {
                "line": 7.5,
                "over": 3.9,
                "under": 1.23
              }
            ],
            "period_totals": {
              "1": [
                {
                  "line": 0.5,
                  "over": 1.16,
                  "under": 4.6
                },
                {
                  "line": 1.5,
                  "over": 1.8,
                  "under": 1.9
                },
                {
                  "line": 2.5,
                  "over": 3.45,
                  "under": 1.27
                }
              ],
              "2": [
                {
                  "line": 1.5,
                  "over": 1.57,
                  "under": 2.25
                },
                {
                  "line": 2.5,
                  "over": 2.75,
                  "under": 1.4
                }
              ],
              "3": [
                {
                  "line": 1.5,
                  "over": 1.55,
                  "under": 2.3
                },
                {
                  "line": 2.5,
                  "over": 2.7,
                  "under": 1.4
                }
              ]
            },
            "spreads": [
              {
                "handicap": -3,
                "home": 4.2,
                "away": 1.2
              },
              {
                "handicap": 0,
                "home": 3.8,
                "away": 1.25
              }
            ]
          }
        }
      ]
    }
  ]
}