{
  "bookmaker": "fonbet",
  "generated_at_utc": "2025-11-01T13:39:56Z",
  "version": 1,
  "days": [
    {
      "date": "2025-11-02",
      "league": "KHL",
      "games": [
        {
          "home": "Ак Барс",
          "away": "Лада",
          "start_utc": "2025-11-01T16:00:00Z",
          "markets": {
            "ml": {
              "HOME": 1.2,
              "AWAY": 4.6
            },
            "1x2_60": {
              "P1": 1.35
            },
            "double_chance_60": {
              "1X": 1.1,
              "X2": 3.2
            },
            "totals_goals": [
              {
                "line": 3.5,
                "over": 1.2,
                "under": 4.3
              },
              {
                "line": 4,
                "over": 1.25,
                "under": 3.65
              },
              {
                "line": 4.5,
                "over": 1.5,
                "under": 2.55
              },
              {
                "line": 5,
                "over": 1.67,
                "under": 2.15
              },
              {
                "line": 5.5,
                "over": 2,
                "under": 1.8
              },
              {
                "line": 6,
                "over": 2.45,
                "under": 1.5
              },
              {
                "line": 6.5,
                "over": 2.9,
                "under": 1.4
              },
              {
                "line": 7,
                "over": 4,
                "under": 1.23
              },
              {
                "line": 7.5,
                "over": 4.4,
                "under": 1.19
              }
            ],
            "sog_match": [
              {
                "line": 60.5,
                "over": 1.72,
                "under": 2
              },
              {
                "line": 61.5,
                "over": 1.85,
                "under": 1.85
              },
              {
                "line": 62.5,
                "over": 2,
                "under": 1.72
              }
            ],
            "sog_1x2": {
              "P1": 1.05
            },
            "sog_double_chance": {
              "1X": 1.05
            },
            "period_totals": {
              "1": [
                {
                  "line": 0.5,
                  "over": 1.18,
                  "under": 4.3
                },
                {
                  "line": 1.5,
                  "over": 1.87,
                  "under": 1.83
                },
                {
                  "line": 2.5,
                  "over": 3.7,
                  "under": 1.25
                }
              ],
              "2": [
                {
                  "line": 1.5,
                  "over": 1.65,
                  "under": 2.1
                },
                {
                  "line": 2.5,
                  "over": 2.95,
                  "under": 1.35
                }
              ],
              "3": [
                {
                  "line": 1.5,
                  "over": 1.6,
                  "under": 2.2
                },
                {
                  "line": 2.5,
                  "over": 2.85,
                  "under": 1.37
                }
              ]
            },
            "spreads": [
              {
                "handicap": -2.5,
                "home": 2.4,
                "away": 1.55
              },
              {
                "handicap": -3,
                "home": 3.7,
                "away": 1.25
              },
              {
                "handicap": -3.5,
                "home": 4.5,
                "away": 1.19
              }
            ]
          }
        },
        {
          "home": "Северсталь",
          "away": "Шанхай Дрэгонс",
          "start_utc": "2025-11-01T16:00:00Z",
          "markets": {
            "ml": {
              "HOME": 1.58,
              "AWAY": 2.4
            },
            "1x2_60": {
              "P1": 1.95,
              "X": 4.4,
              "P2": 3.21
            },
            "double_chance_60": {
              "1X": 1.35,
              "X2": 1.85
            },
            "totals_goals": [
              {
                "line": 3.5,
                "over": 1.2,
                "under": 4.3
              },
              {
                "line": 4,
                "over": 1.25,
                "under": 3.65
              },
              {
                "line": 4.5,
                "over": 1.5,
                "under": 2.5
              },
              {
                "line": 5,
                "over": 1.68,
                "under": 2.13
              },
              {
                "line": 5.5,
                "over": 2,
                "under": 1.8
              },
              {
                "line": 6,
                "over": 2.5,
                "under": 1.5
              },
              {
                "line": 6.5,
                "over": 2.95,
                "under": 1.38
              },
              {
                "line": 7,
                "over": 4,
                "under": 1.22
              },
              {
                "line": 7.5,
                "over": 4.5,
                "under": 1.19
              }
            ],
            "sog_match": [
              {
                "line": 57.5,
                "over": 1.72,
                "under": 2
              },
              {
                "line": 58.5,
                "over": 1.85,
                "under": 1.85
              },
              {
                "line": 59.5,
                "over": 2,
                "under": 1.72
              }
            ],
            "sog_1x2": {
              "P1": 1.14,
              "P2": 5
            },
            "sog_double_chance": {
              "1X": 1.13,
              "X2": 4.9
            },
            "period_totals": {
              "1": [
                {
                  "line": 0.5,
                  "over": 1.18,
                  "under": 4.3
                },
                {
                  "line": 1.5,
                  "over": 1.88,
                  "under": 1.82
                },
                {
                  "line": 2.5,
                  "over": 3.7,
                  "under": 1.23
                }
              ],
              "2": [
                {
                  "line": 1.5,
                  "over": 1.65,
                  "under": 2.1
                },
                {
                  "line": 2.5,
                  "over": 2.95,
                  "under": 1.35
                }
              ],
              "3": [
                {
                  "line": 1.5,
                  "over": 1.6,
                  "under": 2.2
                },
                {
                  "line": 2.5,
                  "over": 2.85,
                  "under": 1.37
                }
              ]
            },
            "spreads": [
              {
                "handicap": -1.5,
                "home": 2.45,
                "away": 1.52
              },
              {
                "handicap": -2,
                "home": 3.25,
                "away": 1.32
              },
              {
                "handicap": -2.5,
                "home": 3.7,
                "away": 1.25
              },
              {
                "handicap": 0,
                "home": 1.52,
                "away": 2.45
              }
            ]
          }
        },
        {
          "home": "Динамо Москва",
          "away": "ЦСКА",
          "start_utc": "2025-11-01T16:30:00Z",
          "markets": {
            "ml": {
              "HOME": 1.85,
              "AWAY": 1.95
            },
            "1x2_60": {
              "P1": 2.45,
              "X": 4.3,
              "P2": 2.55
            },
            "double_chance_60": {
              "1X": 1.5,
              "X2": 1.55
            },
            "totals_goals": [
              {
                "line": 3.5,
                "over": 1.25,
                "under": 3.7
              },
              {
                "line": 4,
                "over": 1.35,
                "under": 3.1
              },
              {
                "line": 4.5,
                "over": 1.62,
                "under": 2.25
              },
              {
                "line": 5,
                "over": 1.87,
                "under": 1.88
              },
              {
                "line": 5.5,
                "over": 2.3,
                "under": 1.63
              },
              {
                "line": 6,
                "over": 2.9,
                "under": 1.38
              },
              {
                "line": 6.5,
                "over": 3.4,
                "under": 1.3
              },
              {
                "line": 7,
                "over": 4.8,
                "under": 1.16
              }
            ],
            "sog_match": [
              {
                "line": 53.5,
                "over": 1.72,
                "under": 2
              },
              {
                "line": 54.5,
                "over": 1.85,
                "under": 1.85
              },
              {
                "line": 55.5,
                "over": 2.03,
                "under": 1.7
              }
            ],
            "sog_1x2": {
              "P1": 1.53,
              "P2": 2.45
            },
            "sog_double_chance": {
              "1X": 1.48,
              "X2": 2.35
            },
            "period_totals": {
              "1": [
                {
                  "line": 0.5,
                  "over": 1.2,
                  "under": 4
                },
                {
                  "line": 1.5,
                  "over": 2,
                  "under": 1.72
                },
                {
                  "line": 2.5,
                  "over": 4.05,
                  "under": 1.2
                }
              ],
              "2": [
                {
                  "line": 0.5,
                  "over": 1.14,
                  "under": 4.9
                },
                {
                  "line": 1.5,
                  "over": 1.73,
                  "under": 2
                },
                {
                  "line": 2.5,
                  "over": 3.2,
                  "under": 1.3
                }
              ],
              "3": [
                {
                  "line": 0.5,
                  "over": 1.14,
                  "under": 5
                },
                {
                  "line": 1.5,
                  "over": 1.7,
                  "under": 2.02
                },
                {
                  "line": 2.5,
                  "over": 3.15,
                  "under": 1.3
                }
              ]
            },
            "spreads": [
              {
                "handicap": -1.5,
                "home": 3.25,
                "away": 1.32
              },
              {
                "handicap": -2,
                "home": 4.7,
                "away": 1.17
              },
              {
                "handicap": 0,
                "home": 1.83,
                "away": 1.91
              }
            ]
          }
        },
        {
          "home": "Амур",
          "away": "Адмирал",
          "start_utc": "2025-11-02T07:00:00Z",
          "markets": {
            "ml": {
              "HOME": 1.9,
              "AWAY": 1.9
            },
            "1x2_60": {
              "P1": 2.45,
              "X": 4.1,
              "P2": 2.45
            },
            "double_chance_60": {
              "1X": 1.55,
              "X2": 1.55
            },
            "totals_goals": [
              {
                "line": 3.5,
                "over": 1.25,
                "under": 3.7
              },
              {
                "line": 4,
                "over": 1.35,
                "under": 3.1
              },
              {
                "line": 4.5,
                "over": 1.62,
                "under": 2.25
              },
              {
                "line": 5,
                "over": 1.85,
                "under": 1.9
              },
              {
                "line": 5.5,
                "over": 2.25,
                "under": 1.65
              },
              {
                "line": 6,
                "over": 2.9,
                "under": 1.38
              },
              {
                "line": 6.5,
                "over": 3.4,
                "under": 1.3
              },
              {
                "line": 7,
                "over": 4.8,
                "under": 1.17
              }
            ],
            "period_totals": {
              "1": [
                {
                  "line": 0.5,
                  "over": 1.2,
                  "under": 4
                },
                {
                  "line": 1.5,
                  "over": 1.98,
                  "under": 1.72
                },
                {
                  "line": 2.5,
                  "over": 4.05,
                  "under": 1.2
                }
              ],
              "2": [
                {
                  "line": 0.5,
                  "over": 1.14,
                  "under": 4.9
                },
                {
                  "line": 1.5,
                  "over": 1.72,
                  "under": 2
                },
                {
                  "line": 2.5,
                  "over": 3.2,
                  "under": 1.3
                }
              ],
              "3": [
                {
                  "line": 0.5,
                  "over": 1.13,
                  "under": 5
                },
                {
                  "line": 1.5,
                  "over": 1.7,
                  "under": 2.02
                },
                {
                  "line": 2.5,
                  "over": 3.1,
                  "under": 1.3
                }
              ]
            },
            "spreads": [
              {
                "handicap": -1.5,
                "home": 3.25,
                "away": 1.3
              },
              {
                "handicap": -2,
                "home": 4.7,
                "away": 1.17
              },
              {
                "handicap": 0,
                "home": 1.88,
                "away": 1.88
              }
            ]
          }
        },
        {
          "home": "Трактор",
          "away": "Сибирь",
          "start_utc": "2025-11-02T11:00:00Z",
          "markets": {
            "ml": {
              "HOME": 1.35,
              "AWAY": 3.3
            },
            "1x2_60": {
              "P1": 1.6,
              "X": 4.5,
              "P2": 4.91
            },
            "double_chance_60": {
              "1X": 1.18,
              "X2": 2.35
            },
            "totals_goals": [
              {
                "line": 3.5,
                "over": 1.22,
                "under": 4.05
              },
              {
                "line": 4,
                "over": 1.3,
                "under": 3.45
              },
              {
                "line": 4.5,
                "over": 1.55,
                "under": 2.4
              },
              {
                "line": 5,
                "over": 1.75,
                "under": 2
              },
              {
                "line": 5.5,
                "over": 2.1,
                "under": 1.75
              },
              {
                "line": 6,
                "over": 2.65,
                "under": 1.45
              },
              {
                "line": 6.5,
                "over": 3.1,
                "under": 1.35
              },
              {
                "line": 7,
                "over": 4.3,
                "under": 1.2
              },
              {
                "line": 7.5,
                "over": 4.7,
                "under": 1.17
              }
            ],
            "period_totals": {
              "1": [
                {
                  "line": 0.5,
                  "over": 1.19,
                  "under": 4.2
                },
                {
                  "line": 1.5,
                  "over": 1.9,
                  "under": 1.8
                },
                {
                  "line": 2.5,
                  "over": 3.8,
                  "under": 1.22
                }
              ],
              "2": [
                {
                  "line": 1.5,
                  "over": 1.67,
                  "under": 2.08
                },
                {
                  "line": 2.5,
                  "over": 3,
                  "under": 1.33
                }
              ],
              "3": [
                {
                  "line": 1.5,
                  "over": 1.65,
                  "under": 2.1
                },
                {
                  "line": 2.5,
                  "over": 2.95,
                  "under": 1.35
                }
              ]
            },
            "spreads": [
              {
                "handicap": -2.5,
                "home": 2.85,
                "away": 1.4
              },
              {
                "handicap": -3,
                "home": 4.7,
                "away": 1.17
              },
              {
                "handicap": 0,
                "home": 1.25,
                "away": 3.65
              }
            ]
          }
        },
        {
          "home": "Автомобилист",
          "away": "Торпедо НН",
          "start_utc": "2025-11-02T11:30:00Z",
          "markets": {
            "ml": {
              "HOME": 1.55,
              "AWAY": 2.5
            },
            "1x2_60": {
              "P1": 1.9,
              "X": 4.3,
              "P2": 3.42
            },
            "double_chance_60": {
              "1X": 1.3,
              "X2": 1.9
            },
            "totals_goals": [
              {
                "line": 3.5,
                "over": 1.22,
                "under": 4.05
              },
              {
                "line": 4,
                "over": 1.3,
                "under": 3.45
              },
              {
                "line": 4.5,
                "over": 1.55,
                "under": 2.4
              },
              {
                "line": 5,
                "over": 1.75,
                "under": 2
              },
              {
                "line": 5.5,
                "over": 2.12,
                "under": 1.72
              },
              {
                "line": 6,
                "over": 2.65,
                "under": 1.45
              },
              {
                "line": 6.5,
                "over": 3.1,
                "under": 1.35
              },
              {
                "line": 7,
                "over": 4.3,
                "under": 1.2
              },
              {
                "line": 7.5,
                "over": 4.7,
                "under": 1.17
              }
            ],
            "period_totals": {
              "1": [
                {
                  "line": 0.5,
                  "over": 1.19,
                  "under": 4.2
                },
                {
                  "line": 1.5,
                  "over": 1.92,
                  "under": 1.78
                },
                {
                  "line": 2.5,
                  "over": 3.8,
                  "under": 1.22
                }
              ],
              "2": [
                {
                  "line": 1.5,
                  "over": 1.67,
                  "under": 2.08
                },
                {
                  "line": 2.5,
                  "over": 3.05,
                  "under": 1.33
                }
              ],
              "3": [
                {
                  "line": 1.5,
                  "over": 1.65,
                  "under": 2.1
                },
                {
                  "line": 2.5,
                  "over": 2.95,
                  "under": 1.35
                }
              ]
            },
            "spreads": [
              {
                "handicap": -1.5,
                "home": 2.4,
                "away": 1.55
              },
              {
                "handicap": -2,
                "home": 3.1,
                "away": 1.35
              },
              {
                "handicap": -2.5,
                "home": 3.55,
                "away": 1.27
              },
              {
                "handicap": 0,
                "home": 1.47,
                "away": 2.6
              }
            ]
          }
        },
        {
          "home": "Салават Юлаев",
          "away": "Локомотив Ярославль",
          "start_utc": "2025-11-02T11:30:00Z",
          "markets": {
            "ml": {
              "HOME": 3.15,
              "AWAY": 1.35
            },
            "1x2_60": {
              "P1": 4.6,
              "X": 4.4,
              "P2": 1.63
            },
            "double_chance_60": {
              "1X": 2.3,
              "X2": 1.2
            },
            "totals_goals": [
              {
                "line": 3.5,
                "over": 1.25,
                "under": 3.75
              },
              {
                "line": 4,
                "over": 1.33,
                "under": 3.15
              },
              {
                "line": 4.5,
                "over": 1.6,
                "under": 2.25
              },
              {
                "line": 5,
                "over": 1.85,
                "under": 1.9
              },
              {
                "line": 5.5,
                "over": 2.2,
                "under": 1.65
              },
              {
                "line": 6,
                "over": 2.85,
                "under": 1.4
              },
              {
                "line": 6.5,
                "over": 3.35,
                "under": 1.3
              },
              {
                "line": 7,
                "over": 4.7,
                "under": 1.17
              }
            ],
            "period_totals": {
              "1": [
                {
                  "line": 0.5,
                  "over": 1.2,
                  "under": 4.05
                },
                {
                  "line": 1.5,
                  "over": 1.97,
                  "under": 1.73
                },
                {
                  "line": 2.5,
                  "over": 4,
                  "under": 1.2
                }
              ],
              "2": [
                {
                  "line": 0.5,
                  "over": 1.14,
                  "under": 4.9
                },
                {
                  "line": 1.5,
                  "over": 1.7,
                  "under": 2.02
                },
                {
                  "line": 2.5,
                  "over": 3.15,
                  "under": 1.3
                }
              ],
              "3": [
                {
                  "line": 1.5,
                  "over": 1.68,
                  "under": 2.05
                },
                {
                  "line": 2.5,
                  "over": 3.1,
                  "under": 1.32
                }
              ]
            },
            "spreads": [
              {
                "handicap": -3,
                "home": 4.9,
                "away": 1.16
              },
              {
                "handicap": 0,
                "home": 3.45,
                "away": 1.3
              }
            ]
          }
        },
        {
          "home": "ХК Сочи",
          "away": "Спартак",
          "start_utc": "2025-11-02T14:00:00Z",
          "markets": {
            "ml": {
              "HOME": 3.45,
              "AWAY": 1.3
            },
            "1x2_60": {
              "P1": 5,
              "X": 5,
              "P2": 1.53
            },
            "double_chance_60": {
              "1X": 2.5,
              "X2": 1.17
            },
            "totals_goals": [
              {
                "line": 3.5,
                "over": 1.15,
                "under": 5
              },
              {
                "line": 4,
                "over": 1.19,
                "under": 4.4
              },
              {
                "line": 4.5,
                "over": 1.4,
                "under": 2.85
              },
              {
                "line": 5,
                "over": 1.52,
                "under": 2.45
              },
              {
                "line": 5.5,
                "over": 1.8,
                "under": 2
              },
              {
                "line": 6,
                "over": 2.15,
                "under": 1.67
              },
              {
                "line": 6.5,
                "over": 2.55,
                "under": 1.5
              },
              {
                "line": 7,
                "over": 3.3,
                "under": 1.3
              },
              {
                "line": 7.5,
                "over": 3.75,
                "under": 1.25
              }
            ],
            "period_totals": {
              "1": [
                {
                  "line": 0.5,
                  "over": 1.15,
                  "under": 4.7
                },
                {
                  "line": 1.5,
                  "over": 1.77,
                  "under": 1.93
                },
                {
                  "line": 2.5,
                  "over": 3.35,
                  "under": 1.28
                }
              ],
              "2": [
                {
                  "line": 1.5,
                  "over": 1.55,
                  "under": 2.3
                },
                {
                  "line": 2.5,
                  "over": 2.7,
                  "under": 1.4
                }
              ],
              "3": [
                {
                  "line": 1.5,
                  "over": 1.53,
                  "under": 2.35
                },
                {
                  "line": 2.5,
                  "over": 2.6,
                  "under": 1.43
                }
              ]
            },
            "spreads": [
              {
                "handicap": -3,
                "home": 4.1,
                "away": 1.22
              },
              {
                "handicap": 0,
                "home": 3.8,
                "away": 1.25
              }
            ]
          }
        }
      ]
    }
  ]
}