{
  "bookmaker": "fonbet",
  "generated_at_utc": "2025-11-12T09:24:07Z",
  "version": 1,
  "days": [
    {
      "date": "2025-11-12",
      "league": "KHL",
      "games": [
        {
          "home": "Салават Юлаев",
          "away": "СКА",
          "start_utc": "2025-11-12T14:00:00Z",
          "markets": {
            "ml": {
              "HOME": 2.13,
              "AWAY": 1.72
            },
            "1x2_60": {
              "P1": 2.8,
              "X": 4.3,
              "P2": 2.15
            },
            "double_chance_60": {
              "1X": 1.7,
              "X2": 1.45
            },
            "totals_goals": [
              {
                "line": 3.5,
                "over": 1.23,
                "under": 3.9
              },
              {
                "line": 4,
                "over": 1.3,
                "under": 3.3
              },
              {
                "line": 4.5,
                "over": 1.57,
                "under": 2.35
              },
              {
                "line": 5,
                "over": 1.8,
                "under": 1.95
              },
              {
                "line": 5.5,
                "over": 2.15,
                "under": 1.7
              },
              {
                "line": 6,
                "over": 2.75,
                "under": 1.43
              },
              {
                "line": 6.5,
                "over": 3.2,
                "under": 1.33
              },
              {
                "line": 7,
                "over": 4.5,
                "under": 1.19
              },
              {
                "line": 7.5,
                "over": 4.9,
                "under": 1.16
              }
            ],
            "sog_match": [
              {
                "line": 59.5,
                "over": 1.72,
                "under": 2
              },
              {
                "line": 60.5,
                "over": 1.85,
                "under": 1.85
              },
              {
                "line": 61.5,
                "over": 2,
                "under": 1.72
              }
            ],
            "sog_1x2": {
              "P1": 1.8,
              "P2": 1.98
            },
            "sog_double_chance": {
              "1X": 1.72,
              "X2": 1.9
            },
            "period_totals": {
              "1": [
                {
                  "line": 0.5,
                  "over": 1.19,
                  "under": 4.1
                },
                {
                  "line": 1.5,
                  "over": 1.95,
                  "under": 1.75
                },
                {
                  "line": 2.5,
                  "over": 3.9,
                  "under": 1.2
                }
              ],
              "2": [
                {
                  "line": 0.5,
                  "over": 1.13,
                  "under": 5
                },
                {
                  "line": 1.5,
                  "over": 1.7,
                  "under": 2.02
                },
                {
                  "line": 2.5,
                  "over": 3.1,
                  "under": 1.32
                }
              ],
              "3": [
                {
                  "line": 1.5,
                  "over": 1.67,
                  "under": 2.08
                },
                {
                  "line": 2.5,
                  "over": 3,
                  "under": 1.33
                }
              ]
            },
            "spreads": [
              {
                "handicap": -1.5,
                "home": 3.65,
                "away": 1.25
              },
              {
                "handicap": 0,
                "home": 2.15,
                "away": 1.67
              }
            ]
          }
        },
        {
          "home": "Металлург Мг",
          "away": "Лада",
          "start_utc": "2025-11-12T14:00:00Z",
          "markets": {
            "ml": {
              "HOME": 1.14
            },
            "1x2_60": {
              "P1": 1.25
            },
            "double_chance_60": {
              "1X": 1.06,
              "X2": 3.95
            },
            "totals_goals": [
              {
                "line": 3.5,
                "over": 1.13,
                "under": 1.38
              },
              {
                "line": 4,
                "over": 1.16,
                "under": 4.9
              },
              {
                "line": 4.5,
                "over": 1.35,
                "under": 3.1
              },
              {
                "line": 5,
                "over": 1.45,
                "under": 2.7
              },
              {
                "line": 5.5,
                "over": 1.7,
                "under": 2.15
              },
              {
                "line": 6,
                "over": 1.97,
                "under": 1.77
              },
              {
                "line": 6.5,
                "over": 2.35,
                "under": 1.57
              },
              {
                "line": 7,
                "over": 3,
                "under": 1.37
              },
              {
                "line": 7.5,
                "over": 3.4,
                "under": 1.3
              }
            ],
            "sog_match": [
              {
                "line": 58.5,
                "over": 1.72,
                "under": 2
              },
              {
                "line": 59.5,
                "over": 1.85,
                "under": 1.85
              },
              {
                "line": 60.5,
                "over": 2,
                "under": 1.72
              }
            ],
            "period_totals": {
              "1": [
                {
                  "line": 0.5,
                  "over": 1.14,
                  "under": 4.9
                },
                {
                  "line": 1.5,
                  "over": 1.72,
                  "under": 2
                },
                {
                  "line": 2.5,
                  "over": 3.2,
                  "under": 1.3
                }
              ],
              "2": [
                {
                  "line": 1.5,
                  "over": 1.5,
                  "under": 2.4
                },
                {
                  "line": 2.5,
                  "over": 2.55,
                  "under": 1.45
                },
                {
                  "line": 3.5,
                  "over": 4.9,
                  "under": 1.14
                }
              ],
              "3": [
                {
                  "line": 1.5,
                  "over": 1.5,
                  "under": 2.45
                },
                {
                  "line": 2.5,
                  "over": 2.5,
                  "under": 1.47
                },
                {
                  "line": 3.5,
                  "over": 4.8,
                  "under": 1.15
                }
              ]
            },
            "spreads": [
              {
                "handicap": -3.5,
                "home": 2.95,
                "away": 1.38
              },
              {
                "handicap": -4,
                "home": 4.05,
                "away": 1.22
              },
              {
                "handicap": -4.5,
                "home": 4.5,
                "away": 1.18
              }
            ]
          }
        },
        {
          "home": "Хозяева",
          "away": "Гости",
          "start_utc": "2025-11-12T14:00:00Z",
          "markets": {
            "1x2_60": {
              "P1": 1.23
            },
            "double_chance_60": {
              "1X": 1.13,
              "X2": 3.7
            },
            "period_totals": {
              "1": [
                {
                  "line": 6.5,
                  "over": 1.27,
                  "under": 3.4
                },
                {
                  "line": 7.5,
                  "over": 1.5,
                  "under": 2.4
                },
                {
                  "line": 8.5,
                  "over": 1.87,
                  "under": 1.83
                },
                {
                  "line": 9.5,
                  "over": 2.45,
                  "under": 1.48
                },
                {
                  "line": 10.5,
                  "over": 3.3,
                  "under": 1.28
                }
              ]
            },
            "spreads": [
              {
                "handicap": -5.5,
                "home": 2.05,
                "away": 1.68
              },
              {
                "handicap": -6.5,
                "home": 2.4,
                "away": 1.5
              },
              {
                "handicap": -7.5,
                "home": 2.9,
                "away": 1.35
              }
            ]
          }
        }
      ]
    },
    {
      "date": "2025-11-13",
      "league": "KHL",
      "games": [
        {
          "home": "Спартак",
          "away": "Локомотив Ярославль",
          "start_utc": "2025-11-12T16:30:00Z",
          "markets": {
            "ml": {
              "HOME": 2.35,
              "AWAY": 1.6
            },
            "1x2_60": {
              "P1": 3.25,
              "X": 4.3,
              "P2": 2
            },
            "double_chance_60": {
              "1X": 1.8,
              "X2": 1.35
            },
            "totals_goals": [
              {
                "line": 3.5,
                "over": 1.2,
                "under": 4.3
              },
              {
                "line": 4,
                "over": 1.25,
                "under": 3.65
              },
              {
                "line": 4.5,
                "over": 1.5,
                "under": 2.5
              },
              {
                "line": 5,
                "over": 1.67,
                "under": 2.13
              },
              {
                "line": 5.5,
                "over": 2,
                "under": 1.8
              },
              {
                "line": 6,
                "over": 2.5,
                "under": 1.5
              },
              {
                "line": 6.5,
                "over": 2.9,
                "under": 1.38
              },
              {
                "line": 7,
                "over": 4,
                "under": 1.23
              },
              {
                "line": 7.5,
                "over": 4.4,
                "under": 1.19
              }
            ],
            "sog_match": [
              {
                "line": 59.5,
                "over": 1.72,
                "under": 2
              },
              {
                "line": 60.5,
                "over": 1.85,
                "under": 1.85
              },
              {
                "line": 61.5,
                "over": 2,
                "under": 1.72
              }
            ],
            "sog_1x2": {
              "P1": 1.68,
              "P2": 2.15
            },
            "sog_double_chance": {
              "1X": 1.62,
              "X2": 2.05
            },
            "period_totals": {
              "1": [
                {
                  "line": 0.5,
                  "over": 1.18,
                  "under": 4.3
                },
                {
                  "line": 1.5,
                  "over": 1.87,
                  "under": 1.83
                },
                {
                  "line": 2.5,
                  "over": 3.7,
                  "under": 1.25
                }
              ],
              "2": [
                {
                  "line": 1.5,
                  "over": 1.65,
                  "under": 2.1
                },
                {
                  "line": 2.5,
                  "over": 2.95,
                  "under": 1.35
                }
              ],
              "3": [
                {
                  "line": 1.5,
                  "over": 1.6,
                  "under": 2.2
                },
                {
                  "line": 2.5,
                  "over": 2.85,
                  "under": 1.37
                }
              ]
            },
            "spreads": [
              {
                "handicap": -1.5,
                "home": 4.3,
                "away": 1.2
              },
              {
                "handicap": -2,
                "home": 3.3,
                "away": 1.3
              },
              {
                "handicap": 0,
                "home": 2.45,
                "away": 1.53
              }
            ]
          }
        },
        {
          "home": "Торпедо НН",
          "away": "ХК Сочи",
          "start_utc": "2025-11-12T16:30:00Z",
          "markets": {
            "ml": {
              "HOME": 1.25,
              "AWAY": 3.9
            },
            "1x2_60": {
              "P1": 1.47,
              "X": 4.6
            },
            "double_chance_60": {
              "1X": 1.12,
              "X2": 2.7
            },
            "totals_goals": [
              {
                "line": 3.5,
                "over": 1.18,
                "under": 4.6
              },
              {
                "line": 4,
                "over": 1.23,
                "under": 3.95
              },
              {
                "line": 4.5,
                "over": 1.45,
                "under": 2.65
              },
              {
                "line": 5,
                "over": 1.6,
                "under": 2.25
              },
              {
                "line": 5.5,
                "over": 1.92,
                "under": 1.88
              },
              {
                "line": 6,
                "over": 2.35,
                "under": 1.57
              },
              {
                "line": 6.5,
                "over": 2.75,
                "under": 1.42
              },
              {
                "line": 7,
                "over": 3.7,
                "under": 1.25
              },
              {
                "line": 7.5,
                "over": 4.15,
                "under": 1.2
              }
            ],
            "sog_match": [
              {
                "line": 61.5,
                "over": 1.73,
                "under": 1.99
              },
              {
                "line": 62.5,
                "over": 1.85,
                "under": 1.85
              },
              {
                "line": 63.5,
                "over": 2,
                "under": 1.72
              }
            ],
            "sog_1x2": {
              "P1": 1.2,
              "P2": 4.15
            },
            "sog_double_chance": {
              "1X": 1.19,
              "X2": 4.05
            },
            "period_totals": {
              "1": [
                {
                  "line": 0.5,
                  "over": 1.17,
                  "under": 4.5
                },
                {
                  "line": 1.5,
                  "over": 1.83,
                  "under": 1.87
                },
                {
                  "line": 2.5,
                  "over": 3.55,
                  "under": 1.25
                }
              ],
              "2": [
                {
                  "line": 1.5,
                  "over": 1.6,
                  "under": 2.2
                },
                {
                  "line": 2.5,
                  "over": 2.85,
                  "under": 1.37
                }
              ],
              "3": [
                {
                  "line": 1.5,
                  "over": 1.58,
                  "under": 2.25
                },
                {
                  "line": 2.5,
                  "over": 2.75,
                  "under": 1.4
                }
              ]
            },
            "spreads": [
              {
                "handicap": -2.5,
                "home": 2.65,
                "away": 1.45
              },
              {
                "handicap": -3,
                "home": 4.2,
                "away": 1.2
              },
              {
                "handicap": -3.5,
                "home": 4.9,
                "away": 1.16
              },
              {
                "handicap": 0,
                "home": 1.18,
                "away": 4.6
              }
            ]
          }
        },
        {
          "home": "Динамо Минск",
          "away": "Сибирь",
          "start_utc": "2025-11-12T16:30:00Z",
          "markets": {
            "ml": {
              "HOME": 1.22,
              "AWAY": 4.3
            },
            "1x2_60": {
              "P1": 1.4
            },
            "double_chance_60": {
              "1X": 1.1,
              "X2": 2.95
            },
            "totals_goals": [
              {
                "line": 3.5,
                "over": 1.17,
                "under": 4.7
              },
              {
                "line": 4,
                "over": 1.22,
                "under": 4.05
              },
              {
                "line": 4.5,
                "over": 1.45,
                "under": 2.7
              },
              {
                "line": 5,
                "over": 1.58,
                "under": 2.3
              },
              {
                "line": 5.5,
                "over": 1.88,
                "under": 1.92
              },
              {
                "line": 6,
                "over": 2.25,
                "under": 1.6
              },
              {
                "line": 6.5,
                "over": 2.7,
                "under": 1.45
              },
              {
                "line": 7,
                "over": 3.55,
                "under": 1.27
              },
              {
                "line": 7.5,
                "over": 4,
                "under": 1.22
              }
            ],
            "sog_match": [
              {
                "line": 59.5,
                "over": 1.72,
                "under": 2
              },
              {
                "line": 60.5,
                "over": 1.85,
                "under": 1.85
              },
              {
                "line": 61.5,
                "over": 2,
                "under": 1.72
              }
            ],
            "period_totals": {
              "1": [
                {
                  "line": 0.5,
                  "over": 1.16,
                  "under": 4.6
                },
                {
                  "line": 1.5,
                  "over": 1.8,
                  "under": 1.9
                },
                {
                  "line": 2.5,
                  "over": 3.45,
                  "under": 1.25
                }
              ],
              "2": [
                {
                  "line": 1.5,
                  "over": 1.58,
                  "under": 2.2
                },
                {
                  "line": 2.5,
                  "over": 2.75,
                  "under": 1.4
                }
              ],
              "3": [
                {
                  "line": 1.5,
                  "over": 1.55,
                  "under": 2.25
                },
                {
                  "line": 2.5,
                  "over": 2.7,
                  "under": 1.4
                }
              ]
            },
            "spreads": [
              {
                "handicap": -2.5,
                "home": 2.45,
                "away": 1.52
              },
              {
                "handicap": -3,
                "home": 3.8,
                "away": 1.25
              },
              {
                "handicap": -3.5,
                "home": 4.6,
                "away": 1.18
              }
            ]
          }
        },
        {
          "home": "Авангард",
          "away": "Трактор",
          "start_utc": "2025-11-13T13:30:00Z",
          "markets": {
            "ml": {
              "HOME": 1.55,
              "AWAY": 2.45
            },
            "1x2_60": {
              "P1": 1.9,
              "X": 4.4,
              "P2": 3.35
            },
            "double_chance_60": {
              "1X": 1.33,
              "X2": 1.9
            },
            "totals_goals": [
              {
                "line": 3.5,
                "over": 1.16,
                "under": 4.9
              },
              {
                "line": 4,
                "over": 1.2,
                "under": 4.3
              },
              {
                "line": 4.5,
                "over": 1.4,
                "under": 2.8
              },
              {
                "line": 5,
                "over": 1.55,
                "under": 2.4
              },
              {
                "line": 5.5,
                "over": 1.82,
                "under": 1.98
              },
              {
                "line": 6,
                "over": 2.18,
                "under": 1.65
              },
              {
                "line": 6.5,
                "over": 2.6,
                "under": 1.47
              },
              {
                "line": 7,
                "over": 3.4,
                "under": 1.3
              },
              {
                "line": 7.5,
                "over": 3.8,
                "under": 1.25
              }
            ],
            "period_totals": {
              "1": [
                {
                  "line": 0.5,
                  "over": 1.16,
                  "under": 4.6
                },
                {
                  "line": 1.5,
                  "over": 1.78,
                  "under": 1.92
                },
                {
                  "line": 2.5,
                  "over": 3.4,
                  "under": 1.27
                }
              ],
              "2": [
                {
                  "line": 1.5,
                  "over": 1.57,
                  "under": 2.25
                },
                {
                  "line": 2.5,
                  "over": 2.7,
                  "under": 1.4
                }
              ],
              "3": [
                {
                  "line": 1.5,
                  "over": 1.55,
                  "under": 2.3
                },
                {
                  "line": 2.5,
                  "over": 2.65,
                  "under": 1.42
                }
              ]
            },
            "spreads": [
              {
                "handicap": -1.5,
                "home": 2.4,
                "away": 1.55
              },
              {
                "handicap": -2,
                "home": 3.15,
                "away": 1.33
              },
              {
                "handicap": -2.5,
                "home": 3.6,
                "away": 1.27
              },
              {
                "handicap": 0,
                "home": 1.48,
                "away": 2.55
              }
            ]
          }
        }
      ]
    }
  ]
}