{
  "bookmaker": "fonbet",
  "generated_at_utc": "2025-12-16T07:25:57Z",
  "version": 1,
  "days": [
    {
      "date": "2025-12-16",
      "league": "KHL",
      "games": [
        {
          "home": "Сибирь",
          "away": "Авангард",
          "start_utc": "2025-12-16T12:30:00Z",
          "markets": {
            "ml": {
              "HOME": 3.15,
              "AWAY": 1.35
            },
            "1x2_60": {
              "P1": 4.6,
              "X": 4.5,
              "P2": 1.63
            },
            "double_chance_60": {
              "1X": 2.3,
              "X2": 1.2
            },
            "totals_goals": [
              {
                "line": 3.5,
                "over": 1.15,
                "under": 5
              },
              {
                "line": 4,
                "over": 1.19,
                "under": 4.4
              },
              {
                "line": 4.5,
                "over": 1.4,
                "under": 2.85
              },
              {
                "line": 5,
                "over": 1.52,
                "under": 2.45
              },
              {
                "line": 5.5,
                "over": 1.8,
                "under": 2
              },
              {
                "line": 6,
                "over": 2.15,
                "under": 1.65
              },
              {
                "line": 6.5,
                "over": 2.55,
                "under": 1.48
              },
              {
                "line": 7,
                "over": 3.35,
                "under": 1.3
              },
              {
                "line": 7.5,
                "over": 3.75,
                "under": 1.25
              }
            ],
            "sog_match": [
              {
                "line": 60.5,
                "over": 1.72,
                "under": 2
              },
              {
                "line": 61.5,
                "over": 1.85,
                "under": 1.85
              },
              {
                "line": 62.5,
                "over": 2,
                "under": 1.72
              }
            ],
            "sog_1x2": {
              "P2": 1.11
            },
            "faceoffs_match": [
              {
                "line": 56.5,
                "over": 1.7,
                "under": 2.03
              },
              {
                "line": 57.5,
                "over": 1.85,
                "under": 1.85
              },
              {
                "line": 58.5,
                "over": 2.07,
                "under": 1.67
              }
            ],
            "faceoffs_spreads": [
              {
                "line": 3.5,
                "odd_plus": 1.85,
                "odd_minus": 1.85
              }
            ],
            "faceoffs_spread_main": {
              "line": 3.5,
              "odd_plus": 1.85,
              "odd_minus": 1.85
            },
            "period_totals": {
              "1": [
                {
                  "line": 0.5,
                  "over": 1.15,
                  "under": 4.7
                },
                {
                  "line": 1,
                  "over": 1.25,
                  "under": 3.45
                },
                {
                  "line": 1.5,
                  "over": 1.77,
                  "under": 1.93
                },
                {
                  "line": 2,
                  "over": 2.55,
                  "under": 1.45
                },
                {
                  "line": 2.5,
                  "over": 3.35,
                  "under": 1.28
                }
              ],
              "2": [
                {
                  "line": 1,
                  "over": 1.16,
                  "under": 4.6
                },
                {
                  "line": 1.5,
                  "over": 1.55,
                  "under": 2.3
                },
                {
                  "line": 2,
                  "over": 2.02,
                  "under": 1.7
                },
                {
                  "line": 2.5,
                  "over": 2.7,
                  "under": 1.4
                },
                {
                  "line": 3,
                  "over": 4.5,
                  "under": 1.16
                }
              ],
              "3": [
                {
                  "line": 1,
                  "over": 1.15,
                  "under": 4.7
                },
                {
                  "line": 1.5,
                  "over": 1.53,
                  "under": 2.35
                },
                {
                  "line": 2,
                  "over": 1.97,
                  "under": 1.73
                },
                {
                  "line": 2.5,
                  "over": 2.6,
                  "under": 1.43
                },
                {
                  "line": 3,
                  "over": 4.3,
                  "under": 1.18
                }
              ]
            },
            "spreads": [
              {
                "handicap": -3,
                "home": 4.3,
                "away": 1.2
              },
              {
                "handicap": 0,
                "home": 3.5,
                "away": 1.28
              }
            ]
          }
        },
        {
          "home": "Автомобилист",
          "away": "Барыс",
          "start_utc": "2025-12-16T14:00:00Z",
          "markets": {
            "ml": {
              "HOME": 1.25,
              "AWAY": 3.85
            },
            "1x2_60": {
              "P1": 1.45
            },
            "double_chance_60": {
              "1X": 1.14,
              "X2": 2.75
            },
            "totals_goals": [
              {
                "line": 3.5,
                "over": 1.16,
                "under": 4.8
              },
              {
                "line": 4,
                "over": 1.2,
                "under": 4.2
              },
              {
                "line": 4.5,
                "over": 1.42,
                "under": 2.75
              },
              {
                "line": 5,
                "over": 1.55,
                "under": 2.35
              },
              {
                "line": 5.5,
                "over": 1.85,
                "under": 1.95
              },
              {
                "line": 6,
                "over": 2.2,
                "under": 1.62
              },
              {
                "line": 6.5,
                "over": 2.6,
                "under": 1.45
              },
              {
                "line": 7,
                "over": 3.45,
                "under": 1.28
              },
              {
                "line": 7.5,
                "over": 3.9,
                "under": 1.23
              }
            ],
            "sog_match": [
              {
                "line": 59.5,
                "over": 1.72,
                "under": 2
              },
              {
                "line": 60.5,
                "over": 1.85,
                "under": 1.85
              },
              {
                "line": 61.5,
                "over": 2,
                "under": 1.72
              }
            ],
            "sog_1x2": {
              "P1": 1.55,
              "P2": 2.4
            },
            "faceoffs_match": [
              {
                "line": 57.5,
                "over": 1.7,
                "under": 2.03
              },
              {
                "line": 58.5,
                "over": 1.85,
                "under": 1.85
              },
              {
                "line": 59.5,
                "over": 2.03,
                "under": 1.7
              }
            ],
            "faceoffs_spreads": [
              {
                "line": 3.5,
                "odd_plus": 1.85,
                "odd_minus": 1.85
              }
            ],
            "faceoffs_spread_main": {
              "line": 3.5,
              "odd_plus": 1.85,
              "odd_minus": 1.85
            },
            "period_totals": {
              "1": [
                {
                  "line": 0.5,
                  "over": 1.16,
                  "under": 4.6
                },
                {
                  "line": 1,
                  "over": 1.27,
                  "under": 3.4
                },
                {
                  "line": 1.5,
                  "over": 1.8,
                  "under": 1.9
                },
                {
                  "line": 2,
                  "over": 2.6,
                  "under": 1.43
                },
                {
                  "line": 2.5,
                  "over": 3.45,
                  "under": 1.27
                }
              ],
              "2": [
                {
                  "line": 1,
                  "over": 1.17,
                  "under": 4.4
                },
                {
                  "line": 1.5,
                  "over": 1.57,
                  "under": 2.25
                },
                {
                  "line": 2,
                  "over": 2.05,
                  "under": 1.68
                },
                {
                  "line": 2.5,
                  "over": 2.75,
                  "under": 1.4
                },
                {
                  "line": 3,
                  "over": 4.6,
                  "under": 1.15
                }
              ],
              "3": [
                {
                  "line": 1,
                  "over": 1.16,
                  "under": 4.6
                },
                {
                  "line": 1.5,
                  "over": 1.55,
                  "under": 2.3
                },
                {
                  "line": 2,
                  "over": 2,
                  "under": 1.72
                },
                {
                  "line": 2.5,
                  "over": 2.7,
                  "under": 1.4
                },
                {
                  "line": 3,
                  "over": 4.5,
                  "under": 1.17
                }
              ]
            },
            "spreads": [
              {
                "handicap": -2.5,
                "home": 2.5,
                "away": 1.5
              },
              {
                "handicap": -3,
                "home": 3.95,
                "away": 1.23
              },
              {
                "handicap": -3.5,
                "home": 4.7,
                "away": 1.17
              },
              {
                "handicap": 0,
                "home": 1.19,
                "away": 4.4
              }
            ]
          }
        },
        {
          "home": "Лада",
          "away": "ЦСКА",
          "start_utc": "2025-12-16T15:00:00Z",
          "markets": {
            "ml": {
              "HOME": 3.1,
              "AWAY": 1.37
            },
            "1x2_60": {
              "P1": 4.5,
              "X": 4.3,
              "P2": 1.65
            },
            "double_chance_60": {
              "1X": 2.25,
              "X2": 1.2
            },
            "totals_goals": [
              {
                "line": 3.5,
                "over": 1.2,
                "under": 4.15
              },
              {
                "line": 4,
                "over": 1.27,
                "under": 3.55
              },
              {
                "line": 4.5,
                "over": 1.52,
                "under": 2.45
              },
              {
                "line": 5,
                "over": 1.7,
                "under": 2.07
              },
              {
                "line": 5.5,
                "over": 2.05,
                "under": 1.77
              },
              {
                "line": 6,
                "over": 2.55,
                "under": 1.48
              },
              {
                "line": 6.5,
                "over": 3,
                "under": 1.35
              },
              {
                "line": 7,
                "over": 4.15,
                "under": 1.2
              },
              {
                "line": 7.5,
                "over": 4.6,
                "under": 1.18
              }
            ],
            "sog_match": [
              {
                "line": 55.5,
                "over": 1.72,
                "under": 2
              },
              {
                "line": 56.5,
                "over": 1.85,
                "under": 1.85
              },
              {
                "line": 57.5,
                "over": 2,
                "under": 1.72
              }
            ],
            "sog_1x2": {
              "P1": 2.8,
              "P2": 1.42
            },
            "faceoffs_match": [
              {
                "line": 53.5,
                "over": 1.67,
                "under": 2.07
              },
              {
                "line": 54.5,
                "over": 1.85,
                "under": 1.85
              },
              {
                "line": 55.5,
                "over": 2.07,
                "under": 1.67
              }
            ],
            "faceoffs_spreads": [
              {
                "line": 5.5,
                "odd_plus": 1.85,
                "odd_minus": 1.85
              }
            ],
            "faceoffs_spread_main": {
              "line": 5.5,
              "odd_plus": 1.85,
              "odd_minus": 1.85
            },
            "period_totals": {
              "1": [
                {
                  "line": 0.5,
                  "over": 1.18,
                  "under": 4.3
                },
                {
                  "line": 1,
                  "over": 1.32,
                  "under": 3.1
                },
                {
                  "line": 1.5,
                  "over": 1.9,
                  "under": 1.8
                },
                {
                  "line": 2,
                  "over": 2.85,
                  "under": 1.35
                },
                {
                  "line": 2.5,
                  "over": 3.75,
                  "under": 1.23
                }
              ],
              "2": [
                {
                  "line": 1,
                  "over": 1.2,
                  "under": 4
                },
                {
                  "line": 1.5,
                  "over": 1.65,
                  "under": 2.1
                },
                {
                  "line": 2,
                  "over": 2.25,
                  "under": 1.57
                },
                {
                  "line": 2.5,
                  "over": 2.95,
                  "under": 1.35
                }
              ],
              "3": [
                {
                  "line": 1,
                  "over": 1.19,
                  "under": 4.15
                },
                {
                  "line": 1.5,
                  "over": 1.63,
                  "under": 2.15
                },
                {
                  "line": 2,
                  "over": 2.18,
                  "under": 1.61
                },
                {
                  "line": 2.5,
                  "over": 2.9,
                  "under": 1.35
                },
                {
                  "line": 3,
                  "over": 5,
                  "under": 1.13
                }
              ]
            },
            "spreads": [
              {
                "handicap": -3,
                "home": 4.8,
                "away": 1.16
              },
              {
                "handicap": 0,
                "home": 3.4,
                "away": 1.3
              }
            ]
          }
        },
        {
          "home": "Хозяева",
          "away": "Гости",
          "start_utc": "2025-12-16T12:30:00Z",
          "markets": {
            "1x2_60": {
              "P1": 1.53,
              "P2": 2.75
            },
            "double_chance_60": {
              "1X": 1.4,
              "X2": 2.35
            },
            "period_totals": {
              "1": [
                {
                  "line": 1.5,
                  "over": 1.28,
                  "under": 1.65
                },
                {
                  "line": 2.5,
                  "over": 1.17,
                  "under": 1.4
                },
                {
                  "line": 11.5,
                  "over": 1.33,
                  "under": 3
                },
                {
                  "line": 12.5,
                  "over": 1.52,
                  "under": 2.35
                },
                {
                  "line": 13.5,
                  "over": 1.83,
                  "under": 1.87
                },
                {
                  "line": 14.5,
                  "over": 2.23,
                  "under": 1.58
                },
                {
                  "line": 15.5,
                  "over": 2.8,
                  "under": 1.38
                }
              ]
            },
            "spreads": [
              {
                "handicap": -4.5,
                "home": 2.3,
                "away": 1.55
              },
              {
                "handicap": -5.5,
                "home": 2.65,
                "away": 1.43
              },
              {
                "handicap": -6.5,
                "home": 3,
                "away": 1.33
              }
            ]
          }
        }
      ]
    },
    {
      "date": "2025-12-17",
      "league": "KHL",
      "games": [
        {
          "home": "Локомотив Ярославль",
          "away": "Динамо Минск",
          "start_utc": "2025-12-16T16:00:00Z",
          "markets": {
            "ml": {
              "HOME": 1.73,
              "AWAY": 2.1
            },
            "1x2_60": {
              "P1": 2.2,
              "X": 4.1,
              "P2": 2.8
            },
            "double_chance_60": {
              "1X": 1.45,
              "X2": 1.67
            },
            "totals_goals": [
              {
                "line": 3.5,
                "over": 1.22,
                "under": 4.05
              },
              {
                "line": 4,
                "over": 1.3,
                "under": 3.45
              },
              {
                "line": 4.5,
                "over": 1.55,
                "under": 2.4
              },
              {
                "line": 5,
                "over": 1.75,
                "under": 2
              },
              {
                "line": 5.5,
                "over": 2.1,
                "under": 1.75
              },
              {
                "line": 6,
                "over": 2.65,
                "under": 1.45
              },
              {
                "line": 6.5,
                "over": 3.1,
                "under": 1.35
              },
              {
                "line": 7,
                "over": 4.3,
                "under": 1.2
              },
              {
                "line": 7.5,
                "over": 4.7,
                "under": 1.17
              }
            ],
            "sog_match": [
              {
                "line": 59.5,
                "over": 1.72,
                "under": 2
              },
              {
                "line": 60.5,
                "over": 1.85,
                "under": 1.85
              },
              {
                "line": 61.5,
                "over": 2,
                "under": 1.72
              }
            ],
            "sog_1x2": {
              "P1": 2.4,
              "P2": 1.55
            },
            "faceoffs_match": [
              {
                "line": 56.5,
                "over": 1.7,
                "under": 2.03
              },
              {
                "line": 57.5,
                "over": 1.85,
                "under": 1.85
              },
              {
                "line": 58.5,
                "over": 2.07,
                "under": 1.67
              }
            ],
            "faceoffs_spreads": [
              {
                "line": 3.5,
                "odd_plus": 1.85,
                "odd_minus": 1.85
              }
            ],
            "faceoffs_spread_main": {
              "line": 3.5,
              "odd_plus": 1.85,
              "odd_minus": 1.85
            },
            "period_totals": {
              "1": [
                {
                  "line": 0.5,
                  "over": 1.19,
                  "under": 4.2
                },
                {
                  "line": 1,
                  "over": 1.33,
                  "under": 3
                },
                {
                  "line": 1.5,
                  "over": 1.92,
                  "under": 1.78
                },
                {
                  "line": 2,
                  "over": 2.95,
                  "under": 1.35
                },
                {
                  "line": 2.5,
                  "over": 3.8,
                  "under": 1.22
                }
              ],
              "2": [
                {
                  "line": 1,
                  "over": 1.2,
                  "under": 3.9
                },
                {
                  "line": 1.5,
                  "over": 1.67,
                  "under": 2.08
                },
                {
                  "line": 2,
                  "over": 2.3,
                  "under": 1.55
                },
                {
                  "line": 2.5,
                  "over": 3.05,
                  "under": 1.33
                }
              ],
              "3": [
                {
                  "line": 1,
                  "over": 1.2,
                  "under": 4.05
                },
                {
                  "line": 1.5,
                  "over": 1.65,
                  "under": 2.1
                },
                {
                  "line": 2,
                  "over": 2.25,
                  "under": 1.58
                },
                {
                  "line": 2.5,
                  "over": 2.95,
                  "under": 1.35
                }
              ]
            },
            "spreads": [
              {
                "handicap": -1.5,
                "home": 2.85,
                "away": 1.4
              },
              {
                "handicap": -2,
                "home": 3.9,
                "away": 1.23
              },
              {
                "handicap": -2.5,
                "home": 4.4,
                "away": 1.19
              },
              {
                "handicap": 0,
                "home": 1.68,
                "away": 2.12
              }
            ]
          }
        },
        {
          "home": "Нефтехимик",
          "away": "Торпедо НН",
          "start_utc": "2025-12-16T16:00:00Z",
          "markets": {
            "ml": {
              "HOME": 1.92,
              "AWAY": 1.88
            },
            "1x2_60": {
              "P1": 2.5,
              "X": 4.15,
              "P2": 2.45
            },
            "double_chance_60": {
              "1X": 1.55,
              "X2": 1.53
            },
            "totals_goals": [
              {
                "line": 3.5,
                "over": 1.18,
                "under": 4.6
              },
              {
                "line": 4,
                "over": 1.23,
                "under": 4
              },
              {
                "line": 4.5,
                "over": 1.45,
                "under": 2.65
              },
              {
                "line": 5,
                "over": 1.6,
                "under": 2.25
              },
              {
                "line": 5.5,
                "over": 1.9,
                "under": 1.9
              },
              {
                "line": 6,
                "over": 2.3,
                "under": 1.58
              },
              {
                "line": 6.5,
                "over": 2.75,
                "under": 1.43
              },
              {
                "line": 7,
                "over": 3.65,
                "under": 1.25
              },
              {
                "line": 7.5,
                "over": 4.1,
                "under": 1.22
              }
            ],
            "sog_match": [
              {
                "line": 62.5,
                "over": 1.73,
                "under": 1.99
              },
              {
                "line": 63.5,
                "over": 1.85,
                "under": 1.85
              },
              {
                "line": 64.5,
                "over": 1.99,
                "under": 1.73
              }
            ],
            "sog_1x2": {
              "P1": 2.4,
              "P2": 1.55
            },
            "faceoffs_match": [
              {
                "line": 57.5,
                "over": 1.7,
                "under": 2.03
              },
              {
                "line": 58.5,
                "over": 1.85,
                "under": 1.85
              },
              {
                "line": 59.5,
                "over": 2.03,
                "under": 1.7
              }
            ],
            "period_totals": {
              "1": [
                {
                  "line": 0.5,
                  "over": 1.17,
                  "under": 4.5
                },
                {
                  "line": 1,
                  "over": 1.3,
                  "under": 3.3
                },
                {
                  "line": 1.5,
                  "over": 1.83,
                  "under": 1.87
                },
                {
                  "line": 2,
                  "over": 2.7,
                  "under": 1.4
                },
                {
                  "line": 2.5,
                  "over": 3.55,
                  "under": 1.25
                }
              ],
              "2": [
                {
                  "line": 1,
                  "over": 1.18,
                  "under": 4.3
                },
                {
                  "line": 1.5,
                  "over": 1.6,
                  "under": 2.2
                },
                {
                  "line": 2,
                  "over": 2.12,
                  "under": 1.64
                },
                {
                  "line": 2.5,
                  "over": 2.8,
                  "under": 1.38
                },
                {
                  "line": 3,
                  "over": 4.8,
                  "under": 1.14
                }
              ],
              "3": [
                {
                  "line": 1,
                  "over": 1.17,
                  "under": 4.4
                },
                {
                  "line": 1.5,
                  "over": 1.58,
                  "under": 2.25
                },
                {
                  "line": 2,
                  "over": 2.05,
                  "under": 1.68
                },
                {
                  "line": 2.5,
                  "over": 2.75,
                  "under": 1.4
                },
                {
                  "line": 3,
                  "over": 4.6,
                  "under": 1.15
                }
              ]
            },
            "spreads": [
              {
                "handicap": -1.5,
                "home": 3.25,
                "away": 1.32
              },
              {
                "handicap": -2,
                "home": 4.4,
                "away": 1.19
              },
              {
                "handicap": -2.5,
                "home": 4.9,
                "away": 1.16
              },
              {
                "handicap": 0,
                "home": 1.9,
                "away": 1.85
              }
            ]
          }
        },
        {
          "home": "Ак Барс",
          "away": "Салават Юлаев",
          "start_utc": "2025-12-16T16:00:00Z",
          "markets": {
            "ml": {
              "HOME": 1.35,
              "AWAY": 3.15
            },
            "1x2_60": {
              "P1": 1.63,
              "X": 4.5,
              "P2": 4.6
            },
            "double_chance_60": {
              "1X": 1.2,
              "X2": 2.3
            },
            "totals_goals": [
              {
                "line": 3.5,
                "over": 1.2,
                "under": 4.3
              },
              {
                "line": 4,
                "over": 1.25,
                "under": 3.65
              },
              {
                "line": 4.5,
                "over": 1.5,
                "under": 2.5
              },
              {
                "line": 5,
                "over": 1.68,
                "under": 2.12
              },
              {
                "line": 5.5,
                "over": 2,
                "under": 1.8
              },
              {
                "line": 6,
                "over": 2.5,
                "under": 1.5
              },
              {
                "line": 6.5,
                "over": 2.95,
                "under": 1.38
              },
              {
                "line": 7,
                "over": 4,
                "under": 1.22
              },
              {
                "line": 7.5,
                "over": 4.5,
                "under": 1.19
              }
            ],
            "sog_match": [
              {
                "line": 58.5,
                "over": 1.72,
                "under": 2
              },
              {
                "line": 59.5,
                "over": 1.85,
                "under": 1.85
              },
              {
                "line": 60.5,
                "over": 2,
                "under": 1.72
              }
            ],
            "sog_1x2": {
              "P1": 1.55,
              "P2": 2.45
            },
            "faceoffs_match": [
              {
                "line": 56.5,
                "over": 1.7,
                "under": 2.03
              },
              {
                "line": 57.5,
                "over": 1.85,
                "under": 1.85
              },
              {
                "line": 58.5,
                "over": 2.07,
                "under": 1.67
              }
            ],
            "faceoffs_spreads": [
              {
                "line": 4.5,
                "odd_plus": 1.85,
                "odd_minus": 1.85
              }
            ],
            "faceoffs_spread_main": {
              "line": 4.5,
              "odd_plus": 1.85,
              "odd_minus": 1.85
            },
            "period_totals": {
              "1": [
                {
                  "line": 0.5,
                  "over": 1.18,
                  "under": 4.3
                },
                {
                  "line": 1,
                  "over": 1.3,
                  "under": 3.15
                },
                {
                  "line": 1.5,
                  "over": 1.87,
                  "under": 1.83
                },
                {
                  "line": 2,
                  "over": 2.85,
                  "under": 1.37
                },
                {
                  "line": 2.5,
                  "over": 3.7,
                  "under": 1.25
                }
              ],
              "2": [
                {
                  "line": 1,
                  "over": 1.2,
                  "under": 4.05
                },
                {
                  "line": 1.5,
                  "over": 1.65,
                  "under": 2.1
                },
                {
                  "line": 2,
                  "over": 2.2,
                  "under": 1.6
                },
                {
                  "line": 2.5,
                  "over": 2.95,
                  "under": 1.35
                }
              ],
              "3": [
                {
                  "line": 1,
                  "over": 1.19,
                  "under": 4.2
                },
                {
                  "line": 1.5,
                  "over": 1.6,
                  "under": 2.2
                },
                {
                  "line": 2,
                  "over": 2.15,
                  "under": 1.62
                },
                {
                  "line": 2.5,
                  "over": 2.85,
                  "under": 1.37
                },
                {
                  "line": 3,
                  "over": 4.9,
                  "under": 1.14
                }
              ]
            },
            "spreads": [
              {
                "handicap": -2.5,
                "home": 2.9,
                "away": 1.4
              },
              {
                "handicap": -3,
                "home": 4.7,
                "away": 1.17
              },
              {
                "handicap": 0,
                "home": 1.28,
                "away": 3.5
              }
            ]
          }
        },
        {
          "home": "СКА",
          "away": "Шанхай Дрэгонс",
          "start_utc": "2025-12-16T16:30:00Z",
          "markets": {
            "ml": {
              "HOME": 1.45,
              "AWAY": 2.8
            },
            "1x2_60": {
              "P1": 1.75,
              "X": 4.4,
              "P2": 4
            },
            "double_chance_60": {
              "1X": 1.25,
              "X2": 2.1
            },
            "totals_goals": [
              {
                "line": 3.5,
                "over": 1.2,
                "under": 4.2
              },
              {
                "line": 4,
                "over": 1.27,
                "under": 3.55
              },
              {
                "line": 4.5,
                "over": 1.52,
                "under": 2.45
              },
              {
                "line": 5,
                "over": 1.7,
                "under": 2.08
              },
              {
                "line": 5.5,
                "over": 2.05,
                "under": 1.77
              },
              {
                "line": 6,
                "over": 2.55,
                "under": 1.48
              },
              {
                "line": 6.5,
                "over": 3,
                "under": 1.35
              },
              {
                "line": 7,
                "over": 4.1,
                "under": 1.2
              },
              {
                "line": 7.5,
                "over": 4.6,
                "under": 1.18
              }
            ],
            "sog_match": [
              {
                "line": 63.5,
                "over": 1.73,
                "under": 1.99
              },
              {
                "line": 64.5,
                "over": 1.85,
                "under": 1.85
              },
              {
                "line": 65.5,
                "over": 1.99,
                "under": 1.73
              }
            ],
            "sog_1x2": {
              "P1": 1.35,
              "P2": 3.1
            },
            "faceoffs_match": [
              {
                "line": 55.5,
                "over": 1.67,
                "under": 2.07
              },
              {
                "line": 56.5,
                "over": 1.85,
                "under": 1.85
              },
              {
                "line": 57.5,
                "over": 2.07,
                "under": 1.67
              }
            ],
            "faceoffs_spreads": [
              {
                "line": 2.5,
                "odd_plus": 1.85,
                "odd_minus": 1.85
              }
            ],
            "faceoffs_spread_main": {
              "line": 2.5,
              "odd_plus": 1.85,
              "odd_minus": 1.85
            },
            "period_totals": {
              "1": [
                {
                  "line": 0.5,
                  "over": 1.18,
                  "under": 4.3
                },
                {
                  "line": 1,
                  "over": 1.32,
                  "under": 3.1
                },
                {
                  "line": 1.5,
                  "over": 1.9,
                  "under": 1.8
                },
                {
                  "line": 2,
                  "over": 2.9,
                  "under": 1.35
                },
                {
                  "line": 2.5,
                  "over": 3.75,
                  "under": 1.23
                }
              ],
              "2": [
                {
                  "line": 1,
                  "over": 1.2,
                  "under": 4
                },
                {
                  "line": 1.5,
                  "over": 1.65,
                  "under": 2.1
                },
                {
                  "line": 2,
                  "over": 2.25,
                  "under": 1.57
                },
                {
                  "line": 2.5,
                  "over": 3,
                  "under": 1.35
                }
              ],
              "3": [
                {
                  "line": 1,
                  "over": 1.19,
                  "under": 4.15
                },
                {
                  "line": 1.5,
                  "over": 1.63,
                  "under": 2.15
                },
                {
                  "line": 2,
                  "over": 2.18,
                  "under": 1.61
                },
                {
                  "line": 2.5,
                  "over": 2.9,
                  "under": 1.35
                },
                {
                  "line": 3,
                  "over": 5,
                  "under": 1.13
                }
              ]
            },
            "spreads": [
              {
                "handicap": -1.5,
                "home": 2.18,
                "away": 1.65
              },
              {
                "handicap": -2,
                "home": 2.8,
                "away": 1.4
              },
              {
                "handicap": -2.5,
                "home": 3.2,
                "away": 1.32
              },
              {
                "handicap": 0,
                "home": 1.35,
                "away": 3
              }
            ]
          }
        },
        {
          "home": "Динамо Москва",
          "away": "Спартак",
          "start_utc": "2025-12-16T16:30:00Z",
          "markets": {
            "ml": {
              "HOME": 1.67,
              "AWAY": 2.2
            },
            "1x2_60": {
              "P1": 2.13,
              "X": 4.3,
              "P2": 3
            },
            "double_chance_60": {
              "1X": 1.4,
              "X2": 1.7
            },
            "totals_goals": [
              {
                "line": 3.5,
                "over": 1.15,
                "under": 5
              },
              {
                "line": 4,
                "over": 1.2,
                "under": 4.3
              },
              {
                "line": 4.5,
                "over": 1.4,
                "under": 2.85
              },
              {
                "line": 5,
                "over": 1.52,
                "under": 2.45
              },
              {
                "line": 5.5,
                "over": 1.8,
                "under": 2
              },
              {
                "line": 6,
                "over": 2.15,
                "under": 1.65
              },
              {
                "line": 6.5,
                "over": 2.55,
                "under": 1.48
              },
              {
                "line": 7,
                "over": 3.35,
                "under": 1.3
              },
              {
                "line": 7.5,
                "over": 3.75,
                "under": 1.25
              }
            ],
            "sog_match": [
              {
                "line": 61.5,
                "over": 1.73,
                "under": 1.99
              },
              {
                "line": 62.5,
                "over": 1.85,
                "under": 1.85
              },
              {
                "line": 63.5,
                "over": 2,
                "under": 1.72
              }
            ],
            "sog_1x2": {
              "P1": 2.4,
              "P2": 1.55
            },
            "faceoffs_match": [
              {
                "line": 56.5,
                "over": 1.7,
                "under": 2.03
              },
              {
                "line": 57.5,
                "over": 1.85,
                "under": 1.85
              },
              {
                "line": 58.5,
                "over": 2.07,
                "under": 1.67
              }
            ],
            "faceoffs_spreads": [
              {
                "line": 2.5,
                "odd_plus": 1.85,
                "odd_minus": 1.85
              }
            ],
            "faceoffs_spread_main": {
              "line": 2.5,
              "odd_plus": 1.85,
              "odd_minus": 1.85
            },
            "period_totals": {
              "1": [
                {
                  "line": 0.5,
                  "over": 1.15,
                  "under": 4.7
                },
                {
                  "line": 1,
                  "over": 1.25,
                  "under": 3.45
                },
                {
                  "line": 1.5,
                  "over": 1.78,
                  "under": 1.92
                },
                {
                  "line": 2,
                  "over": 2.55,
                  "under": 1.45
                },
                {
                  "line": 2.5,
                  "over": 3.35,
                  "under": 1.28
                }
              ],
              "2": [
                {
                  "line": 1,
                  "over": 1.16,
                  "under": 4.5
                },
                {
                  "line": 1.5,
                  "over": 1.55,
                  "under": 2.25
                },
                {
                  "line": 2,
                  "over": 2.03,
                  "under": 1.7
                },
                {
                  "line": 2.5,
                  "over": 2.7,
                  "under": 1.4
                },
                {
                  "line": 3,
                  "over": 4.5,
                  "under": 1.16
                }
              ],
              "3": [
                {
                  "line": 1,
                  "over": 1.15,
                  "under": 4.7
                },
                {
                  "line": 1.5,
                  "over": 1.55,
                  "under": 2.3
                },
                {
                  "line": 2,
                  "over": 1.98,
                  "under": 1.72
                },
                {
                  "line": 2.5,
                  "over": 2.65,
                  "under": 1.43
                },
                {
                  "line": 3,
                  "over": 4.4,
                  "under": 1.17
                }
              ]
            },
            "spreads": [
              {
                "handicap": -1.5,
                "home": 2.55,
                "away": 1.48
              },
              {
                "handicap": -2,
                "home": 3.45,
                "away": 1.3
              },
              {
                "handicap": -2.5,
                "home": 3.9,
                "away": 1.23
              },
              {
                "handicap": 0,
                "home": 1.6,
                "away": 2.25
              }
            ]
          }
        },
        {
          "home": "Амур",
          "away": "Адмирал",
          "start_utc": "2025-12-17T09:15:00Z",
          "markets": {
            "ml": {
              "HOME": 1.75,
              "AWAY": 2.1
            },
            "1x2_60": {
              "P1": 2.2,
              "X": 4.2,
              "P2": 2.7
            },
            "double_chance_60": {
              "1X": 1.47,
              "X2": 1.67
            },
            "totals_goals": [
              {
                "line": 3.5,
                "over": 1.23,
                "under": 3.9
              },
              {
                "line": 4,
                "over": 1.3,
                "under": 3.3
              },
              {
                "line": 4.5,
                "over": 1.57,
                "under": 2.35
              },
              {
                "line": 5,
                "over": 1.8,
                "under": 1.95
              },
              {
                "line": 5.5,
                "over": 2.15,
                "under": 1.7
              },
              {
                "line": 6,
                "over": 2.75,
                "under": 1.43
              },
              {
                "line": 6.5,
                "over": 3.2,
                "under": 1.33
              },
              {
                "line": 7,
                "over": 4.5,
                "under": 1.19
              },
              {
                "line": 7.5,
                "over": 5,
                "under": 1.16
              }
            ],
            "period_totals": {
              "1": [
                {
                  "line": 0.5,
                  "over": 1.19,
                  "under": 4.1
                },
                {
                  "line": 1,
                  "over": 1.35,
                  "under": 2.95
                },
                {
                  "line": 1.5,
                  "over": 1.95,
                  "under": 1.75
                },
                {
                  "line": 2,
                  "over": 3,
                  "under": 1.33
                },
                {
                  "line": 2.5,
                  "over": 3.9,
                  "under": 1.2
                }
              ],
              "2": [
                {
                  "line": 0.5,
                  "over": 1.13,
                  "under": 5
                },
                {
                  "line": 1,
                  "over": 1.22,
                  "under": 3.8
                },
                {
                  "line": 1.5,
                  "over": 1.7,
                  "under": 2.02
                },
                {
                  "line": 2,
                  "over": 2.35,
                  "under": 1.53
                },
                {
                  "line": 2.5,
                  "over": 3.1,
                  "under": 1.32
                }
              ],
              "3": [
                {
                  "line": 1,
                  "over": 1.2,
                  "under": 3.9
                },
                {
                  "line": 1.5,
                  "over": 1.65,
                  "under": 2.1
                },
                {
                  "line": 2,
                  "over": 2.3,
                  "under": 1.55
                },
                {
                  "line": 2.5,
                  "over": 3,
                  "under": 1.33
                }
              ]
            },
            "spreads": [
              {
                "handicap": -1.5,
                "home": 2.9,
                "away": 1.38
              },
              {
                "handicap": -2,
                "home": 4.05,
                "away": 1.22
              },
              {
                "handicap": -2.5,
                "home": 4.5,
                "away": 1.18
              },
              {
                "handicap": 0,
                "home": 1.7,
                "away": 2.08
              }
            ]
          }
        }
      ]
    }
  ]
}