{
  "bookmaker": "fonbet",
  "generated_at_utc": "2025-11-04T08:10:43Z",
  "version": 1,
  "days": [
    {
      "date": "2025-11-04",
      "league": "KHL",
      "games": [
        {
          "home": "Сибирь",
          "away": "Торпедо НН",
          "start_utc": "2025-11-04T10:30:00Z",
          "markets": {
            "ml": {
              "HOME": 2.13,
              "AWAY": 1.7
            },
            "1x2_60": {
              "P1": 2.8,
              "X": 4.3,
              "P2": 2.15
            },
            "double_chance_60": {
              "1X": 1.7,
              "X2": 1.45
            },
            "totals_goals": [
              {
                "line": 3.5,
                "over": 1.25,
                "under": 3.75
              },
              {
                "line": 4,
                "over": 1.33,
                "under": 3.2
              },
              {
                "line": 4.5,
                "over": 1.6,
                "under": 2.25
              },
              {
                "line": 5,
                "over": 1.83,
                "under": 1.91
              },
              {
                "line": 5.5,
                "over": 2.2,
                "under": 1.65
              },
              {
                "line": 6,
                "over": 2.85,
                "under": 1.4
              },
              {
                "line": 6.5,
                "over": 3.3,
                "under": 1.3
              },
              {
                "line": 7,
                "over": 4.7,
                "under": 1.17
              }
            ],
            "sog_match": [
              {
                "line": 62.5,
                "over": 1.73,
                "under": 1.99
              },
              {
                "line": 63.5,
                "over": 1.85,
                "under": 1.85
              },
              {
                "line": 64.5,
                "over": 1.99,
                "under": 1.73
              }
            ],
            "sog_1x2": {
              "P1": 4.1,
              "P2": 1.2
            },
            "sog_double_chance": {
              "1X": 4.05,
              "X2": 1.19
            },
            "period_totals": {
              "1": [
                {
                  "line": 0.5,
                  "over": 1.2,
                  "under": 4.05
                },
                {
                  "line": 1.5,
                  "over": 1.97,
                  "under": 1.73
                },
                {
                  "line": 2.5,
                  "over": 4,
                  "under": 1.2
                }
              ],
              "2": [
                {
                  "line": 0.5,
                  "over": 1.14,
                  "under": 4.9
                },
                {
                  "line": 1.5,
                  "over": 1.7,
                  "under": 2.02
                },
                {
                  "line": 2.5,
                  "over": 3.15,
                  "under": 1.3
                }
              ],
              "3": [
                {
                  "line": 1.5,
                  "over": 1.7,
                  "under": 2.02
                },
                {
                  "line": 2.5,
                  "over": 3.1,
                  "under": 1.32
                }
              ]
            },
            "spreads": [
              {
                "handicap": -1.5,
                "home": 3.7,
                "away": 1.25
              },
              {
                "handicap": 0,
                "home": 2.15,
                "away": 1.65
              }
            ]
          }
        },
        {
          "home": "ХК Сочи",
          "away": "Спартак",
          "start_utc": "2025-11-04T14:00:00Z",
          "markets": {
            "ml": {
              "HOME": 3.5,
              "AWAY": 1.3
            },
            "1x2_60": {
              "X": 4.7,
              "P2": 1.53
            },
            "double_chance_60": {
              "1X": 2.5,
              "X2": 1.16
            },
            "totals_goals": [
              {
                "line": 3.5,
                "over": 1.16,
                "under": 4.8
              },
              {
                "line": 4,
                "over": 1.2,
                "under": 4.2
              },
              {
                "line": 4.5,
                "over": 1.42,
                "under": 2.75
              },
              {
                "line": 5,
                "over": 1.55,
                "under": 2.35
              },
              {
                "line": 5.5,
                "over": 1.85,
                "under": 1.95
              },
              {
                "line": 6,
                "over": 2.2,
                "under": 1.62
              },
              {
                "line": 6.5,
                "over": 2.65,
                "under": 1.45
              },
              {
                "line": 7,
                "over": 3.45,
                "under": 1.28
              },
              {
                "line": 7.5,
                "over": 3.9,
                "under": 1.25
              }
            ],
            "sog_match": [
              {
                "line": 64.5,
                "over": 1.73,
                "under": 1.99
              },
              {
                "line": 65.5,
                "over": 1.85,
                "under": 1.85
              },
              {
                "line": 66.5,
                "over": 1.99,
                "under": 1.73
              }
            ],
            "sog_1x2": {
              "P2": 1.12
            },
            "sog_double_chance": {
              "X2": 1.11
            },
            "period_totals": {
              "1": [
                {
                  "line": 0.5,
                  "over": 1.16,
                  "under": 4.6
                },
                {
                  "line": 1.5,
                  "over": 1.8,
                  "under": 1.9
                },
                {
                  "line": 2.5,
                  "over": 3.4,
                  "under": 1.27
                }
              ],
              "2": [
                {
                  "line": 1.5,
                  "over": 1.57,
                  "under": 2.25
                },
                {
                  "line": 2.5,
                  "over": 2.75,
                  "under": 1.4
                }
              ],
              "3": [
                {
                  "line": 1.5,
                  "over": 1.55,
                  "under": 2.3
                },
                {
                  "line": 2.5,
                  "over": 2.65,
                  "under": 1.4
                }
              ]
            },
            "spreads": [
              {
                "handicap": -3,
                "home": 4.15,
                "away": 1.2
              },
              {
                "handicap": 0,
                "home": 4,
                "away": 1.23
              }
            ]
          }
        },
        {
          "home": "СКА",
          "away": "Динамо Москва",
          "start_utc": "2025-11-04T14:00:00Z",
          "markets": {
            "ml": {
              "HOME": 2.07,
              "AWAY": 1.75
            },
            "1x2_60": {
              "P1": 2.75,
              "X": 4.4,
              "P2": 2.25
            },
            "double_chance_60": {
              "1X": 1.65,
              "X2": 1.45
            },
            "totals_goals": [
              {
                "line": 3.5,
                "over": 1.23,
                "under": 3.9
              },
              {
                "line": 4,
                "over": 1.3,
                "under": 3.3
              },
              {
                "line": 4.5,
                "over": 1.57,
                "under": 2.35
              },
              {
                "line": 5,
                "over": 1.8,
                "under": 1.95
              },
              {
                "line": 5.5,
                "over": 2.15,
                "under": 1.7
              },
              {
                "line": 6,
                "over": 2.75,
                "under": 1.43
              },
              {
                "line": 6.5,
                "over": 3.2,
                "under": 1.33
              },
              {
                "line": 7,
                "over": 4.5,
                "under": 1.19
              },
              {
                "line": 7.5,
                "over": 5,
                "under": 1.16
              }
            ],
            "sog_match": [
              {
                "line": 58.5,
                "over": 1.72,
                "under": 2
              },
              {
                "line": 59.5,
                "over": 1.85,
                "under": 1.85
              },
              {
                "line": 60.5,
                "over": 2,
                "under": 1.72
              }
            ],
            "sog_1x2": {
              "P1": 1.43,
              "P2": 2.75
            },
            "sog_double_chance": {
              "1X": 1.4,
              "X2": 2.6
            },
            "period_totals": {
              "1": [
                {
                  "line": 0.5,
                  "over": 1.19,
                  "under": 4.1
                },
                {
                  "line": 1.5,
                  "over": 1.95,
                  "under": 1.75
                },
                {
                  "line": 2.5,
                  "over": 3.9,
                  "under": 1.2
                }
              ],
              "2": [
                {
                  "line": 0.5,
                  "over": 1.13,
                  "under": 5
                },
                {
                  "line": 1.5,
                  "over": 1.7,
                  "under": 2.02
                },
                {
                  "line": 2.5,
                  "over": 3.1,
                  "under": 1.32
                }
              ],
              "3": [
                {
                  "line": 1.5,
                  "over": 1.67,
                  "under": 2.08
                },
                {
                  "line": 2.5,
                  "over": 3,
                  "under": 1.33
                }
              ]
            },
            "spreads": [
              {
                "handicap": -1.5,
                "home": 3.55,
                "away": 1.28
              },
              {
                "handicap": -2,
                "home": 5,
                "away": 1.15
              },
              {
                "handicap": 0,
                "home": 2.07,
                "away": 1.7
              }
            ]
          }
        },
        {
          "home": "Хозяева",
          "away": "Гости",
          "start_utc": "2025-11-04T10:30:00Z",
          "markets": {
            "1x2_60": {
              "P1": 3.3,
              "P2": 1.5
            },
            "double_chance_60": {
              "1X": 2.4,
              "X2": 1.3
            },
            "period_totals": {
              "1": [
                {
                  "line": 1.5,
                  "over": 1.17,
                  "under": 1.43
                },
                {
                  "line": 2.5,
                  "over": 1.07,
                  "under": 1.18
                },
                {
                  "line": 3.5,
                  "over": 1.3,
                  "under": 3.2
                },
                {
                  "line": 4.5,
                  "over": 1.68,
                  "under": 2.05
                },
                {
                  "line": 5.5,
                  "over": 2.35,
                  "under": 1.52
                },
                {
                  "line": 6.5,
                  "over": 3.55,
                  "under": 1.25
                }
              ]
            },
            "spreads": [
              {
                "handicap": -1.5,
                "home": 4.4,
                "away": 1.17
              },
              {
                "handicap": -4.5,
                "home": 3.3,
                "away": 1.28
              }
            ]
          }
        }
      ]
    },
    {
      "date": "2025-11-05",
      "league": "KHL",
      "games": [
        {
          "home": "Амур",
          "away": "Авангард",
          "start_utc": "2025-11-05T09:15:00Z",
          "markets": {
            "ml": {
              "HOME": 3,
              "AWAY": 1.4
            },
            "1x2_60": {
              "P1": 4.4,
              "X": 4.4,
              "P2": 1.67
            },
            "double_chance_60": {
              "1X": 2.2,
              "X2": 1.2
            },
            "totals_goals": [
              {
                "line": 3.5,
                "over": 1.2,
                "under": 4.2
              },
              {
                "line": 4,
                "over": 1.27,
                "under": 3.55
              },
              {
                "line": 4.5,
                "over": 1.52,
                "under": 2.45
              },
              {
                "line": 5,
                "over": 1.7,
                "under": 2.08
              },
              {
                "line": 5.5,
                "over": 2.05,
                "under": 1.77
              },
              {
                "line": 6,
                "over": 2.55,
                "under": 1.48
              },
              {
                "line": 6.5,
                "over": 3,
                "under": 1.35
              },
              {
                "line": 7,
                "over": 4.1,
                "under": 1.2
              },
              {
                "line": 7.5,
                "over": 4.6,
                "under": 1.18
              }
            ],
            "period_totals": {
              "1": [
                {
                  "line": 0.5,
                  "over": 1.18,
                  "under": 4.3
                },
                {
                  "line": 1.5,
                  "over": 1.9,
                  "under": 1.8
                },
                {
                  "line": 2.5,
                  "over": 3.75,
                  "under": 1.23
                }
              ],
              "2": [
                {
                  "line": 1.5,
                  "over": 1.65,
                  "under": 2.1
                },
                {
                  "line": 2.5,
                  "over": 2.95,
                  "under": 1.35
                }
              ],
              "3": [
                {
                  "line": 1.5,
                  "over": 1.63,
                  "under": 2.15
                },
                {
                  "line": 2.5,
                  "over": 2.9,
                  "under": 1.35
                }
              ]
            },
            "spreads": [
              {
                "handicap": -2,
                "home": 2.55,
                "away": 1.48
              },
              {
                "handicap": 0,
                "home": 3.3,
                "away": 1.3
              }
            ]
          }
        },
        {
          "home": "Адмирал",
          "away": "Металлург Мг",
          "start_utc": "2025-11-05T09:30:00Z",
          "markets": {
            "ml": {
              "HOME": 2.95,
              "AWAY": 1.4
            },
            "1x2_60": {
              "P1": 4.3,
              "X": 4.3,
              "P2": 1.7
            },
            "double_chance_60": {
              "1X": 2.15,
              "X2": 1.22
            },
            "totals_goals": [
              {
                "line": 3.5,
                "over": 1.18,
                "under": 4.6
              },
              {
                "line": 4,
                "over": 1.23,
                "under": 4
              },
              {
                "line": 4.5,
                "over": 1.45,
                "under": 2.65
              },
              {
                "line": 5,
                "over": 1.6,
                "under": 2.25
              },
              {
                "line": 5.5,
                "over": 1.9,
                "under": 1.9
              },
              {
                "line": 6,
                "over": 2.3,
                "under": 1.57
              },
              {
                "line": 6.5,
                "over": 2.75,
                "under": 1.42
              },
              {
                "line": 7,
                "over": 3.65,
                "under": 1.25
              },
              {
                "line": 7.5,
                "over": 4.1,
                "under": 1.22
              }
            ],
            "period_totals": {
              "1": [
                {
                  "line": 0.5,
                  "over": 1.17,
                  "under": 4.5
                },
                {
                  "line": 1.5,
                  "over": 1.82,
                  "under": 1.88
                },
                {
                  "line": 2.5,
                  "over": 3.5,
                  "under": 1.25
                }
              ],
              "2": [
                {
                  "line": 1.5,
                  "over": 1.6,
                  "under": 2.2
                },
                {
                  "line": 2.5,
                  "over": 2.8,
                  "under": 1.38
                }
              ],
              "3": [
                {
                  "line": 1.5,
                  "over": 1.57,
                  "under": 2.25
                },
                {
                  "line": 2.5,
                  "over": 2.75,
                  "under": 1.4
                }
              ]
            },
            "spreads": [
              {
                "handicap": -2,
                "home": 2.55,
                "away": 1.5
              },
              {
                "handicap": 0,
                "home": 3.2,
                "away": 1.32
              }
            ]
          }
        },
        {
          "home": "Трактор",
          "away": "Нефтехимик",
          "start_utc": "2025-11-05T14:00:00Z",
          "markets": {
            "ml": {
              "HOME": 1.45,
              "AWAY": 2.8
            },
            "1x2_60": {
              "P1": 1.75,
              "X": 4.4,
              "P2": 3.95
            },
            "double_chance_60": {
              "1X": 1.25,
              "X2": 2.1
            },
            "totals_goals": [
              {
                "line": 3.5,
                "over": 1.18,
                "under": 4.6
              },
              {
                "line": 4,
                "over": 1.23,
                "under": 3.9
              },
              {
                "line": 4.5,
                "over": 1.45,
                "under": 2.65
              },
              {
                "line": 5,
                "over": 1.6,
                "under": 2.25
              },
              {
                "line": 5.5,
                "over": 1.92,
                "under": 1.88
              },
              {
                "line": 6,
                "over": 2.35,
                "under": 1.55
              },
              {
                "line": 6.5,
                "over": 2.75,
                "under": 1.42
              },
              {
                "line": 7,
                "over": 3.7,
                "under": 1.25
              },
              {
                "line": 7.5,
                "over": 4.15,
                "under": 1.2
              }
            ],
            "period_totals": {
              "1": [
                {
                  "line": 0.5,
                  "over": 1.17,
                  "under": 4.5
                },
                {
                  "line": 1.5,
                  "over": 1.83,
                  "under": 1.87
                },
                {
                  "line": 2.5,
                  "over": 3.55,
                  "under": 1.25
                }
              ],
              "2": [
                {
                  "line": 1.5,
                  "over": 1.6,
                  "under": 2.2
                },
                {
                  "line": 2.5,
                  "over": 2.85,
                  "under": 1.37
                }
              ],
              "3": [
                {
                  "line": 1.5,
                  "over": 1.58,
                  "under": 2.25
                },
                {
                  "line": 2.5,
                  "over": 2.75,
                  "under": 1.4
                }
              ]
            },
            "spreads": [
              {
                "handicap": -1.5,
                "home": 2.2,
                "away": 1.63
              },
              {
                "handicap": -2,
                "home": 2.8,
                "away": 1.4
              },
              {
                "handicap": -2.5,
                "home": 3.2,
                "away": 1.32
              },
              {
                "handicap": 0,
                "home": 1.37,
                "away": 3
              }
            ]
          }
        },
        {
          "home": "Барыс",
          "away": "Салават Юлаев",
          "start_utc": "2025-11-05T14:30:00Z",
          "markets": {
            "ml": {
              "HOME": 1.92,
              "AWAY": 1.88
            },
            "1x2_60": {
              "P1": 2.45,
              "X": 4.3,
              "P2": 2.4
            },
            "double_chance_60": {
              "1X": 1.57,
              "X2": 1.55
            },
            "totals_goals": [
              {
                "line": 3.5,
                "over": 1.22,
                "under": 4.05
              },
              {
                "line": 4,
                "over": 1.3,
                "under": 3.45
              },
              {
                "line": 4.5,
                "over": 1.55,
                "under": 2.4
              },
              {
                "line": 5,
                "over": 1.75,
                "under": 2
              },
              {
                "line": 5.5,
                "over": 2.1,
                "under": 1.75
              },
              {
                "line": 6,
                "over": 2.6,
                "under": 1.45
              },
              {
                "line": 6.5,
                "over": 3.05,
                "under": 1.35
              },
              {
                "line": 7,
                "over": 4.3,
                "under": 1.2
              },
              {
                "line": 7.5,
                "over": 4.7,
                "under": 1.17
              }
            ],
            "period_totals": {
              "1": [
                {
                  "line": 0.5,
                  "over": 1.19,
                  "under": 4.2
                },
                {
                  "line": 1.5,
                  "over": 1.9,
                  "under": 1.8
                },
                {
                  "line": 2.5,
                  "over": 3.8,
                  "under": 1.22
                }
              ],
              "2": [
                {
                  "line": 1.5,
                  "over": 1.67,
                  "under": 2.07
                },
                {
                  "line": 2.5,
                  "over": 3.05,
                  "under": 1.33
                }
              ],
              "3": [
                {
                  "line": 1.5,
                  "over": 1.65,
                  "under": 2.1
                },
                {
                  "line": 2.5,
                  "over": 2.95,
                  "under": 1.35
                }
              ]
            },
            "spreads": [
              {
                "handicap": -1.5,
                "home": 3.2,
                "away": 1.33
              },
              {
                "handicap": -2,
                "home": 4.5,
                "away": 1.19
              },
              {
                "handicap": -2.5,
                "home": 4.9,
                "away": 1.16
              },
              {
                "handicap": 0,
                "home": 1.88,
                "away": 1.88
              }
            ]
          }
        }
      ]
    }
  ]
}