{
  "bookmaker": "fonbet",
  "generated_at_utc": "2025-12-01T07:02:45Z",
  "version": 1,
  "days": [
    {
      "date": "2025-12-01",
      "league": "KHL",
      "games": [
        {
          "home": "Сибирь",
          "away": "Барыс",
          "start_utc": "2025-12-01T12:30:00Z",
          "markets": {
            "ml": {
              "HOME": 1.85,
              "AWAY": 1.95
            },
            "1x2_60": {
              "P1": 2.35,
              "X": 4.3,
              "P2": 2.55
            },
            "double_chance_60": {
              "1X": 1.5,
              "X2": 1.6
            },
            "totals_goals": [
              {
                "line": 3.5,
                "over": 1.25,
                "under": 3.75
              },
              {
                "line": 4,
                "over": 1.33,
                "under": 3.15
              },
              {
                "line": 4.5,
                "over": 1.6,
                "under": 2.25
              },
              {
                "line": 5,
                "over": 1.85,
                "under": 1.9
              },
              {
                "line": 5.5,
                "over": 2.2,
                "under": 1.65
              },
              {
                "line": 6,
                "over": 2.85,
                "under": 1.4
              },
              {
                "line": 6.5,
                "over": 3.3,
                "under": 1.3
              },
              {
                "line": 7,
                "over": 4.7,
                "under": 1.17
              }
            ],
            "period_totals": {
              "1": [
                {
                  "line": 0.5,
                  "over": 1.2,
                  "under": 4.05
                },
                {
                  "line": 1,
                  "over": 1.37,
                  "under": 2.85
                },
                {
                  "line": 1.5,
                  "over": 1.97,
                  "under": 1.73
                },
                {
                  "line": 2,
                  "over": 3.1,
                  "under": 1.32
                },
                {
                  "line": 2.5,
                  "over": 4,
                  "under": 1.2
                }
              ],
              "2": [
                {
                  "line": 0.5,
                  "over": 1.14,
                  "under": 4.9
                },
                {
                  "line": 1,
                  "over": 1.23,
                  "under": 3.7
                },
                {
                  "line": 1.5,
                  "over": 1.72,
                  "under": 2
                },
                {
                  "line": 2,
                  "over": 2.4,
                  "under": 1.5
                },
                {
                  "line": 2.5,
                  "over": 3.2,
                  "under": 1.3
                }
              ],
              "3": [
                {
                  "line": 1,
                  "over": 1.22,
                  "under": 3.8
                },
                {
                  "line": 1.5,
                  "over": 1.7,
                  "under": 2.02
                },
                {
                  "line": 2,
                  "over": 2.35,
                  "under": 1.53
                },
                {
                  "line": 2.5,
                  "over": 3.1,
                  "under": 1.32
                }
              ]
            },
            "spreads": [
              {
                "handicap": -1.5,
                "home": 3.15,
                "away": 1.35
              },
              {
                "handicap": -2,
                "home": 4.5,
                "away": 1.18
              },
              {
                "handicap": -2.5,
                "home": 5,
                "away": 1.15
              },
              {
                "handicap": 0,
                "home": 1.8,
                "away": 1.95
              }
            ]
          }
        },
        {
          "home": "Хозяева",
          "away": "Гости",
          "start_utc": "2025-12-01T12:30:00Z",
          "markets": {
            "1x2_60": {
              "P1": 1.55,
              "P2": 3
            },
            "double_chance_60": {
              "1X": 1.35,
              "X2": 2.3
            },
            "period_totals": {
              "1": [
                {
                  "line": 1.5,
                  "over": 1.18,
                  "under": 1.5
                },
                {
                  "line": 2.5,
                  "over": 1.06,
                  "under": 1.25
                },
                {
                  "line": 4.5,
                  "over": 1.22,
                  "under": 3.8
                },
                {
                  "line": 5.5,
                  "over": 1.47,
                  "under": 2.5
                },
                {
                  "line": 6.5,
                  "over": 1.9,
                  "under": 1.8
                },
                {
                  "line": 7.5,
                  "over": 2.55,
                  "under": 1.45
                },
                {
                  "line": 8.5,
                  "over": 3.7,
                  "under": 1.23
                }
              ]
            },
            "spreads": [
              {
                "handicap": -4.5,
                "home": 2.85,
                "away": 1.37
              },
              {
                "handicap": -5.5,
                "home": 3.55,
                "away": 1.25
              },
              {
                "handicap": -6.5,
                "home": 4.5,
                "away": 1.16
              }
            ]
          }
        }
      ]
    },
    {
      "date": "2025-12-02",
      "league": "KHL",
      "games": [
        {
          "home": "Северсталь",
          "away": "Трактор",
          "start_utc": "2025-12-01T16:00:00Z",
          "markets": {
            "ml": {
              "HOME": 1.78,
              "AWAY": 2.05
            },
            "1x2_60": {
              "P1": 2.25,
              "X": 4.3,
              "P2": 2.65
            },
            "double_chance_60": {
              "1X": 1.48,
              "X2": 1.65
            },
            "totals_goals": [
              {
                "line": 3.5,
                "over": 1.17,
                "under": 4.6
              },
              {
                "line": 4,
                "over": 1.22,
                "under": 4
              },
              {
                "line": 4.5,
                "over": 1.45,
                "under": 2.7
              },
              {
                "line": 5,
                "over": 1.6,
                "under": 2.3
              },
              {
                "line": 5.5,
                "over": 1.9,
                "under": 1.9
              },
              {
                "line": 6,
                "over": 2.3,
                "under": 1.58
              },
              {
                "line": 6.5,
                "over": 2.7,
                "under": 1.43
              },
              {
                "line": 7,
                "over": 3.65,
                "under": 1.25
              },
              {
                "line": 7.5,
                "over": 4.05,
                "under": 1.22
              }
            ],
            "period_totals": {
              "1": [
                {
                  "line": 0.5,
                  "over": 1.16,
                  "under": 4.5
                },
                {
                  "line": 1,
                  "over": 1.3,
                  "under": 3.3
                },
                {
                  "line": 1.5,
                  "over": 1.82,
                  "under": 1.88
                },
                {
                  "line": 2,
                  "over": 2.7,
                  "under": 1.4
                },
                {
                  "line": 2.5,
                  "over": 3.5,
                  "under": 1.25
                }
              ],
              "2": [
                {
                  "line": 1,
                  "over": 1.18,
                  "under": 4.3
                },
                {
                  "line": 1.5,
                  "over": 1.6,
                  "under": 2.2
                },
                {
                  "line": 2,
                  "over": 2.12,
                  "under": 1.64
                },
                {
                  "line": 2.5,
                  "over": 2.8,
                  "under": 1.38
                },
                {
                  "line": 3,
                  "over": 4.8,
                  "under": 1.15
                }
              ],
              "3": [
                {
                  "line": 1,
                  "over": 1.17,
                  "under": 4.4
                },
                {
                  "line": 1.5,
                  "over": 1.57,
                  "under": 2.25
                },
                {
                  "line": 2,
                  "over": 2.05,
                  "under": 1.68
                },
                {
                  "line": 2.5,
                  "over": 2.75,
                  "under": 1.4
                },
                {
                  "line": 3,
                  "over": 4.6,
                  "under": 1.16
                }
              ]
            },
            "spreads": [
              {
                "handicap": -1.5,
                "home": 2.9,
                "away": 1.38
              },
              {
                "handicap": -2,
                "home": 3.9,
                "away": 1.23
              },
              {
                "handicap": -2.5,
                "home": 4.3,
                "away": 1.2
              },
              {
                "handicap": 0,
                "home": 1.75,
                "away": 2
              }
            ]
          }
        },
        {
          "home": "ЦСКА",
          "away": "Салават Юлаев",
          "start_utc": "2025-12-01T16:30:00Z",
          "markets": {
            "ml": {
              "HOME": 1.4,
              "AWAY": 2.95
            },
            "1x2_60": {
              "P1": 1.7,
              "X": 4.3,
              "P2": 4.3
            },
            "double_chance_60": {
              "1X": 1.22,
              "X2": 2.15
            },
            "totals_goals": [
              {
                "line": 3.5,
                "over": 1.25,
                "under": 3.75
              },
              {
                "line": 4,
                "over": 1.33,
                "under": 3.15
              },
              {
                "line": 4.5,
                "over": 1.6,
                "under": 2.25
              },
              {
                "line": 5,
                "over": 1.85,
                "under": 1.9
              },
              {
                "line": 5.5,
                "over": 2.2,
                "under": 1.65
              },
              {
                "line": 6,
                "over": 2.85,
                "under": 1.4
              },
              {
                "line": 6.5,
                "over": 3.35,
                "under": 1.3
              },
              {
                "line": 7,
                "over": 4.7,
                "under": 1.17
              }
            ],
            "period_totals": {
              "1": [
                {
                  "line": 0.5,
                  "over": 1.2,
                  "under": 4.05
                },
                {
                  "line": 1,
                  "over": 1.35,
                  "under": 2.9
                },
                {
                  "line": 1.5,
                  "over": 1.97,
                  "under": 1.73
                },
                {
                  "line": 2,
                  "over": 3.1,
                  "under": 1.32
                },
                {
                  "line": 2.5,
                  "over": 4,
                  "under": 1.2
                }
              ],
              "2": [
                {
                  "line": 0.5,
                  "over": 1.14,
                  "under": 4.9
                },
                {
                  "line": 1,
                  "over": 1.23,
                  "under": 3.7
                },
                {
                  "line": 1.5,
                  "over": 1.7,
                  "under": 2.02
                },
                {
                  "line": 2,
                  "over": 2.4,
                  "under": 1.5
                },
                {
                  "line": 2.5,
                  "over": 3.15,
                  "under": 1.3
                }
              ],
              "3": [
                {
                  "line": 1,
                  "over": 1.22,
                  "under": 3.8
                },
                {
                  "line": 1.5,
                  "over": 1.7,
                  "under": 2.02
                },
                {
                  "line": 2,
                  "over": 2.35,
                  "under": 1.53
                },
                {
                  "line": 2.5,
                  "over": 3.1,
                  "under": 1.32
                }
              ]
            },
            "spreads": [
              {
                "handicap": -2.5,
                "home": 3.05,
                "away": 1.35
              },
              {
                "handicap": -3,
                "home": 5,
                "away": 1.15
              },
              {
                "handicap": 0,
                "home": 1.32,
                "away": 3.2
              }
            ]
          }
        },
        {
          "home": "Динамо Москва",
          "away": "Торпедо НН",
          "start_utc": "2025-12-01T16:30:00Z",
          "markets": {
            "ml": {
              "HOME": 1.62,
              "AWAY": 2.3
            },
            "1x2_60": {
              "P1": 2.03,
              "X": 4.5,
              "P2": 3.15
            },
            "double_chance_60": {
              "1X": 1.35,
              "X2": 1.8
            },
            "totals_goals": [
              {
                "line": 3.5,
                "over": 1.2,
                "under": 4.15
              },
              {
                "line": 4,
                "over": 1.27,
                "under": 3.55
              },
              {
                "line": 4.5,
                "over": 1.5,
                "under": 2.45
              },
              {
                "line": 5,
                "over": 1.7,
                "under": 2.1
              },
              {
                "line": 5.5,
                "over": 2.05,
                "under": 1.77
              },
              {
                "line": 6,
                "over": 2.55,
                "under": 1.48
              },
              {
                "line": 6.5,
                "over": 3,
                "under": 1.37
              },
              {
                "line": 7,
                "over": 4.1,
                "under": 1.2
              },
              {
                "line": 7.5,
                "over": 4.6,
                "under": 1.18
              }
            ],
            "period_totals": {
              "1": [
                {
                  "line": 0.5,
                  "over": 1.18,
                  "under": 4.3
                },
                {
                  "line": 1,
                  "over": 1.32,
                  "under": 3.05
                },
                {
                  "line": 1.5,
                  "over": 1.9,
                  "under": 1.8
                },
                {
                  "line": 2,
                  "over": 2.9,
                  "under": 1.35
                },
                {
                  "line": 2.5,
                  "over": 3.75,
                  "under": 1.23
                }
              ],
              "2": [
                {
                  "line": 1,
                  "over": 1.2,
                  "under": 4
                },
                {
                  "line": 1.5,
                  "over": 1.65,
                  "under": 2.1
                },
                {
                  "line": 2,
                  "over": 2.25,
                  "under": 1.57
                },
                {
                  "line": 2.5,
                  "over": 3,
                  "under": 1.35
                }
              ],
              "3": [
                {
                  "line": 1,
                  "over": 1.19,
                  "under": 4.1
                },
                {
                  "line": 1.5,
                  "over": 1.63,
                  "under": 2.15
                },
                {
                  "line": 2,
                  "over": 2.2,
                  "under": 1.6
                },
                {
                  "line": 2.5,
                  "over": 2.9,
                  "under": 1.35
                }
              ]
            },
            "spreads": [
              {
                "handicap": -1.5,
                "home": 2.55,
                "away": 1.48
              },
              {
                "handicap": -2,
                "home": 3.4,
                "away": 1.3
              },
              {
                "handicap": -2.5,
                "home": 3.85,
                "away": 1.25
              },
              {
                "handicap": 0,
                "home": 1.55,
                "away": 2.35
              }
            ]
          }
        },
        {
          "home": "Амур",
          "away": "Динамо Минск",
          "start_utc": "2025-12-02T09:15:00Z",
          "markets": {
            "ml": {
              "HOME": 2.75,
              "AWAY": 1.45
            },
            "1x2_60": {
              "P1": 3.9,
              "X": 4.3,
              "P2": 1.77
            },
            "double_chance_60": {
              "1X": 2.05,
              "X2": 1.25
            },
            "totals_goals": [
              {
                "line": 3.5,
                "over": 1.18,
                "under": 4.6
              },
              {
                "line": 4,
                "over": 1.23,
                "under": 4
              },
              {
                "line": 4.5,
                "over": 1.45,
                "under": 2.65
              },
              {
                "line": 5,
                "over": 1.6,
                "under": 2.25
              },
              {
                "line": 5.5,
                "over": 1.9,
                "under": 1.9
              },
              {
                "line": 6,
                "over": 2.3,
                "under": 1.58
              },
              {
                "line": 6.5,
                "over": 2.75,
                "under": 1.43
              },
              {
                "line": 7,
                "over": 3.65,
                "under": 1.25
              },
              {
                "line": 7.5,
                "over": 4.1,
                "under": 1.22
              }
            ],
            "period_totals": {
              "1": [
                {
                  "line": 0.5,
                  "over": 1.16,
                  "under": 4.5
                },
                {
                  "line": 1,
                  "over": 1.3,
                  "under": 3.3
                },
                {
                  "line": 1.5,
                  "over": 1.82,
                  "under": 1.88
                },
                {
                  "line": 2,
                  "over": 2.7,
                  "under": 1.4
                },
                {
                  "line": 2.5,
                  "over": 3.5,
                  "under": 1.25
                }
              ],
              "2": [
                {
                  "line": 1,
                  "over": 1.18,
                  "under": 4.3
                },
                {
                  "line": 1.5,
                  "over": 1.6,
                  "under": 2.2
                },
                {
                  "line": 2,
                  "over": 2.1,
                  "under": 1.65
                },
                {
                  "line": 2.5,
                  "over": 2.8,
                  "under": 1.38
                },
                {
                  "line": 3,
                  "over": 4.8,
                  "under": 1.15
                }
              ],
              "3": [
                {
                  "line": 1,
                  "over": 1.17,
                  "under": 4.4
                },
                {
                  "line": 1.5,
                  "over": 1.57,
                  "under": 2.25
                },
                {
                  "line": 2,
                  "over": 2.05,
                  "under": 1.68
                },
                {
                  "line": 2.5,
                  "over": 2.75,
                  "under": 1.4
                },
                {
                  "line": 3,
                  "over": 4.6,
                  "under": 1.16
                }
              ]
            },
            "spreads": [
              {
                "handicap": -1.5,
                "home": 5,
                "away": 1.15
              },
              {
                "handicap": -2,
                "home": 2.85,
                "away": 1.4
              },
              {
                "handicap": 0,
                "home": 2.95,
                "away": 1.38
              }
            ]
          }
        },
        {
          "home": "Адмирал",
          "away": "ХК Сочи",
          "start_utc": "2025-12-02T09:30:00Z",
          "markets": {
            "ml": {
              "HOME": 1.37,
              "AWAY": 3.1
            },
            "1x2_60": {
              "P1": 1.65,
              "X": 4.4,
              "P2": 4.5
            },
            "double_chance_60": {
              "1X": 1.2,
              "X2": 2.25
            },
            "totals_goals": [
              {
                "line": 3.5,
                "over": 1.18,
                "under": 4.6
              },
              {
                "line": 4,
                "over": 1.23,
                "under": 4
              },
              {
                "line": 4.5,
                "over": 1.45,
                "under": 2.65
              },
              {
                "line": 5,
                "over": 1.6,
                "under": 2.25
              },
              {
                "line": 5.5,
                "over": 1.9,
                "under": 1.9
              },
              {
                "line": 6,
                "over": 2.3,
                "under": 1.58
              },
              {
                "line": 6.5,
                "over": 2.75,
                "under": 1.43
              },
              {
                "line": 7,
                "over": 3.65,
                "under": 1.25
              },
              {
                "line": 7.5,
                "over": 4.05,
                "under": 1.22
              }
            ],
            "period_totals": {
              "1": [
                {
                  "line": 0.5,
                  "over": 1.16,
                  "under": 4.5
                },
                {
                  "line": 1,
                  "over": 1.3,
                  "under": 3.3
                },
                {
                  "line": 1.5,
                  "over": 1.82,
                  "under": 1.88
                },
                {
                  "line": 2,
                  "over": 2.7,
                  "under": 1.4
                },
                {
                  "line": 2.5,
                  "over": 3.5,
                  "under": 1.25
                }
              ],
              "2": [
                {
                  "line": 1,
                  "over": 1.18,
                  "under": 4.3
                },
                {
                  "line": 1.5,
                  "over": 1.6,
                  "under": 2.2
                },
                {
                  "line": 2,
                  "over": 2.1,
                  "under": 1.65
                },
                {
                  "line": 2.5,
                  "over": 2.8,
                  "under": 1.38
                },
                {
                  "line": 3,
                  "over": 4.8,
                  "under": 1.15
                }
              ],
              "3": [
                {
                  "line": 1,
                  "over": 1.17,
                  "under": 4.5
                },
                {
                  "line": 1.5,
                  "over": 1.57,
                  "under": 2.25
                },
                {
                  "line": 2,
                  "over": 2.05,
                  "under": 1.68
                },
                {
                  "line": 2.5,
                  "over": 2.75,
                  "under": 1.4
                },
                {
                  "line": 3,
                  "over": 4.6,
                  "under": 1.16
                }
              ]
            },
            "spreads": [
              {
                "handicap": -2.5,
                "home": 2.85,
                "away": 1.4
              },
              {
                "handicap": -3,
                "home": 4.6,
                "away": 1.18
              },
              {
                "handicap": 0,
                "home": 1.3,
                "away": 3.4
              }
            ]
          }
        }
      ]
    }
  ]
}