{
  "bookmaker": "fonbet",
  "generated_at_utc": "2025-12-17T11:07:24Z",
  "version": 1,
  "days": [
    {
      "date": "2025-12-17",
      "league": "KHL",
      "games": [
        {
          "home": "Амур",
          "away": "Адмирал",
          "start_utc": "2025-12-17T09:15:00Z",
          "markets": {
            "ml": {
              "HOME": 1.25,
              "AWAY": 3.95
            },
            "1x2_60": {
              "P1": 1.5,
              "X": 3.7
            },
            "double_chance_60": {
              "X2": 2.4
            },
            "totals_goals": [
              {
                "line": 3.5,
                "over": 1.19,
                "under": 4.7
              },
              {
                "line": 4.5,
                "over": 2.2,
                "under": 1.67
              },
              {
                "line": 5.5,
                "over": 4.7,
                "under": 1.19
              }
            ],
            "sog_match": [
              {
                "line": 71.5,
                "over": 1.65,
                "under": 2.1
              }
            ],
            "sog_1x2": {
              "P1": 2.37,
              "P2": 1.77
            },
            "sog_double_chance": {
              "1X": 1.94,
              "X2": 1.51
            },
            "faceoffs_match": [
              {
                "line": 57.5,
                "over": 1.32,
                "under": 3.1
              },
              {
                "line": 58.5,
                "over": 1.56,
                "under": 2.27
              },
              {
                "line": 59.5,
                "over": 1.87,
                "under": 1.83
              }
            ]
          }
        }
      ]
    },
    {
      "date": "2025-12-18",
      "league": "KHL",
      "games": [
        {
          "home": "ХК Сочи",
          "away": "Металлург Мг",
          "start_utc": "2025-12-17T16:30:00Z",
          "markets": {
            "ml": {
              "HOME": 3.8,
              "AWAY": 1.27
            },
            "1x2_60": {
              "P2": 1.48
            },
            "double_chance_60": {
              "1X": 2.65,
              "X2": 1.14
            },
            "totals_goals": [
              {
                "line": 3.5,
                "over": 1.13,
                "under": 1.19
              },
              {
                "line": 4,
                "over": 1.16,
                "under": 4.9
              },
              {
                "line": 4.5,
                "over": 1.35,
                "under": 3.1
              },
              {
                "line": 5,
                "over": 1.45,
                "under": 2.7
              },
              {
                "line": 5.5,
                "over": 1.7,
                "under": 2.15
              },
              {
                "line": 6,
                "over": 1.98,
                "under": 1.78
              },
              {
                "line": 6.5,
                "over": 2.35,
                "under": 1.55
              },
              {
                "line": 7,
                "over": 3,
                "under": 1.35
              },
              {
                "line": 7.5,
                "over": 3.4,
                "under": 1.3
              }
            ],
            "sog_match": [
              {
                "line": 63.5,
                "over": 1.75,
                "under": 1.95
              },
              {
                "line": 64.5,
                "over": 1.94,
                "under": 1.77
              },
              {
                "line": 65.5,
                "over": 2.1,
                "under": 1.65
              }
            ],
            "sog_1x2": {
              "P2": 1.05
            },
            "faceoffs_match": [
              {
                "line": 55.5,
                "over": 1.67,
                "under": 2.07
              },
              {
                "line": 56.5,
                "over": 1.85,
                "under": 1.85
              },
              {
                "line": 57.5,
                "over": 2.07,
                "under": 1.67
              }
            ],
            "faceoffs_spreads": [
              {
                "line": 1.5,
                "odd_plus": 1.85,
                "odd_minus": 1.85
              }
            ],
            "faceoffs_spread_main": {
              "line": 1.5,
              "odd_plus": 1.85,
              "odd_minus": 1.85
            },
            "period_totals": {
              "1": [
                {
                  "line": 0.5,
                  "over": 1.14,
                  "under": 4.9
                },
                {
                  "line": 1,
                  "over": 1.25,
                  "under": 3.7
                },
                {
                  "line": 1.5,
                  "over": 1.72,
                  "under": 2
                },
                {
                  "line": 2,
                  "over": 2.4,
                  "under": 1.5
                },
                {
                  "line": 2.5,
                  "over": 3.2,
                  "under": 1.3
                }
              ],
              "2": [
                {
                  "line": 1,
                  "over": 1.14,
                  "under": 4.9
                },
                {
                  "line": 1.5,
                  "over": 1.5,
                  "under": 2.4
                },
                {
                  "line": 2,
                  "over": 1.92,
                  "under": 1.78
                },
                {
                  "line": 2.5,
                  "over": 2.55,
                  "under": 1.45
                },
                {
                  "line": 3,
                  "over": 4.2,
                  "under": 1.19
                }
              ],
              "3": [
                {
                  "line": 1.5,
                  "over": 1.5,
                  "under": 2.45
                },
                {
                  "line": 2,
                  "over": 1.88,
                  "under": 1.82
                },
                {
                  "line": 2.5,
                  "over": 2.5,
                  "under": 1.47
                },
                {
                  "line": 3,
                  "over": 4.05,
                  "under": 1.2
                },
                {
                  "line": 3.5,
                  "over": 4.8,
                  "under": 1.15
                }
              ]
            },
            "spreads": [
              {
                "handicap": -3,
                "home": 3.65,
                "away": 1.25
              },
              {
                "handicap": 0,
                "home": 4.3,
                "away": 1.2
              }
            ]
          }
        },
        {
          "home": "Автомобилист",
          "away": "Динамо Минск",
          "start_utc": "2025-12-18T14:00:00Z",
          "markets": {
            "ml": {
              "HOME": 1.93,
              "AWAY": 1.87
            },
            "1x2_60": {
              "P1": 2.5,
              "X": 4.1,
              "P2": 2.4
            },
            "double_chance_60": {
              "1X": 1.57,
              "X2": 1.53
            },
            "totals_goals": [
              {
                "line": 3.5,
                "over": 1.2,
                "under": 4.3
              },
              {
                "line": 4,
                "over": 1.25,
                "under": 3.65
              },
              {
                "line": 4.5,
                "over": 1.5,
                "under": 2.5
              },
              {
                "line": 5,
                "over": 1.68,
                "under": 2.12
              },
              {
                "line": 5.5,
                "over": 2,
                "under": 1.8
              },
              {
                "line": 6,
                "over": 2.5,
                "under": 1.5
              },
              {
                "line": 6.5,
                "over": 2.95,
                "under": 1.38
              },
              {
                "line": 7,
                "over": 4,
                "under": 1.22
              },
              {
                "line": 7.5,
                "over": 4.5,
                "under": 1.19
              }
            ],
            "period_totals": {
              "1": [
                {
                  "line": 0.5,
                  "over": 1.18,
                  "under": 4.3
                },
                {
                  "line": 1,
                  "over": 1.32,
                  "under": 3.1
                },
                {
                  "line": 1.5,
                  "over": 1.88,
                  "under": 1.82
                },
                {
                  "line": 2,
                  "over": 2.85,
                  "under": 1.37
                },
                {
                  "line": 2.5,
                  "over": 3.7,
                  "under": 1.23
                }
              ],
              "2": [
                {
                  "line": 1,
                  "over": 1.2,
                  "under": 4.05
                },
                {
                  "line": 1.5,
                  "over": 1.65,
                  "under": 2.1
                },
                {
                  "line": 2,
                  "over": 2.2,
                  "under": 1.6
                },
                {
                  "line": 2.5,
                  "over": 2.95,
                  "under": 1.35
                }
              ],
              "3": [
                {
                  "line": 1,
                  "over": 1.19,
                  "under": 4.2
                },
                {
                  "line": 1.5,
                  "over": 1.6,
                  "under": 2.2
                },
                {
                  "line": 2,
                  "over": 2.15,
                  "under": 1.62
                },
                {
                  "line": 2.5,
                  "over": 2.85,
                  "under": 1.37
                },
                {
                  "line": 3,
                  "over": 5,
                  "under": 1.14
                }
              ]
            },
            "spreads": [
              {
                "handicap": -1.5,
                "home": 3.25,
                "away": 1.32
              },
              {
                "handicap": -2,
                "home": 4.5,
                "away": 1.19
              },
              {
                "handicap": -2.5,
                "home": 4.9,
                "away": 1.16
              },
              {
                "handicap": 0,
                "home": 1.9,
                "away": 1.85
              }
            ]
          }
        }
      ]
    }
  ]
}