{
  "bookmaker": "fonbet",
  "generated_at_utc": "2025-11-30T07:02:54Z",
  "version": 1,
  "days": [
    {
      "date": "2025-11-30",
      "league": "KHL",
      "games": [
        {
          "home": "Амур",
          "away": "ХК Сочи",
          "start_utc": "2025-11-30T07:00:00Z",
          "markets": {
            "ml": {
              "HOME": 1.4,
              "AWAY": 2.9
            },
            "1x2_60": {
              "P1": 1.7,
              "X": 4.4,
              "P2": 4.2
            },
            "double_chance_60": {
              "1X": 1.19,
              "X2": 2.02
            },
            "totals_goals": [
              {
                "line": 3.5,
                "over": 1.25,
                "under": 4.05
              },
              {
                "line": 4.5,
                "over": 1.6,
                "under": 2.35
              },
              {
                "line": 5.5,
                "over": 2.17,
                "under": 1.7
              },
              {
                "line": 6.5,
                "over": 3.3,
                "under": 1.33
              }
            ],
            "sog_match": [
              {
                "line": 1.5,
                "over": 1.65,
                "under": 1.65
              },
              {
                "line": 62.5,
                "over": 1.72,
                "under": 2
              },
              {
                "line": 63.5,
                "over": 1.84,
                "under": 1.86
              },
              {
                "line": 64.5,
                "over": 1.99,
                "under": 1.73
              }
            ],
            "sog_1x2": {
              "P1": 1.94,
              "P2": 1.94
            },
            "sog_double_chance": {
              "1X": 1.77,
              "X2": 1.77
            },
            "period_totals": {
              "1": [
                {
                  "line": 0.5,
                  "over": 1.25,
                  "under": 4.05
                },
                {
                  "line": 1.5,
                  "over": 2.12,
                  "under": 1.72
                },
                {
                  "line": 2.5,
                  "over": 4.7,
                  "under": 1.19
                }
              ],
              "2": [
                {
                  "line": 1.5,
                  "over": 1.7,
                  "under": 2.15
                },
                {
                  "line": 2.5,
                  "over": 3.2,
                  "under": 1.35
                }
              ]
            },
            "spreads": [
              {
                "handicap": -2.5,
                "home": 3.15,
                "away": 1.33
              },
              {
                "handicap": 0,
                "home": 1.33,
                "away": 3.15
              }
            ]
          }
        },
        {
          "home": "Адмирал",
          "away": "Динамо Минск",
          "start_utc": "2025-11-30T07:00:00Z",
          "markets": {
            "ml": {
              "HOME": 2.2,
              "AWAY": 1.63
            },
            "1x2_60": {
              "P1": 3,
              "X": 4.15,
              "P2": 2.05
            },
            "double_chance_60": {
              "1X": 1.73,
              "X2": 1.35
            },
            "totals_goals": [
              {
                "line": 3.5,
                "over": 1.2,
                "under": 4.2
              },
              {
                "line": 4.5,
                "over": 1.55,
                "under": 2.4
              },
              {
                "line": 5.5,
                "over": 2.05,
                "under": 1.72
              },
              {
                "line": 6.5,
                "over": 3.05,
                "under": 1.35
              }
            ],
            "sog_match": [
              {
                "line": 1.5,
                "over": 1.65,
                "under": 1.65
              },
              {
                "line": 64.5,
                "over": 1.67,
                "under": 2.07
              },
              {
                "line": 65.5,
                "over": 1.8,
                "under": 1.9
              },
              {
                "line": 66.5,
                "over": 1.94,
                "under": 1.77
              }
            ],
            "sog_1x2": {
              "P1": 1.94,
              "P2": 1.94
            },
            "sog_double_chance": {
              "1X": 1.77,
              "X2": 1.77
            },
            "period_totals": {
              "1": [
                {
                  "line": 0.5,
                  "over": 1.22,
                  "under": 4.05
                },
                {
                  "line": 1.5,
                  "over": 2.15,
                  "under": 1.67
                },
                {
                  "line": 2.5,
                  "over": 5,
                  "under": 1.16
                }
              ],
              "2": [
                {
                  "line": 1.5,
                  "over": 1.62,
                  "under": 2.2
                },
                {
                  "line": 2.5,
                  "over": 3,
                  "under": 1.37
                }
              ]
            },
            "spreads": [
              {
                "handicap": -1.5,
                "home": 4.05,
                "away": 1.2
              },
              {
                "handicap": 0,
                "home": 2.25,
                "away": 1.57
              }
            ]
          }
        },
        {
          "home": "Ак Барс",
          "away": "Шанхай Дрэгонс",
          "start_utc": "2025-11-30T14:00:00Z",
          "markets": {
            "ml": {
              "HOME": 1.33,
              "AWAY": 3.35
            },
            "1x2_60": {
              "P1": 1.6,
              "X": 4.5
            },
            "double_chance_60": {
              "1X": 1.16,
              "X2": 2.35
            },
            "totals_goals": [
              {
                "line": 3.5,
                "over": 1.19,
                "under": 4.4
              },
              {
                "line": 4,
                "over": 1.25,
                "under": 3.8
              },
              {
                "line": 4.5,
                "over": 1.48,
                "under": 2.55
              },
              {
                "line": 5,
                "over": 1.65,
                "under": 2.2
              },
              {
                "line": 5.5,
                "over": 1.95,
                "under": 1.85
              },
              {
                "line": 6,
                "over": 2.4,
                "under": 1.55
              },
              {
                "line": 6.5,
                "over": 2.85,
                "under": 1.4
              },
              {
                "line": 7,
                "over": 3.8,
                "under": 1.25
              },
              {
                "line": 7.5,
                "over": 4.2,
                "under": 1.2
              }
            ],
            "sog_match": [
              {
                "line": 61.5,
                "over": 1.73,
                "under": 1.99
              },
              {
                "line": 62.5,
                "over": 1.85,
                "under": 1.85
              },
              {
                "line": 63.5,
                "over": 2,
                "under": 1.72
              }
            ],
            "sog_1x2": {
              "P1": 1.08
            },
            "period_totals": {
              "1": [
                {
                  "line": 0.5,
                  "over": 1.17,
                  "under": 4.4
                },
                {
                  "line": 1,
                  "over": 1.3,
                  "under": 3.2
                },
                {
                  "line": 1.5,
                  "over": 1.85,
                  "under": 1.85
                },
                {
                  "line": 2,
                  "over": 2.75,
                  "under": 1.4
                },
                {
                  "line": 2.5,
                  "over": 3.6,
                  "under": 1.25
                }
              ],
              "2": [
                {
                  "line": 1,
                  "over": 1.19,
                  "under": 4.2
                },
                {
                  "line": 1.5,
                  "over": 1.6,
                  "under": 2.2
                },
                {
                  "line": 2,
                  "over": 2.15,
                  "under": 1.62
                },
                {
                  "line": 2.5,
                  "over": 2.85,
                  "under": 1.37
                },
                {
                  "line": 3,
                  "over": 4.9,
                  "under": 1.14
                }
              ],
              "3": [
                {
                  "line": 1,
                  "over": 1.18,
                  "under": 4.3
                },
                {
                  "line": 1.5,
                  "over": 1.6,
                  "under": 2.2
                },
                {
                  "line": 2,
                  "over": 2.1,
                  "under": 1.65
                },
                {
                  "line": 2.5,
                  "over": 2.8,
                  "under": 1.38
                },
                {
                  "line": 3,
                  "over": 4.8,
                  "under": 1.15
                }
              ]
            },
            "spreads": [
              {
                "handicap": -2.5,
                "home": 2.75,
                "away": 1.43
              },
              {
                "handicap": -3,
                "home": 4.4,
                "away": 1.19
              },
              {
                "handicap": 0,
                "home": 1.25,
                "away": 3.75
              }
            ]
          }
        }
      ]
    },
    {
      "date": "2025-12-01",
      "league": "KHL",
      "games": [
        {
          "home": "Сибирь",
          "away": "Барыс",
          "start_utc": "2025-12-01T12:30:00Z",
          "markets": {
            "ml": {
              "HOME": 1.85,
              "AWAY": 1.95
            },
            "1x2_60": {
              "P1": 2.35,
              "X": 4.3,
              "P2": 2.55
            },
            "double_chance_60": {
              "1X": 1.5,
              "X2": 1.6
            },
            "totals_goals": [
              {
                "line": 3.5,
                "over": 1.25,
                "under": 3.75
              },
              {
                "line": 4,
                "over": 1.33,
                "under": 3.15
              },
              {
                "line": 4.5,
                "over": 1.6,
                "under": 2.25
              },
              {
                "line": 5,
                "over": 1.85,
                "under": 1.9
              },
              {
                "line": 5.5,
                "over": 2.2,
                "under": 1.65
              },
              {
                "line": 6,
                "over": 2.85,
                "under": 1.4
              },
              {
                "line": 6.5,
                "over": 3.3,
                "under": 1.3
              },
              {
                "line": 7,
                "over": 4.7,
                "under": 1.17
              }
            ],
            "period_totals": {
              "1": [
                {
                  "line": 0.5,
                  "over": 1.2,
                  "under": 4.05
                },
                {
                  "line": 1,
                  "over": 1.37,
                  "under": 2.85
                },
                {
                  "line": 1.5,
                  "over": 1.97,
                  "under": 1.73
                },
                {
                  "line": 2,
                  "over": 3.1,
                  "under": 1.32
                },
                {
                  "line": 2.5,
                  "over": 4,
                  "under": 1.2
                }
              ],
              "2": [
                {
                  "line": 0.5,
                  "over": 1.14,
                  "under": 4.9
                },
                {
                  "line": 1,
                  "over": 1.23,
                  "under": 3.7
                },
                {
                  "line": 1.5,
                  "over": 1.72,
                  "under": 2
                },
                {
                  "line": 2,
                  "over": 2.4,
                  "under": 1.5
                },
                {
                  "line": 2.5,
                  "over": 3.2,
                  "under": 1.3
                }
              ],
              "3": [
                {
                  "line": 1,
                  "over": 1.22,
                  "under": 3.8
                },
                {
                  "line": 1.5,
                  "over": 1.7,
                  "under": 2.02
                },
                {
                  "line": 2,
                  "over": 2.35,
                  "under": 1.53
                },
                {
                  "line": 2.5,
                  "over": 3.1,
                  "under": 1.32
                }
              ]
            },
            "spreads": [
              {
                "handicap": -1.5,
                "home": 3.15,
                "away": 1.35
              },
              {
                "handicap": -2,
                "home": 4.5,
                "away": 1.18
              },
              {
                "handicap": -2.5,
                "home": 5,
                "away": 1.15
              },
              {
                "handicap": 0,
                "home": 1.8,
                "away": 1.95
              }
            ]
          }
        }
      ]
    }
  ]
}