{
  "bookmaker": "fonbet",
  "generated_at_utc": "2025-11-27T03:03:57Z",
  "version": 1,
  "days": [
    {
      "date": "2025-11-27",
      "league": "KHL",
      "games": [
        {
          "home": "Металлург Мг",
          "away": "Авангард",
          "start_utc": "2025-11-27T14:00:00Z",
          "markets": {
            "ml": {
              "HOME": 1.7,
              "AWAY": 2.13
            },
            "1x2_60": {
              "P1": 2.15,
              "X": 4.3,
              "P2": 2.82
            },
            "double_chance_60": {
              "1X": 1.43,
              "X2": 1.7
            },
            "totals_goals": [
              {
                "line": 4,
                "over": 1.18,
                "under": 4.6
              },
              {
                "line": 4.5,
                "over": 1.37,
                "under": 2.95
              },
              {
                "line": 5,
                "over": 1.48,
                "under": 2.55
              },
              {
                "line": 5.5,
                "over": 1.75,
                "under": 2.07
              },
              {
                "line": 6,
                "over": 2.07,
                "under": 1.7
              },
              {
                "line": 6.5,
                "over": 2.45,
                "under": 1.52
              },
              {
                "line": 7,
                "over": 3.15,
                "under": 1.33
              },
              {
                "line": 7.5,
                "over": 3.6,
                "under": 1.27
              }
            ],
            "period_totals": {
              "1": [
                {
                  "line": 0.5,
                  "over": 1.15,
                  "under": 4.8
                },
                {
                  "line": 1,
                  "over": 1.25,
                  "under": 3.55
                },
                {
                  "line": 1.5,
                  "over": 1.75,
                  "under": 1.95
                },
                {
                  "line": 2,
                  "over": 2.5,
                  "under": 1.47
                },
                {
                  "line": 2.5,
                  "over": 3.3,
                  "under": 1.3
                }
              ],
              "2": [
                {
                  "line": 1,
                  "over": 1.15,
                  "under": 4.7
                },
                {
                  "line": 1.5,
                  "over": 1.55,
                  "under": 2.3
                },
                {
                  "line": 2,
                  "over": 1.98,
                  "under": 1.72
                },
                {
                  "line": 2.5,
                  "over": 2.65,
                  "under": 1.42
                },
                {
                  "line": 3,
                  "over": 4.4,
                  "under": 1.17
                }
              ],
              "3": [
                {
                  "line": 1,
                  "over": 1.14,
                  "under": 4.8
                },
                {
                  "line": 1.5,
                  "over": 1.52,
                  "under": 2.35
                },
                {
                  "line": 2,
                  "over": 1.93,
                  "under": 1.77
                },
                {
                  "line": 2.5,
                  "over": 2.55,
                  "under": 1.45
                },
                {
                  "line": 3,
                  "over": 4.2,
                  "under": 1.19
                }
              ]
            },
            "spreads": [
              {
                "handicap": -1.5,
                "home": 2.75,
                "away": 1.42
              },
              {
                "handicap": -2,
                "home": 3.7,
                "away": 1.25
              },
              {
                "handicap": -2.5,
                "home": 4.15,
                "away": 1.2
              },
              {
                "handicap": 0,
                "home": 1.65,
                "away": 2.15
              }
            ]
          }
        },
        {
          "home": "Салават Юлаев",
          "away": "Барыс",
          "start_utc": "2025-11-27T14:00:00Z",
          "markets": {
            "ml": {
              "HOME": 1.58,
              "AWAY": 2.4
            },
            "1x2_60": {
              "P1": 1.95,
              "X": 4.3,
              "P2": 3.26
            },
            "double_chance_60": {
              "1X": 1.35,
              "X2": 1.85
            },
            "totals_goals": [
              {
                "line": 3.5,
                "over": 1.23,
                "under": 3.9
              },
              {
                "line": 4,
                "over": 1.3,
                "under": 3.3
              },
              {
                "line": 4.5,
                "over": 1.57,
                "under": 2.35
              },
              {
                "line": 5,
                "over": 1.8,
                "under": 1.95
              },
              {
                "line": 5.5,
                "over": 2.13,
                "under": 1.7
              },
              {
                "line": 6,
                "over": 2.75,
                "under": 1.43
              },
              {
                "line": 6.5,
                "over": 3.2,
                "under": 1.33
              },
              {
                "line": 7,
                "over": 4.5,
                "under": 1.18
              },
              {
                "line": 7.5,
                "over": 5,
                "under": 1.16
              }
            ],
            "period_totals": {
              "1": [
                {
                  "line": 0.5,
                  "over": 1.19,
                  "under": 4.1
                },
                {
                  "line": 1,
                  "over": 1.35,
                  "under": 2.95
                },
                {
                  "line": 1.5,
                  "over": 1.95,
                  "under": 1.75
                },
                {
                  "line": 2,
                  "over": 3,
                  "under": 1.33
                },
                {
                  "line": 2.5,
                  "over": 3.9,
                  "under": 1.2
                }
              ],
              "2": [
                {
                  "line": 0.5,
                  "over": 1.13,
                  "under": 5
                },
                {
                  "line": 1,
                  "over": 1.22,
                  "under": 3.8
                },
                {
                  "line": 1.5,
                  "over": 1.7,
                  "under": 2.02
                },
                {
                  "line": 2,
                  "over": 2.35,
                  "under": 1.53
                },
                {
                  "line": 2.5,
                  "over": 3.1,
                  "under": 1.32
                }
              ],
              "3": [
                {
                  "line": 1,
                  "over": 1.2,
                  "under": 3.9
                },
                {
                  "line": 1.5,
                  "over": 1.67,
                  "under": 2.08
                },
                {
                  "line": 2,
                  "over": 2.3,
                  "under": 1.55
                },
                {
                  "line": 2.5,
                  "over": 3,
                  "under": 1.33
                }
              ]
            },
            "spreads": [
              {
                "handicap": -1.5,
                "home": 2.45,
                "away": 1.52
              },
              {
                "handicap": -2,
                "home": 3.25,
                "away": 1.32
              },
              {
                "handicap": -2.5,
                "home": 3.7,
                "away": 1.25
              },
              {
                "handicap": 0,
                "home": 1.5,
                "away": 2.45
              }
            ]
          }
        },
        {
          "home": "Хозяева",
          "away": "Гости",
          "start_utc": "2025-11-27T14:00:00Z",
          "markets": {
            "1x2_60": {
              "P1": 1.43,
              "P2": 3.5
            },
            "double_chance_60": {
              "1X": 1.25,
              "X2": 2.6
            },
            "period_totals": {
              "1": [
                {
                  "line": 1.5,
                  "over": 1.15,
                  "under": 1.6
                },
                {
                  "line": 4.5,
                  "over": 1.17,
                  "under": 4.4
                },
                {
                  "line": 5.5,
                  "over": 1.38,
                  "under": 2.8
                },
                {
                  "line": 6.5,
                  "over": 1.72,
                  "under": 2
                },
                {
                  "line": 7.5,
                  "over": 2.3,
                  "under": 1.55
                },
                {
                  "line": 8.5,
                  "over": 3.2,
                  "under": 1.3
                }
              ]
            },
            "spreads": [
              {
                "handicap": -4.5,
                "home": 2.45,
                "away": 1.48
              },
              {
                "handicap": -5.5,
                "home": 3,
                "away": 1.33
              },
              {
                "handicap": -6.5,
                "home": 3.8,
                "away": 1.22
              }
            ]
          }
        }
      ]
    },
    {
      "date": "2025-11-28",
      "league": "KHL",
      "games": [
        {
          "home": "Спартак",
          "away": "Автомобилист",
          "start_utc": "2025-11-27T16:30:00Z",
          "markets": {
            "ml": {
              "HOME": 1.85,
              "AWAY": 1.95
            },
            "1x2_60": {
              "P1": 2.35,
              "X": 4.3,
              "P2": 2.54
            },
            "double_chance_60": {
              "1X": 1.52,
              "X2": 1.6
            },
            "totals_goals": [
              {
                "line": 3.5,
                "over": 1.15,
                "under": 5
              },
              {
                "line": 4,
                "over": 1.19,
                "under": 4.4
              },
              {
                "line": 4.5,
                "over": 1.4,
                "under": 2.85
              },
              {
                "line": 5,
                "over": 1.52,
                "under": 2.45
              },
              {
                "line": 5.5,
                "over": 1.8,
                "under": 2
              },
              {
                "line": 6,
                "over": 2.15,
                "under": 1.65
              },
              {
                "line": 6.5,
                "over": 2.55,
                "under": 1.48
              },
              {
                "line": 7,
                "over": 3.35,
                "under": 1.3
              },
              {
                "line": 7.5,
                "over": 3.75,
                "under": 1.25
              }
            ],
            "period_totals": {
              "1": [
                {
                  "line": 0.5,
                  "over": 1.15,
                  "under": 4.7
                },
                {
                  "line": 1,
                  "over": 1.25,
                  "under": 3.45
                },
                {
                  "line": 1.5,
                  "over": 1.78,
                  "under": 1.92
                },
                {
                  "line": 2,
                  "over": 2.55,
                  "under": 1.45
                },
                {
                  "line": 2.5,
                  "over": 3.35,
                  "under": 1.28
                }
              ],
              "2": [
                {
                  "line": 1,
                  "over": 1.16,
                  "under": 4.5
                },
                {
                  "line": 1.5,
                  "over": 1.55,
                  "under": 2.3
                },
                {
                  "line": 2,
                  "over": 2.03,
                  "under": 1.7
                },
                {
                  "line": 2.5,
                  "over": 2.7,
                  "under": 1.4
                },
                {
                  "line": 3,
                  "over": 4.5,
                  "under": 1.16
                }
              ],
              "3": [
                {
                  "line": 1,
                  "over": 1.15,
                  "under": 4.7
                },
                {
                  "line": 1.5,
                  "over": 1.55,
                  "under": 2.3
                },
                {
                  "line": 2,
                  "over": 1.97,
                  "under": 1.73
                },
                {
                  "line": 2.5,
                  "over": 2.65,
                  "under": 1.43
                },
                {
                  "line": 3,
                  "over": 4.4,
                  "under": 1.17
                }
              ]
            },
            "spreads": [
              {
                "handicap": -1.5,
                "home": 3,
                "away": 1.35
              },
              {
                "handicap": -2,
                "home": 4.1,
                "away": 1.22
              },
              {
                "handicap": -2.5,
                "home": 4.5,
                "away": 1.18
              },
              {
                "handicap": 0,
                "home": 1.8,
                "away": 1.95
              }
            ]
          }
        },
        {
          "home": "ЦСКА",
          "away": "Лада",
          "start_utc": "2025-11-27T16:30:00Z",
          "markets": {
            "ml": {
              "HOME": 1.2,
              "AWAY": 4.5
            },
            "1x2_60": {
              "P1": 1.35
            },
            "double_chance_60": {
              "1X": 1.1,
              "X2": 3.2
            },
            "totals_goals": [
              {
                "line": 3.5,
                "over": 1.18,
                "under": 4.6
              },
              {
                "line": 4,
                "over": 1.23,
                "under": 3.95
              },
              {
                "line": 4.5,
                "over": 1.45,
                "under": 2.65
              },
              {
                "line": 5,
                "over": 1.6,
                "under": 2.25
              },
              {
                "line": 5.5,
                "over": 1.92,
                "under": 1.88
              },
              {
                "line": 6,
                "over": 2.35,
                "under": 1.57
              },
              {
                "line": 6.5,
                "over": 2.75,
                "under": 1.43
              },
              {
                "line": 7,
                "over": 3.7,
                "under": 1.25
              },
              {
                "line": 7.5,
                "over": 4.15,
                "under": 1.2
              }
            ],
            "period_totals": {
              "1": [
                {
                  "line": 0.5,
                  "over": 1.17,
                  "under": 4.5
                },
                {
                  "line": 1,
                  "over": 1.3,
                  "under": 3.25
                },
                {
                  "line": 1.5,
                  "over": 1.83,
                  "under": 1.87
                },
                {
                  "line": 2,
                  "over": 2.7,
                  "under": 1.4
                },
                {
                  "line": 2.5,
                  "over": 3.55,
                  "under": 1.25
                }
              ],
              "2": [
                {
                  "line": 1,
                  "over": 1.18,
                  "under": 4.3
                },
                {
                  "line": 1.5,
                  "over": 1.6,
                  "under": 2.2
                },
                {
                  "line": 2,
                  "over": 2.13,
                  "under": 1.64
                },
                {
                  "line": 2.5,
                  "over": 2.85,
                  "under": 1.37
                },
                {
                  "line": 3,
                  "over": 4.9,
                  "under": 1.14
                }
              ],
              "3": [
                {
                  "line": 1,
                  "over": 1.17,
                  "under": 4.4
                },
                {
                  "line": 1.5,
                  "over": 1.58,
                  "under": 2.25
                },
                {
                  "line": 2,
                  "over": 2.07,
                  "under": 1.67
                },
                {
                  "line": 2.5,
                  "over": 2.75,
                  "under": 1.4
                },
                {
                  "line": 3,
                  "over": 4.7,
                  "under": 1.15
                }
              ]
            },
            "spreads": [
              {
                "handicap": -2.5,
                "home": 2.4,
                "away": 1.55
              },
              {
                "handicap": -3,
                "home": 3.7,
                "away": 1.25
              },
              {
                "handicap": -3.5,
                "home": 4.4,
                "away": 1.19
              }
            ]
          }
        },
        {
          "home": "Трактор",
          "away": "ХК Сочи",
          "start_utc": "2025-11-28T14:00:00Z",
          "markets": {
            "ml": {
              "HOME": 1.2,
              "AWAY": 4.5
            },
            "1x2_60": {
              "P1": 1.35
            },
            "double_chance_60": {
              "1X": 1.1,
              "X2": 3.2
            },
            "totals_goals": [
              {
                "line": 3.5,
                "over": 1.13,
                "under": 1.2
              },
              {
                "line": 4,
                "over": 1.17,
                "under": 4.8
              },
              {
                "line": 4.5,
                "over": 1.35,
                "under": 3.1
              },
              {
                "line": 5,
                "over": 1.45,
                "under": 2.65
              },
              {
                "line": 5.5,
                "over": 1.72,
                "under": 2.13
              },
              {
                "line": 6,
                "over": 2,
                "under": 1.75
              },
              {
                "line": 6.5,
                "over": 2.35,
                "under": 1.55
              },
              {
                "line": 7,
                "over": 3.05,
                "under": 1.35
              },
              {
                "line": 7.5,
                "over": 3.45,
                "under": 1.3
              }
            ],
            "period_totals": {
              "1": [
                {
                  "line": 0.5,
                  "over": 1.14,
                  "under": 4.9
                },
                {
                  "line": 1,
                  "over": 1.25,
                  "under": 3.65
                },
                {
                  "line": 1.5,
                  "over": 1.73,
                  "under": 2
                },
                {
                  "line": 2,
                  "over": 2.45,
                  "under": 1.48
                },
                {
                  "line": 2.5,
                  "over": 3.2,
                  "under": 1.3
                }
              ],
              "2": [
                {
                  "line": 1,
                  "over": 1.14,
                  "under": 4.8
                },
                {
                  "line": 1.5,
                  "over": 1.52,
                  "under": 2.35
                },
                {
                  "line": 2,
                  "over": 1.95,
                  "under": 1.75
                },
                {
                  "line": 2.5,
                  "over": 2.6,
                  "under": 1.45
                },
                {
                  "line": 3,
                  "over": 4.2,
                  "under": 1.18
                }
              ],
              "3": [
                {
                  "line": 1.5,
                  "over": 1.5,
                  "under": 2.4
                },
                {
                  "line": 2,
                  "over": 1.9,
                  "under": 1.8
                },
                {
                  "line": 2.5,
                  "over": 2.5,
                  "under": 1.45
                },
                {
                  "line": 3,
                  "over": 4.05,
                  "under": 1.2
                },
                {
                  "line": 3.5,
                  "over": 4.8,
                  "under": 1.14
                }
              ]
            },
            "spreads": [
              {
                "handicap": -2.5,
                "home": 2.3,
                "away": 1.58
              },
              {
                "handicap": -3,
                "home": 3.5,
                "away": 1.28
              },
              {
                "handicap": -3.5,
                "home": 4.2,
                "away": 1.2
              }
            ]
          }
        }
      ]
    }
  ]
}