{
  "bookmaker": "fonbet",
  "generated_at_utc": "2025-11-22T07:02:46Z",
  "version": 1,
  "days": [
    {
      "date": "2025-11-22",
      "league": "KHL",
      "games": [
        {
          "home": "Металлург Мг",
          "away": "Адмирал",
          "start_utc": "2025-11-22T11:30:00Z",
          "markets": {
            "ml": {
              "HOME": 1.23,
              "AWAY": 4.2
            },
            "1x2_60": {
              "P1": 1.4
            },
            "double_chance_60": {
              "1X": 1.12,
              "X2": 2.95
            },
            "totals_goals": [
              {
                "line": 3.5,
                "over": 1.16,
                "under": 4.8
              },
              {
                "line": 4,
                "over": 1.2,
                "under": 4.15
              },
              {
                "line": 4.5,
                "over": 1.42,
                "under": 2.75
              },
              {
                "line": 5,
                "over": 1.55,
                "under": 2.35
              },
              {
                "line": 5.5,
                "over": 1.85,
                "under": 1.95
              },
              {
                "line": 6,
                "over": 2.2,
                "under": 1.62
              },
              {
                "line": 6.5,
                "over": 2.6,
                "under": 1.45
              },
              {
                "line": 7,
                "over": 3.5,
                "under": 1.28
              },
              {
                "line": 7.5,
                "over": 3.9,
                "under": 1.23
              }
            ],
            "sog_match": [
              {
                "line": 60.5,
                "over": 1.72,
                "under": 2
              },
              {
                "line": 61.5,
                "over": 1.85,
                "under": 1.85
              },
              {
                "line": 62.5,
                "over": 2,
                "under": 1.72
              }
            ],
            "sog_1x2": {
              "P1": 1.55,
              "P2": 2.4
            },
            "sog_double_chance": {
              "1X": 1.5,
              "X2": 2.3
            },
            "period_totals": {
              "1": [
                {
                  "line": 0.5,
                  "over": 1.16,
                  "under": 4.6
                },
                {
                  "line": 1.5,
                  "over": 1.8,
                  "under": 1.9
                },
                {
                  "line": 2.5,
                  "over": 3.45,
                  "under": 1.27
                }
              ],
              "2": [
                {
                  "line": 1.5,
                  "over": 1.57,
                  "under": 2.25
                },
                {
                  "line": 2.5,
                  "over": 2.75,
                  "under": 1.4
                }
              ],
              "3": [
                {
                  "line": 1.5,
                  "over": 1.55,
                  "under": 2.3
                },
                {
                  "line": 2.5,
                  "over": 2.65,
                  "under": 1.4
                }
              ]
            },
            "spreads": [
              {
                "handicap": -2.5,
                "home": 2.45,
                "away": 1.52
              },
              {
                "handicap": -3,
                "home": 3.8,
                "away": 1.25
              },
              {
                "handicap": -3.5,
                "home": 4.5,
                "away": 1.18
              },
              {
                "handicap": 0,
                "home": 1.16,
                "away": 4.9
              }
            ]
          }
        },
        {
          "home": "Локомотив Ярославль",
          "away": "Амур",
          "start_utc": "2025-11-22T14:00:00Z",
          "markets": {
            "ml": {
              "HOME": 1.19,
              "AWAY": 4.7
            },
            "1x2_60": {
              "P1": 1.35
            },
            "double_chance_60": {
              "1X": 1.09,
              "X2": 3.2
            },
            "totals_goals": [
              {
                "line": 3.5,
                "over": 1.22,
                "under": 4.05
              },
              {
                "line": 4,
                "over": 1.3,
                "under": 3.45
              },
              {
                "line": 4.5,
                "over": 1.53,
                "under": 2.4
              },
              {
                "line": 5,
                "over": 1.73,
                "under": 2.05
              },
              {
                "line": 5.5,
                "over": 2.1,
                "under": 1.75
              },
              {
                "line": 6,
                "over": 2.6,
                "under": 1.45
              },
              {
                "line": 6.5,
                "over": 3.05,
                "under": 1.35
              },
              {
                "line": 7,
                "over": 4.3,
                "under": 1.2
              },
              {
                "line": 7.5,
                "over": 4.7,
                "under": 1.17
              }
            ],
            "sog_match": [
              {
                "line": 60.5,
                "over": 1.72,
                "under": 2
              },
              {
                "line": 61.5,
                "over": 1.85,
                "under": 1.85
              },
              {
                "line": 62.5,
                "over": 2,
                "under": 1.72
              }
            ],
            "sog_1x2": {
              "P1": 1.11
            },
            "sog_double_chance": {
              "1X": 1.1
            },
            "period_totals": {
              "1": [
                {
                  "line": 0.5,
                  "over": 1.19,
                  "under": 4.2
                },
                {
                  "line": 1.5,
                  "over": 1.9,
                  "under": 1.8
                },
                {
                  "line": 2.5,
                  "over": 3.8,
                  "under": 1.22
                }
              ],
              "2": [
                {
                  "line": 1.5,
                  "over": 1.65,
                  "under": 2.1
                },
                {
                  "line": 2.5,
                  "over": 3,
                  "under": 1.33
                }
              ],
              "3": [
                {
                  "line": 1.5,
                  "over": 1.65,
                  "under": 2.1
                },
                {
                  "line": 2.5,
                  "over": 2.95,
                  "under": 1.35
                }
              ]
            },
            "spreads": [
              {
                "handicap": -2.5,
                "home": 2.4,
                "away": 1.55
              },
              {
                "handicap": -3,
                "home": 3.8,
                "away": 1.25
              },
              {
                "handicap": -3.5,
                "home": 4.6,
                "away": 1.18
              }
            ]
          }
        },
        {
          "home": "ХК Сочи",
          "away": "Сибирь",
          "start_utc": "2025-11-22T14:00:00Z",
          "markets": {
            "ml": {
              "HOME": 1.77,
              "AWAY": 2.05
            },
            "1x2_60": {
              "P1": 2.25,
              "X": 4.2,
              "P2": 2.7
            },
            "double_chance_60": {
              "1X": 1.47,
              "X2": 1.65
            },
            "totals_goals": [
              {
                "line": 3.5,
                "over": 1.25,
                "under": 3.8
              },
              {
                "line": 4,
                "over": 1.33,
                "under": 3.2
              },
              {
                "line": 4.5,
                "over": 1.6,
                "under": 2.25
              },
              {
                "line": 5,
                "over": 1.85,
                "under": 1.9
              },
              {
                "line": 5.5,
                "over": 2.2,
                "under": 1.65
              },
              {
                "line": 6,
                "over": 2.85,
                "under": 1.4
              },
              {
                "line": 6.5,
                "over": 3.3,
                "under": 1.3
              },
              {
                "line": 7,
                "over": 4.7,
                "under": 1.17
              }
            ],
            "sog_match": [
              {
                "line": 60.5,
                "over": 1.72,
                "under": 2
              },
              {
                "line": 61.5,
                "over": 1.85,
                "under": 1.85
              },
              {
                "line": 62.5,
                "over": 2,
                "under": 1.72
              }
            ],
            "sog_1x2": {
              "P1": 1.68,
              "P2": 2.15
            },
            "sog_double_chance": {
              "1X": 1.62,
              "X2": 2.05
            },
            "period_totals": {
              "1": [
                {
                  "line": 0.5,
                  "over": 1.2,
                  "under": 4.05
                },
                {
                  "line": 1.5,
                  "over": 1.97,
                  "under": 1.73
                },
                {
                  "line": 2.5,
                  "over": 4,
                  "under": 1.2
                }
              ],
              "2": [
                {
                  "line": 0.5,
                  "over": 1.14,
                  "under": 4.9
                },
                {
                  "line": 1.5,
                  "over": 1.7,
                  "under": 2.02
                },
                {
                  "line": 2.5,
                  "over": 3.15,
                  "under": 1.3
                }
              ],
              "3": [
                {
                  "line": 1.5,
                  "over": 1.7,
                  "under": 2.02
                },
                {
                  "line": 2.5,
                  "over": 3.1,
                  "under": 1.32
                }
              ]
            },
            "spreads": [
              {
                "handicap": -1.5,
                "home": 3,
                "away": 1.35
              },
              {
                "handicap": -2,
                "home": 4.3,
                "away": 1.2
              },
              {
                "handicap": -2.5,
                "home": 4.8,
                "away": 1.17
              },
              {
                "handicap": 0,
                "home": 1.72,
                "away": 2.05
              }
            ]
          }
        },
        {
          "home": "Динамо Минск",
          "away": "Спартак",
          "start_utc": "2025-11-22T14:10:00Z",
          "markets": {
            "ml": {
              "HOME": 1.6,
              "AWAY": 2.3
            },
            "1x2_60": {
              "P1": 2.03,
              "X": 4.4,
              "P2": 3.2
            },
            "double_chance_60": {
              "1X": 1.35,
              "X2": 1.8
            },
            "totals_goals": [
              {
                "line": 4,
                "over": 1.18,
                "under": 4.6
              },
              {
                "line": 4.5,
                "over": 1.37,
                "under": 2.95
              },
              {
                "line": 5,
                "over": 1.5,
                "under": 2.55
              },
              {
                "line": 5.5,
                "over": 1.75,
                "under": 2.1
              },
              {
                "line": 6,
                "over": 2.07,
                "under": 1.7
              },
              {
                "line": 6.5,
                "over": 2.45,
                "under": 1.5
              },
              {
                "line": 7,
                "over": 3.2,
                "under": 1.33
              },
              {
                "line": 7.5,
                "over": 3.6,
                "under": 1.27
              }
            ],
            "sog_match": [
              {
                "line": 61.5,
                "over": 1.7,
                "under": 2.03
              },
              {
                "line": 62.5,
                "over": 1.8,
                "under": 1.9
              },
              {
                "line": 63.5,
                "over": 1.94,
                "under": 1.77
              }
            ],
            "sog_1x2": {
              "P1": 1.68,
              "P2": 2.15
            },
            "sog_double_chance": {
              "1X": 1.62,
              "X2": 2.05
            },
            "period_totals": {
              "1": [
                {
                  "line": 0.5,
                  "over": 1.15,
                  "under": 4.8
                },
                {
                  "line": 1.5,
                  "over": 1.75,
                  "under": 1.95
                },
                {
                  "line": 2.5,
                  "over": 3.3,
                  "under": 1.3
                }
              ],
              "2": [
                {
                  "line": 1.5,
                  "over": 1.55,
                  "under": 2.3
                },
                {
                  "line": 2.5,
                  "over": 2.65,
                  "under": 1.43
                }
              ],
              "3": [
                {
                  "line": 1.5,
                  "over": 1.52,
                  "under": 2.35
                },
                {
                  "line": 2.5,
                  "over": 2.55,
                  "under": 1.45
                },
                {
                  "line": 3.5,
                  "over": 5,
                  "under": 1.14
                }
              ]
            },
            "spreads": [
              {
                "handicap": -1.5,
                "home": 2.45,
                "away": 1.5
              },
              {
                "handicap": -2,
                "home": 3.25,
                "away": 1.3
              },
              {
                "handicap": -2.5,
                "home": 3.7,
                "away": 1.25
              },
              {
                "handicap": 0,
                "home": 1.55,
                "away": 2.4
              }
            ]
          }
        },
        {
          "home": "Хозяева",
          "away": "Гости",
          "start_utc": "2025-11-22T11:30:00Z",
          "markets": {
            "1x2_60": {
              "P1": 1.23
            },
            "double_chance_60": {
              "1X": 1.11,
              "X2": 3.75
            },
            "period_totals": {
              "1": [
                {
                  "line": 1.5,
                  "over": 1.09,
                  "under": 1.8
                },
                {
                  "line": 4.5,
                  "over": 1.19,
                  "under": 4.2
                },
                {
                  "line": 5.5,
                  "over": 1.4,
                  "under": 2.7
                },
                {
                  "line": 6.5,
                  "over": 1.77,
                  "under": 1.93
                },
                {
                  "line": 7.5,
                  "over": 2.35,
                  "under": 1.52
                },
                {
                  "line": 8.5,
                  "over": 3.3,
                  "under": 1.28
                }
              ]
            },
            "spreads": [
              {
                "handicap": -5.5,
                "home": 2.3,
                "away": 1.55
              },
              {
                "handicap": -6.5,
                "home": 2.85,
                "away": 1.37
              },
              {
                "handicap": -7.5,
                "home": 3.55,
                "away": 1.25
              }
            ]
          }
        }
      ]
    },
    {
      "date": "2025-11-23",
      "league": "KHL",
      "games": [
        {
          "home": "Нефтехимик",
          "away": "Салават Юлаев",
          "start_utc": "2025-11-23T11:00:00Z",
          "markets": {
            "ml": {
              "HOME": 1.75,
              "AWAY": 2.1
            },
            "1x2_60": {
              "P1": 2.25,
              "X": 4,
              "P2": 2.8
            },
            "double_chance_60": {
              "1X": 1.45,
              "X2": 1.65
            },
            "totals_goals": [
              {
                "line": 3.5,
                "over": 1.22,
                "under": 4.05
              },
              {
                "line": 4,
                "over": 1.3,
                "under": 3.45
              },
              {
                "line": 4.5,
                "over": 1.55,
                "under": 2.4
              },
              {
                "line": 5,
                "over": 1.75,
                "under": 2
              },
              {
                "line": 5.5,
                "over": 2.1,
                "under": 1.75
              },
              {
                "line": 6,
                "over": 2.65,
                "under": 1.45
              },
              {
                "line": 6.5,
                "over": 3.1,
                "under": 1.35
              },
              {
                "line": 7,
                "over": 4.3,
                "under": 1.2
              },
              {
                "line": 7.5,
                "over": 4.7,
                "under": 1.17
              }
            ],
            "period_totals": {
              "1": [
                {
                  "line": 0.5,
                  "over": 1.19,
                  "under": 4.2
                },
                {
                  "line": 1.5,
                  "over": 1.92,
                  "under": 1.78
                },
                {
                  "line": 2.5,
                  "over": 3.8,
                  "under": 1.22
                }
              ],
              "2": [
                {
                  "line": 1.5,
                  "over": 1.67,
                  "under": 2.08
                },
                {
                  "line": 2.5,
                  "over": 3.05,
                  "under": 1.33
                }
              ],
              "3": [
                {
                  "line": 1.5,
                  "over": 1.65,
                  "under": 2.1
                },
                {
                  "line": 2.5,
                  "over": 2.95,
                  "under": 1.35
                }
              ]
            },
            "spreads": [
              {
                "handicap": -1.5,
                "home": 2.9,
                "away": 1.38
              },
              {
                "handicap": -2,
                "home": 4,
                "away": 1.23
              },
              {
                "handicap": -2.5,
                "home": 4.4,
                "away": 1.19
              },
              {
                "handicap": 0,
                "home": 1.7,
                "away": 2.1
              }
            ]
          }
        },
        {
          "home": "Барыс",
          "away": "Авангард",
          "start_utc": "2025-11-23T12:00:00Z",
          "markets": {
            "ml": {
              "HOME": 3.2,
              "AWAY": 1.35
            },
            "1x2_60": {
              "P1": 4.7,
              "X": 4.6,
              "P2": 1.6
            },
            "double_chance_60": {
              "1X": 2.35,
              "X2": 1.19
            },
            "totals_goals": [
              {
                "line": 3.5,
                "over": 1.19,
                "under": 4.5
              },
              {
                "line": 4,
                "over": 1.25,
                "under": 3.8
              },
              {
                "line": 4.5,
                "over": 1.47,
                "under": 2.6
              },
              {
                "line": 5,
                "over": 1.63,
                "under": 2.2
              },
              {
                "line": 5.5,
                "over": 1.95,
                "under": 1.85
              },
              {
                "line": 6,
                "over": 2.4,
                "under": 1.55
              },
              {
                "line": 6.5,
                "over": 2.8,
                "under": 1.4
              },
              {
                "line": 7,
                "over": 3.8,
                "under": 1.25
              },
              {
                "line": 7.5,
                "over": 4.2,
                "under": 1.2
              }
            ],
            "period_totals": {
              "1": [
                {
                  "line": 0.5,
                  "over": 1.17,
                  "under": 4.4
                },
                {
                  "line": 1.5,
                  "over": 1.85,
                  "under": 1.85
                },
                {
                  "line": 2.5,
                  "over": 3.6,
                  "under": 1.25
                }
              ],
              "2": [
                {
                  "line": 1.5,
                  "over": 1.6,
                  "under": 2.2
                },
                {
                  "line": 2.5,
                  "over": 2.85,
                  "under": 1.37
                }
              ],
              "3": [
                {
                  "line": 1.5,
                  "over": 1.6,
                  "under": 2.2
                },
                {
                  "line": 2.5,
                  "over": 2.8,
                  "under": 1.38
                }
              ]
            },
            "spreads": [
              {
                "handicap": -3,
                "home": 4.5,
                "away": 1.18
              },
              {
                "handicap": 0,
                "home": 3.55,
                "away": 1.27
              }
            ]
          }
        },
        {
          "home": "Шанхай Дрэгонс",
          "away": "Ак Барс",
          "start_utc": "2025-11-23T14:00:00Z",
          "markets": {
            "ml": {
              "HOME": 2.25,
              "AWAY": 1.65
            },
            "1x2_60": {
              "P1": 3,
              "X": 4.3,
              "P2": 2.05
            },
            "double_chance_60": {
              "1X": 1.77,
              "X2": 1.4
            },
            "totals_goals": [
              {
                "line": 3.5,
                "over": 1.2,
                "under": 4.3
              },
              {
                "line": 4,
                "over": 1.25,
                "under": 3.65
              },
              {
                "line": 4.5,
                "over": 1.5,
                "under": 2.5
              },
              {
                "line": 5,
                "over": 1.68,
                "under": 2.13
              },
              {
                "line": 5.5,
                "over": 2,
                "under": 1.8
              },
              {
                "line": 6,
                "over": 2.5,
                "under": 1.5
              },
              {
                "line": 6.5,
                "over": 2.95,
                "under": 1.38
              },
              {
                "line": 7,
                "over": 4,
                "under": 1.22
              },
              {
                "line": 7.5,
                "over": 4.4,
                "under": 1.19
              }
            ],
            "period_totals": {
              "1": [
                {
                  "line": 0.5,
                  "over": 1.18,
                  "under": 4.3
                },
                {
                  "line": 1.5,
                  "over": 1.88,
                  "under": 1.82
                },
                {
                  "line": 2.5,
                  "over": 3.7,
                  "under": 1.23
                }
              ],
              "2": [
                {
                  "line": 1.5,
                  "over": 1.65,
                  "under": 2.1
                },
                {
                  "line": 2.5,
                  "over": 2.95,
                  "under": 1.35
                }
              ],
              "3": [
                {
                  "line": 1.5,
                  "over": 1.6,
                  "under": 2.2
                },
                {
                  "line": 2.5,
                  "over": 2.85,
                  "under": 1.37
                }
              ]
            },
            "spreads": [
              {
                "handicap": -1.5,
                "home": 4.1,
                "away": 1.2
              },
              {
                "handicap": -2,
                "home": 3.5,
                "away": 1.28
              },
              {
                "handicap": 0,
                "home": 2.3,
                "away": 1.6
              }
            ]
          }
        },
        {
          "home": "Северсталь",
          "away": "Лада",
          "start_utc": "2025-11-23T14:00:00Z",
          "markets": {
            "ml": {
              "HOME": 1.28,
              "AWAY": 3.7
            },
            "1x2_60": {
              "P1": 1.5,
              "X": 4.8
            },
            "double_chance_60": {
              "1X": 1.14,
              "X2": 2.6
            },
            "totals_goals": [
              {
                "line": 3.5,
                "over": 1.19,
                "under": 4.5
              },
              {
                "line": 4,
                "over": 1.25,
                "under": 3.8
              },
              {
                "line": 4.5,
                "over": 1.47,
                "under": 2.55
              },
              {
                "line": 5,
                "over": 1.65,
                "under": 2.2
              },
              {
                "line": 5.5,
                "over": 1.95,
                "under": 1.85
              },
              {
                "line": 6,
                "over": 2.4,
                "under": 1.55
              },
              {
                "line": 6.5,
                "over": 2.8,
                "under": 1.4
              },
              {
                "line": 7,
                "over": 3.8,
                "under": 1.25
              },
              {
                "line": 7.5,
                "over": 4.2,
                "under": 1.2
              }
            ],
            "period_totals": {
              "1": [
                {
                  "line": 0.5,
                  "over": 1.17,
                  "under": 4.4
                },
                {
                  "line": 1.5,
                  "over": 1.85,
                  "under": 1.85
                },
                {
                  "line": 2.5,
                  "over": 3.6,
                  "under": 1.25
                }
              ],
              "2": [
                {
                  "line": 1.5,
                  "over": 1.6,
                  "under": 2.2
                },
                {
                  "line": 2.5,
                  "over": 2.85,
                  "under": 1.37
                }
              ],
              "3": [
                {
                  "line": 1.5,
                  "over": 1.6,
                  "under": 2.2
                },
                {
                  "line": 2.5,
                  "over": 2.8,
                  "under": 1.38
                }
              ]
            },
            "spreads": [
              {
                "handicap": -2.5,
                "home": 2.65,
                "away": 1.45
              },
              {
                "handicap": -3,
                "home": 4.2,
                "away": 1.2
              },
              {
                "handicap": -3.5,
                "home": 4.9,
                "away": 1.16
              },
              {
                "handicap": 0,
                "home": 1.2,
                "away": 4.2
              }
            ]
          }
        }
      ]
    }
  ]
}