{
  "bookmaker": "fonbet",
  "generated_at_utc": "2025-12-18T07:01:57Z",
  "version": 1,
  "days": [
    {
      "date": "2025-12-18",
      "league": "KHL",
      "games": [
        {
          "home": "Автомобилист",
          "away": "Динамо Минск",
          "start_utc": "2025-12-18T14:00:00Z",
          "markets": {
            "ml": {
              "HOME": 2.03,
              "AWAY": 1.78
            },
            "1x2_60": {
              "P1": 2.7,
              "X": 3.95,
              "P2": 2.3
            },
            "double_chance_60": {
              "1X": 1.62,
              "X2": 1.47
            },
            "totals_goals": [
              {
                "line": 3.5,
                "over": 1.2,
                "under": 4.3
              },
              {
                "line": 4,
                "over": 1.25,
                "under": 3.65
              },
              {
                "line": 4.5,
                "over": 1.5,
                "under": 2.5
              },
              {
                "line": 5,
                "over": 1.68,
                "under": 2.12
              },
              {
                "line": 5.5,
                "over": 2,
                "under": 1.8
              },
              {
                "line": 6,
                "over": 2.5,
                "under": 1.5
              },
              {
                "line": 6.5,
                "over": 2.95,
                "under": 1.38
              },
              {
                "line": 7,
                "over": 4,
                "under": 1.22
              },
              {
                "line": 7.5,
                "over": 4.4,
                "under": 1.19
              }
            ],
            "period_totals": {
              "1": [
                {
                  "line": 0.5,
                  "over": 1.18,
                  "under": 4.3
                },
                {
                  "line": 1,
                  "over": 1.3,
                  "under": 3.1
                },
                {
                  "line": 1.5,
                  "over": 1.88,
                  "under": 1.82
                },
                {
                  "line": 2,
                  "over": 2.85,
                  "under": 1.37
                },
                {
                  "line": 2.5,
                  "over": 3.7,
                  "under": 1.23
                }
              ],
              "2": [
                {
                  "line": 1,
                  "over": 1.2,
                  "under": 4.05
                },
                {
                  "line": 1.5,
                  "over": 1.65,
                  "under": 2.1
                },
                {
                  "line": 2,
                  "over": 2.2,
                  "under": 1.6
                },
                {
                  "line": 2.5,
                  "over": 2.95,
                  "under": 1.35
                }
              ],
              "3": [
                {
                  "line": 1,
                  "over": 1.19,
                  "under": 4.2
                },
                {
                  "line": 1.5,
                  "over": 1.6,
                  "under": 2.2
                },
                {
                  "line": 2,
                  "over": 2.15,
                  "under": 1.62
                },
                {
                  "line": 2.5,
                  "over": 2.85,
                  "under": 1.37
                },
                {
                  "line": 3,
                  "over": 5,
                  "under": 1.14
                }
              ]
            },
            "spreads": [
              {
                "handicap": -1.5,
                "home": 3.45,
                "away": 1.28
              },
              {
                "handicap": -2,
                "home": 4.8,
                "away": 1.16
              },
              {
                "handicap": 0,
                "home": 2.03,
                "away": 1.75
              }
            ]
          }
        },
        {
          "home": "Хозяева",
          "away": "Гости",
          "start_utc": "2025-12-18T14:00:00Z",
          "markets": {
            "1x2_60": {
              "P1": 1.48,
              "P2": 3
            },
            "double_chance_60": {
              "1X": 1.35,
              "X2": 2.45
            },
            "period_totals": {
              "1": [
                {
                  "line": 1.5,
                  "over": 1.23,
                  "under": 1.6
                },
                {
                  "line": 2.5,
                  "over": 1.12,
                  "under": 1.35
                },
                {
                  "line": 8.5,
                  "over": 1.4,
                  "under": 2.7
                },
                {
                  "line": 9.5,
                  "over": 1.67,
                  "under": 2.07
                },
                {
                  "line": 10.5,
                  "over": 2.1,
                  "under": 1.65
                },
                {
                  "line": 11.5,
                  "over": 2.7,
                  "under": 1.4
                },
                {
                  "line": 12.5,
                  "over": 3.7,
                  "under": 1.23
                }
              ]
            },
            "spreads": [
              {
                "handicap": -4.5,
                "home": 2.35,
                "away": 1.52
              },
              {
                "handicap": -5.5,
                "home": 2.7,
                "away": 1.4
              },
              {
                "handicap": -6.5,
                "home": 3.2,
                "away": 1.3
              }
            ]
          }
        }
      ]
    },
    {
      "date": "2025-12-19",
      "league": "KHL",
      "games": [
        {
          "home": "Нефтехимик",
          "away": "Авангард",
          "start_utc": "2025-12-18T16:00:00Z",
          "markets": {
            "ml": {
              "HOME": 2.65,
              "AWAY": 1.48
            },
            "1x2_60": {
              "P1": 3.7,
              "X": 4.3,
              "P2": 1.8
            },
            "double_chance_60": {
              "1X": 2,
              "X2": 1.28
            },
            "totals_goals": [
              {
                "line": 3.5,
                "over": 1.15,
                "under": 5
              },
              {
                "line": 4,
                "over": 1.2,
                "under": 4.3
              },
              {
                "line": 4.5,
                "over": 1.4,
                "under": 2.85
              },
              {
                "line": 5,
                "over": 1.53,
                "under": 2.45
              },
              {
                "line": 5.5,
                "over": 1.8,
                "under": 2
              },
              {
                "line": 6,
                "over": 2.15,
                "under": 1.65
              },
              {
                "line": 6.5,
                "over": 2.55,
                "under": 1.48
              },
              {
                "line": 7,
                "over": 3.35,
                "under": 1.3
              },
              {
                "line": 7.5,
                "over": 3.75,
                "under": 1.25
              }
            ],
            "period_totals": {
              "1": [
                {
                  "line": 0.5,
                  "over": 1.15,
                  "under": 4.7
                },
                {
                  "line": 1,
                  "over": 1.25,
                  "under": 3.45
                },
                {
                  "line": 1.5,
                  "over": 1.78,
                  "under": 1.92
                },
                {
                  "line": 2,
                  "over": 2.55,
                  "under": 1.45
                },
                {
                  "line": 2.5,
                  "over": 3.35,
                  "under": 1.28
                }
              ],
              "2": [
                {
                  "line": 1,
                  "over": 1.16,
                  "under": 4.5
                },
                {
                  "line": 1.5,
                  "over": 1.55,
                  "under": 2.3
                },
                {
                  "line": 2,
                  "over": 2.03,
                  "under": 1.7
                },
                {
                  "line": 2.5,
                  "over": 2.7,
                  "under": 1.4
                },
                {
                  "line": 3,
                  "over": 4.5,
                  "under": 1.16
                }
              ],
              "3": [
                {
                  "line": 1,
                  "over": 1.15,
                  "under": 4.7
                },
                {
                  "line": 1.5,
                  "over": 1.55,
                  "under": 2.3
                },
                {
                  "line": 2,
                  "over": 1.97,
                  "under": 1.73
                },
                {
                  "line": 2.5,
                  "over": 2.65,
                  "under": 1.43
                },
                {
                  "line": 3,
                  "over": 4.4,
                  "under": 1.17
                }
              ]
            },
            "spreads": [
              {
                "handicap": -1.5,
                "home": 4.8,
                "away": 1.17
              },
              {
                "handicap": -2,
                "home": 2.85,
                "away": 1.4
              },
              {
                "handicap": 0,
                "home": 2.8,
                "away": 1.4
              }
            ]
          }
        },
        {
          "home": "Локомотив Ярославль",
          "away": "ЦСКА",
          "start_utc": "2025-12-18T16:00:00Z",
          "markets": {
            "ml": {
              "HOME": 1.5,
              "AWAY": 2.55
            },
            "1x2_60": {
              "P1": 1.9,
              "X": 4.2,
              "P2": 3.65
            },
            "double_chance_60": {
              "1X": 1.28,
              "X2": 1.9
            },
            "totals_goals": [
              {
                "line": 3.5,
                "over": 1.25,
                "under": 3.75
              },
              {
                "line": 4,
                "over": 1.33,
                "under": 3.15
              },
              {
                "line": 4.5,
                "over": 1.6,
                "under": 2.25
              },
              {
                "line": 5,
                "over": 1.85,
                "under": 1.9
              },
              {
                "line": 5.5,
                "over": 2.2,
                "under": 1.65
              },
              {
                "line": 6,
                "over": 2.85,
                "under": 1.4
              },
              {
                "line": 6.5,
                "over": 3.35,
                "under": 1.3
              },
              {
                "line": 7,
                "over": 4.7,
                "under": 1.17
              }
            ],
            "period_totals": {
              "1": [
                {
                  "line": 0.5,
                  "over": 1.2,
                  "under": 4.05
                },
                {
                  "line": 1,
                  "over": 1.35,
                  "under": 2.9
                },
                {
                  "line": 1.5,
                  "over": 1.97,
                  "under": 1.73
                },
                {
                  "line": 2,
                  "over": 3.1,
                  "under": 1.32
                },
                {
                  "line": 2.5,
                  "over": 4,
                  "under": 1.2
                }
              ],
              "2": [
                {
                  "line": 0.5,
                  "over": 1.14,
                  "under": 4.9
                },
                {
                  "line": 1,
                  "over": 1.23,
                  "under": 3.7
                },
                {
                  "line": 1.5,
                  "over": 1.7,
                  "under": 2.02
                },
                {
                  "line": 2,
                  "over": 2.4,
                  "under": 1.5
                },
                {
                  "line": 2.5,
                  "over": 3.15,
                  "under": 1.3
                }
              ],
              "3": [
                {
                  "line": 1,
                  "over": 1.22,
                  "under": 3.8
                },
                {
                  "line": 1.5,
                  "over": 1.7,
                  "under": 2.02
                },
                {
                  "line": 2,
                  "over": 2.35,
                  "under": 1.53
                },
                {
                  "line": 2.5,
                  "over": 3.1,
                  "under": 1.32
                }
              ]
            },
            "spreads": [
              {
                "handicap": -1.5,
                "home": 2.4,
                "away": 1.53
              },
              {
                "handicap": -2,
                "home": 3.2,
                "away": 1.33
              },
              {
                "handicap": -2.5,
                "home": 3.6,
                "away": 1.27
              },
              {
                "handicap": 0,
                "home": 1.45,
                "away": 2.7
              }
            ]
          }
        },
        {
          "home": "Северсталь",
          "away": "Салават Юлаев",
          "start_utc": "2025-12-18T16:00:00Z",
          "markets": {
            "ml": {
              "HOME": 1.45,
              "AWAY": 2.8
            },
            "1x2_60": {
              "P1": 1.75,
              "X": 4.3,
              "P2": 4
            },
            "double_chance_60": {
              "1X": 1.25,
              "X2": 2.1
            },
            "totals_goals": [
              {
                "line": 3.5,
                "over": 1.2,
                "under": 4.3
              },
              {
                "line": 4,
                "over": 1.25,
                "under": 3.65
              },
              {
                "line": 4.5,
                "over": 1.5,
                "under": 2.5
              },
              {
                "line": 5,
                "over": 1.68,
                "under": 2.13
              },
              {
                "line": 5.5,
                "over": 2,
                "under": 1.8
              },
              {
                "line": 6,
                "over": 2.5,
                "under": 1.5
              },
              {
                "line": 6.5,
                "over": 2.95,
                "under": 1.38
              },
              {
                "line": 7,
                "over": 4,
                "under": 1.22
              },
              {
                "line": 7.5,
                "over": 4.4,
                "under": 1.19
              }
            ],
            "period_totals": {
              "1": [
                {
                  "line": 0.5,
                  "over": 1.18,
                  "under": 4.3
                },
                {
                  "line": 1,
                  "over": 1.3,
                  "under": 3.15
                },
                {
                  "line": 1.5,
                  "over": 1.87,
                  "under": 1.83
                },
                {
                  "line": 2,
                  "over": 2.85,
                  "under": 1.37
                },
                {
                  "line": 2.5,
                  "over": 3.7,
                  "under": 1.25
                }
              ],
              "2": [
                {
                  "line": 1,
                  "over": 1.2,
                  "under": 4.05
                },
                {
                  "line": 1.5,
                  "over": 1.65,
                  "under": 2.1
                },
                {
                  "line": 2,
                  "over": 2.2,
                  "under": 1.6
                },
                {
                  "line": 2.5,
                  "over": 2.95,
                  "under": 1.35
                }
              ],
              "3": [
                {
                  "line": 1,
                  "over": 1.19,
                  "under": 4.2
                },
                {
                  "line": 1.5,
                  "over": 1.6,
                  "under": 2.2
                },
                {
                  "line": 2,
                  "over": 2.15,
                  "under": 1.62
                },
                {
                  "line": 2.5,
                  "over": 2.85,
                  "under": 1.37
                },
                {
                  "line": 3,
                  "over": 4.9,
                  "under": 1.14
                }
              ]
            },
            "spreads": [
              {
                "handicap": -1.5,
                "home": 2.2,
                "away": 1.65
              },
              {
                "handicap": -2,
                "home": 2.75,
                "away": 1.42
              },
              {
                "handicap": -2.5,
                "home": 3.15,
                "away": 1.33
              },
              {
                "handicap": 0,
                "home": 1.35,
                "away": 3
              }
            ]
          }
        },
        {
          "home": "Динамо Москва",
          "away": "Барыс",
          "start_utc": "2025-12-18T16:30:00Z",
          "markets": {
            "ml": {
              "HOME": 1.25,
              "AWAY": 3.85
            },
            "1x2_60": {
              "P1": 1.45
            },
            "double_chance_60": {
              "1X": 1.14,
              "X2": 2.75
            },
            "totals_goals": [
              {
                "line": 3.5,
                "over": 1.19,
                "under": 4.5
              },
              {
                "line": 4,
                "over": 1.25,
                "under": 3.85
              },
              {
                "line": 4.5,
                "over": 1.45,
                "under": 2.6
              },
              {
                "line": 5,
                "over": 1.62,
                "under": 2.2
              },
              {
                "line": 5.5,
                "over": 1.95,
                "under": 1.85
              },
              {
                "line": 6,
                "over": 2.4,
                "under": 1.55
              },
              {
                "line": 6.5,
                "over": 2.8,
                "under": 1.4
              },
              {
                "line": 7,
                "over": 3.8,
                "under": 1.25
              },
              {
                "line": 7.5,
                "over": 4.2,
                "under": 1.2
              }
            ],
            "period_totals": {
              "1": [
                {
                  "line": 0.5,
                  "over": 1.17,
                  "under": 4.4
                },
                {
                  "line": 1,
                  "over": 1.3,
                  "under": 3.2
                },
                {
                  "line": 1.5,
                  "over": 1.85,
                  "under": 1.85
                },
                {
                  "line": 2,
                  "over": 2.75,
                  "under": 1.4
                },
                {
                  "line": 2.5,
                  "over": 3.6,
                  "under": 1.25
                }
              ],
              "2": [
                {
                  "line": 1,
                  "over": 1.19,
                  "under": 4.2
                },
                {
                  "line": 1.5,
                  "over": 1.6,
                  "under": 2.2
                },
                {
                  "line": 2,
                  "over": 2.15,
                  "under": 1.62
                },
                {
                  "line": 2.5,
                  "over": 2.85,
                  "under": 1.37
                },
                {
                  "line": 3,
                  "over": 5,
                  "under": 1.14
                }
              ],
              "3": [
                {
                  "line": 1,
                  "over": 1.18,
                  "under": 4.3
                },
                {
                  "line": 1.5,
                  "over": 1.6,
                  "under": 2.2
                },
                {
                  "line": 2,
                  "over": 2.1,
                  "under": 1.65
                },
                {
                  "line": 2.5,
                  "over": 2.8,
                  "under": 1.38
                },
                {
                  "line": 3,
                  "over": 4.8,
                  "under": 1.15
                }
              ]
            },
            "spreads": [
              {
                "handicap": -2.5,
                "home": 2.55,
                "away": 1.48
              },
              {
                "handicap": -3,
                "home": 4,
                "away": 1.22
              },
              {
                "handicap": -3.5,
                "home": 4.8,
                "away": 1.17
              },
              {
                "handicap": 0,
                "home": 1.2,
                "away": 4.3
              }
            ]
          }
        },
        {
          "home": "СКА",
          "away": "Ак Барс",
          "start_utc": "2025-12-18T16:30:00Z",
          "markets": {
            "ml": {
              "HOME": 1.92,
              "AWAY": 1.88
            },
            "1x2_60": {
              "P1": 2.5,
              "X": 4.2,
              "P2": 2.4
            },
            "double_chance_60": {
              "1X": 1.57,
              "X2": 1.53
            },
            "totals_goals": [
              {
                "line": 3.5,
                "over": 1.2,
                "under": 4.2
              },
              {
                "line": 4,
                "over": 1.27,
                "under": 3.6
              },
              {
                "line": 4.5,
                "over": 1.5,
                "under": 2.45
              },
              {
                "line": 5,
                "over": 1.7,
                "under": 2.1
              },
              {
                "line": 5.5,
                "over": 2.05,
                "under": 1.77
              },
              {
                "line": 6,
                "over": 2.55,
                "under": 1.5
              },
              {
                "line": 6.5,
                "over": 2.95,
                "under": 1.37
              },
              {
                "line": 7,
                "over": 4.05,
                "under": 1.22
              },
              {
                "line": 7.5,
                "over": 4.5,
                "under": 1.18
              }
            ],
            "period_totals": {
              "1": [
                {
                  "line": 0.5,
                  "over": 1.18,
                  "under": 4.3
                },
                {
                  "line": 1,
                  "over": 1.32,
                  "under": 3.1
                },
                {
                  "line": 1.5,
                  "over": 1.9,
                  "under": 1.8
                },
                {
                  "line": 2,
                  "over": 2.85,
                  "under": 1.37
                },
                {
                  "line": 2.5,
                  "over": 3.7,
                  "under": 1.23
                }
              ],
              "2": [
                {
                  "line": 1,
                  "over": 1.2,
                  "under": 4
                },
                {
                  "line": 1.5,
                  "over": 1.65,
                  "under": 2.1
                },
                {
                  "line": 2,
                  "over": 2.25,
                  "under": 1.58
                },
                {
                  "line": 2.5,
                  "over": 2.95,
                  "under": 1.35
                }
              ],
              "3": [
                {
                  "line": 1,
                  "over": 1.19,
                  "under": 4.15
                },
                {
                  "line": 1.5,
                  "over": 1.62,
                  "under": 2.15
                },
                {
                  "line": 2,
                  "over": 2.18,
                  "under": 1.61
                },
                {
                  "line": 2.5,
                  "over": 2.9,
                  "under": 1.35
                },
                {
                  "line": 3,
                  "over": 5,
                  "under": 1.13
                }
              ]
            },
            "spreads": [
              {
                "handicap": -1.5,
                "home": 3.25,
                "away": 1.32
              },
              {
                "handicap": -2,
                "home": 4.5,
                "away": 1.18
              },
              {
                "handicap": -2.5,
                "home": 5,
                "away": 1.16
              },
              {
                "handicap": 0,
                "home": 1.9,
                "away": 1.85
              }
            ]
          }
        },
        {
          "home": "Сибирь",
          "away": "Адмирал",
          "start_utc": "2025-12-19T12:30:00Z",
          "markets": {
            "ml": {
              "HOME": 1.83,
              "AWAY": 1.97
            },
            "1x2_60": {
              "P1": 2.35,
              "X": 4.2,
              "P2": 2.55
            },
            "double_chance_60": {
              "1X": 1.5,
              "X2": 1.6
            },
            "totals_goals": [
              {
                "line": 3.5,
                "over": 1.25,
                "under": 3.75
              },
              {
                "line": 4,
                "over": 1.33,
                "under": 3.2
              },
              {
                "line": 4.5,
                "over": 1.6,
                "under": 2.25
              },
              {
                "line": 5,
                "over": 1.83,
                "under": 1.91
              },
              {
                "line": 5.5,
                "over": 2.2,
                "under": 1.65
              },
              {
                "line": 6,
                "over": 2.85,
                "under": 1.4
              },
              {
                "line": 6.5,
                "over": 3.3,
                "under": 1.3
              },
              {
                "line": 7,
                "over": 4.7,
                "under": 1.17
              }
            ],
            "period_totals": {
              "1": [
                {
                  "line": 0.5,
                  "over": 1.2,
                  "under": 4.05
                },
                {
                  "line": 1,
                  "over": 1.35,
                  "under": 2.9
                },
                {
                  "line": 1.5,
                  "over": 1.97,
                  "under": 1.73
                },
                {
                  "line": 2,
                  "over": 3.1,
                  "under": 1.32
                },
                {
                  "line": 2.5,
                  "over": 4,
                  "under": 1.2
                }
              ],
              "2": [
                {
                  "line": 0.5,
                  "over": 1.14,
                  "under": 4.9
                },
                {
                  "line": 1,
                  "over": 1.23,
                  "under": 3.7
                },
                {
                  "line": 1.5,
                  "over": 1.7,
                  "under": 2.02
                },
                {
                  "line": 2,
                  "over": 2.4,
                  "under": 1.5
                },
                {
                  "line": 2.5,
                  "over": 3.15,
                  "under": 1.3
                }
              ],
              "3": [
                {
                  "line": 1,
                  "over": 1.22,
                  "under": 3.8
                },
                {
                  "line": 1.5,
                  "over": 1.7,
                  "under": 2.02
                },
                {
                  "line": 2,
                  "over": 2.35,
                  "under": 1.53
                },
                {
                  "line": 2.5,
                  "over": 3.1,
                  "under": 1.32
                }
              ]
            },
            "spreads": [
              {
                "handicap": -1.5,
                "home": 3.15,
                "away": 1.35
              },
              {
                "handicap": -2,
                "home": 4.5,
                "away": 1.18
              },
              {
                "handicap": -2.5,
                "home": 5,
                "away": 1.15
              },
              {
                "handicap": 0,
                "home": 1.8,
                "away": 1.95
              }
            ]
          }
        },
        {
          "home": "Трактор",
          "away": "Металлург Мг",
          "start_utc": "2025-12-19T14:00:00Z",
          "markets": {
            "ml": {
              "HOME": 2.15,
              "AWAY": 1.7
            },
            "1x2_60": {
              "P1": 2.85,
              "X": 4.2,
              "P2": 2.15
            },
            "double_chance_60": {
              "1X": 1.7,
              "X2": 1.42
            },
            "totals_goals": [
              {
                "line": 3.5,
                "over": 1.16,
                "under": 4.8
              },
              {
                "line": 4,
                "over": 1.2,
                "under": 4.15
              },
              {
                "line": 4.5,
                "over": 1.42,
                "under": 2.75
              },
              {
                "line": 5,
                "over": 1.55,
                "under": 2.35
              },
              {
                "line": 5.5,
                "over": 1.85,
                "under": 1.95
              },
              {
                "line": 6,
                "over": 2.25,
                "under": 1.62
              },
              {
                "line": 6.5,
                "over": 2.65,
                "under": 1.45
              },
              {
                "line": 7,
                "over": 3.5,
                "under": 1.28
              },
              {
                "line": 7.5,
                "over": 3.9,
                "under": 1.23
              }
            ],
            "period_totals": {
              "1": [
                {
                  "line": 0.5,
                  "over": 1.16,
                  "under": 4.6
                },
                {
                  "line": 1,
                  "over": 1.28,
                  "under": 3.35
                },
                {
                  "line": 1.5,
                  "over": 1.8,
                  "under": 1.9
                },
                {
                  "line": 2,
                  "over": 2.65,
                  "under": 1.43
                },
                {
                  "line": 2.5,
                  "over": 3.45,
                  "under": 1.25
                }
              ],
              "2": [
                {
                  "line": 1,
                  "over": 1.17,
                  "under": 4.4
                },
                {
                  "line": 1.5,
                  "over": 1.58,
                  "under": 2.25
                },
                {
                  "line": 2,
                  "over": 2.07,
                  "under": 1.67
                },
                {
                  "line": 2.5,
                  "over": 2.75,
                  "under": 1.4
                },
                {
                  "line": 3,
                  "over": 4.7,
                  "under": 1.15
                }
              ],
              "3": [
                {
                  "line": 1,
                  "over": 1.16,
                  "under": 4.6
                },
                {
                  "line": 1.5,
                  "over": 1.55,
                  "under": 2.3
                },
                {
                  "line": 2,
                  "over": 2.02,
                  "under": 1.7
                },
                {
                  "line": 2.5,
                  "over": 2.7,
                  "under": 1.4
                },
                {
                  "line": 3,
                  "over": 4.5,
                  "under": 1.16
                }
              ]
            },
            "spreads": [
              {
                "handicap": -1.5,
                "home": 3.85,
                "away": 1.25
              },
              {
                "handicap": 0,
                "home": 2.17,
                "away": 1.65
              }
            ]
          }
        }
      ]
    }
  ]
}