{
  "bookmaker": "fonbet",
  "generated_at_utc": "2025-12-03T10:06:13Z",
  "version": 1,
  "days": [
    {
      "date": "2025-12-03",
      "league": "KHL",
      "games": [
        {
          "home": "Сибирь",
          "away": "Спартак",
          "start_utc": "2025-12-03T12:30:00Z",
          "markets": {
            "ml": {
              "HOME": 2.8,
              "AWAY": 1.45
            },
            "1x2_60": {
              "P1": 3.95,
              "X": 4.3,
              "P2": 1.75
            },
            "double_chance_60": {
              "1X": 2.1,
              "X2": 1.25
            },
            "totals_goals": [
              {
                "line": 3.5,
                "over": 1.15,
                "under": 5
              },
              {
                "line": 4,
                "over": 1.19,
                "under": 4.4
              },
              {
                "line": 4.5,
                "over": 1.4,
                "under": 2.85
              },
              {
                "line": 5,
                "over": 1.52,
                "under": 2.45
              },
              {
                "line": 5.5,
                "over": 1.8,
                "under": 2
              },
              {
                "line": 6,
                "over": 2.15,
                "under": 1.65
              },
              {
                "line": 6.5,
                "over": 2.55,
                "under": 1.48
              },
              {
                "line": 7,
                "over": 3.35,
                "under": 1.3
              },
              {
                "line": 7.5,
                "over": 3.75,
                "under": 1.25
              }
            ],
            "sog_match": [
              {
                "line": 60.5,
                "over": 1.72,
                "under": 2
              },
              {
                "line": 61.5,
                "over": 1.85,
                "under": 1.85
              },
              {
                "line": 62.5,
                "over": 2,
                "under": 1.72
              }
            ],
            "sog_1x2": {
              "P2": 1.05
            },
            "period_totals": {
              "1": [
                {
                  "line": 0.5,
                  "over": 1.15,
                  "under": 4.7
                },
                {
                  "line": 1,
                  "over": 1.25,
                  "under": 3.45
                },
                {
                  "line": 1.5,
                  "over": 1.77,
                  "under": 1.93
                },
                {
                  "line": 2,
                  "over": 2.55,
                  "under": 1.45
                },
                {
                  "line": 2.5,
                  "over": 3.35,
                  "under": 1.28
                }
              ],
              "2": [
                {
                  "line": 1,
                  "over": 1.16,
                  "under": 4.5
                },
                {
                  "line": 1.5,
                  "over": 1.55,
                  "under": 2.3
                },
                {
                  "line": 2,
                  "over": 2.02,
                  "under": 1.7
                },
                {
                  "line": 2.5,
                  "over": 2.7,
                  "under": 1.4
                },
                {
                  "line": 3,
                  "over": 4.5,
                  "under": 1.16
                }
              ],
              "3": [
                {
                  "line": 1,
                  "over": 1.15,
                  "under": 4.7
                },
                {
                  "line": 1.5,
                  "over": 1.55,
                  "under": 2.35
                },
                {
                  "line": 2,
                  "over": 1.97,
                  "under": 1.73
                },
                {
                  "line": 2.5,
                  "over": 2.65,
                  "under": 1.43
                },
                {
                  "line": 3,
                  "over": 4.3,
                  "under": 1.18
                }
              ]
            },
            "spreads": [
              {
                "handicap": -1.5,
                "home": 5,
                "away": 1.15
              },
              {
                "handicap": -2,
                "home": 2.85,
                "away": 1.4
              },
              {
                "handicap": 0,
                "home": 3,
                "away": 1.37
              }
            ]
          }
        },
        {
          "home": "Автомобилист",
          "away": "Металлург Мг",
          "start_utc": "2025-12-03T14:00:00Z",
          "markets": {
            "ml": {
              "HOME": 2,
              "AWAY": 1.8
            },
            "1x2_60": {
              "P1": 2.65,
              "X": 4.3,
              "P2": 2.35
            },
            "double_chance_60": {
              "1X": 1.6,
              "X2": 1.48
            },
            "totals_goals": [
              {
                "line": 3.5,
                "over": 1.18,
                "under": 4.6
              },
              {
                "line": 4,
                "over": 1.23,
                "under": 4
              },
              {
                "line": 4.5,
                "over": 1.45,
                "under": 2.65
              },
              {
                "line": 5,
                "over": 1.6,
                "under": 2.3
              },
              {
                "line": 5.5,
                "over": 1.9,
                "under": 1.9
              },
              {
                "line": 6,
                "over": 2.3,
                "under": 1.58
              },
              {
                "line": 6.5,
                "over": 2.75,
                "under": 1.43
              },
              {
                "line": 7,
                "over": 3.65,
                "under": 1.25
              },
              {
                "line": 7.5,
                "over": 4.1,
                "under": 1.22
              }
            ],
            "sog_match": [
              {
                "line": 59.5,
                "over": 1.72,
                "under": 2
              },
              {
                "line": 60.5,
                "over": 1.85,
                "under": 1.85
              },
              {
                "line": 61.5,
                "over": 2,
                "under": 1.72
              }
            ],
            "sog_1x2": {
              "P1": 3.65,
              "P2": 1.25
            },
            "period_totals": {
              "1": [
                {
                  "line": 0.5,
                  "over": 1.17,
                  "under": 4.5
                },
                {
                  "line": 1,
                  "over": 1.3,
                  "under": 3.3
                },
                {
                  "line": 1.5,
                  "over": 1.83,
                  "under": 1.87
                },
                {
                  "line": 2,
                  "over": 2.7,
                  "under": 1.4
                },
                {
                  "line": 2.5,
                  "over": 3.5,
                  "under": 1.25
                }
              ],
              "2": [
                {
                  "line": 1,
                  "over": 1.18,
                  "under": 4.3
                },
                {
                  "line": 1.5,
                  "over": 1.6,
                  "under": 2.2
                },
                {
                  "line": 2,
                  "over": 2.12,
                  "under": 1.64
                },
                {
                  "line": 2.5,
                  "over": 2.8,
                  "under": 1.38
                },
                {
                  "line": 3,
                  "over": 4.8,
                  "under": 1.14
                }
              ],
              "3": [
                {
                  "line": 1,
                  "over": 1.17,
                  "under": 4.4
                },
                {
                  "line": 1.5,
                  "over": 1.57,
                  "under": 2.25
                },
                {
                  "line": 2,
                  "over": 2.05,
                  "under": 1.68
                },
                {
                  "line": 2.5,
                  "over": 2.75,
                  "under": 1.4
                },
                {
                  "line": 3,
                  "over": 4.6,
                  "under": 1.16
                }
              ]
            },
            "spreads": [
              {
                "handicap": -1.5,
                "home": 3.35,
                "away": 1.3
              },
              {
                "handicap": -2,
                "home": 4.6,
                "away": 1.18
              },
              {
                "handicap": -2.5,
                "home": 5,
                "away": 1.15
              },
              {
                "handicap": 0,
                "home": 1.98,
                "away": 1.78
              }
            ]
          }
        },
        {
          "home": "Хозяева",
          "away": "Гости",
          "start_utc": "2025-12-03T12:30:00Z",
          "markets": {
            "1x2_60": {
              "P1": 1.87,
              "P2": 2.18
            },
            "double_chance_60": {
              "1X": 1.6,
              "X2": 1.83
            },
            "totals_goals": [
              {
                "line": 3.5,
                "over": 1.27,
                "under": 1.4
              }
            ],
            "period_totals": {
              "1": [
                {
                  "line": 1.5,
                  "over": 1.35,
                  "under": 1.43
                },
                {
                  "line": 2.5,
                  "over": 1.19,
                  "under": 1.23
                },
                {
                  "line": 8.5,
                  "over": 1.38,
                  "under": 2.8
                },
                {
                  "line": 9.5,
                  "over": 1.65,
                  "under": 2.1
                },
                {
                  "line": 10.5,
                  "over": 2.05,
                  "under": 1.68
                },
                {
                  "line": 11.5,
                  "over": 2.7,
                  "under": 1.4
                },
                {
                  "line": 12.5,
                  "over": 3.55,
                  "under": 1.25
                }
              ]
            },
            "spreads": [
              {
                "handicap": -2.5,
                "home": 2.85,
                "away": 1.37
              },
              {
                "handicap": -3.5,
                "home": 2.7,
                "away": 1.4
              },
              {
                "handicap": -4.5,
                "home": 3.2,
                "away": 1.3
              }
            ]
          }
        }
      ]
    },
    {
      "date": "2025-12-04",
      "league": "KHL",
      "games": [
        {
          "home": "Ак Барс",
          "away": "Трактор",
          "start_utc": "2025-12-03T16:00:00Z",
          "markets": {
            "ml": {
              "HOME": 1.65,
              "AWAY": 2.25
            },
            "1x2_60": {
              "P1": 2.05,
              "X": 4.3,
              "P2": 3
            },
            "double_chance_60": {
              "1X": 1.4,
              "X2": 1.77
            },
            "totals_goals": [
              {
                "line": 3.5,
                "over": 1.19,
                "under": 4.4
              },
              {
                "line": 4,
                "over": 1.25,
                "under": 3.8
              },
              {
                "line": 4.5,
                "over": 1.47,
                "under": 2.6
              },
              {
                "line": 5,
                "over": 1.63,
                "under": 2.2
              },
              {
                "line": 5.5,
                "over": 1.95,
                "under": 1.85
              },
              {
                "line": 6,
                "over": 2.4,
                "under": 1.55
              },
              {
                "line": 6.5,
                "over": 2.85,
                "under": 1.4
              },
              {
                "line": 7,
                "over": 3.8,
                "under": 1.25
              },
              {
                "line": 7.5,
                "over": 4.3,
                "under": 1.2
              }
            ],
            "sog_match": [
              {
                "line": 61.5,
                "over": 1.73,
                "under": 1.99
              },
              {
                "line": 62.5,
                "over": 1.85,
                "under": 1.85
              },
              {
                "line": 63.5,
                "over": 2,
                "under": 1.72
              }
            ],
            "sog_1x2": {
              "P1": 2.15,
              "P2": 1.68
            },
            "period_totals": {
              "1": [
                {
                  "line": 0.5,
                  "over": 1.17,
                  "under": 4.4
                },
                {
                  "line": 1,
                  "over": 1.3,
                  "under": 3.2
                },
                {
                  "line": 1.5,
                  "over": 1.85,
                  "under": 1.85
                },
                {
                  "line": 2,
                  "over": 2.75,
                  "under": 1.4
                },
                {
                  "line": 2.5,
                  "over": 3.6,
                  "under": 1.25
                }
              ],
              "2": [
                {
                  "line": 1,
                  "over": 1.19,
                  "under": 4.15
                },
                {
                  "line": 1.5,
                  "over": 1.62,
                  "under": 2.15
                },
                {
                  "line": 2,
                  "over": 2.17,
                  "under": 1.62
                },
                {
                  "line": 2.5,
                  "over": 2.9,
                  "under": 1.35
                },
                {
                  "line": 3,
                  "over": 5,
                  "under": 1.14
                }
              ],
              "3": [
                {
                  "line": 1,
                  "over": 1.18,
                  "under": 4.3
                },
                {
                  "line": 1.5,
                  "over": 1.6,
                  "under": 2.2
                },
                {
                  "line": 2,
                  "over": 2.1,
                  "under": 1.65
                },
                {
                  "line": 2.5,
                  "over": 2.8,
                  "under": 1.38
                },
                {
                  "line": 3,
                  "over": 4.8,
                  "under": 1.15
                }
              ]
            },
            "spreads": [
              {
                "handicap": -1.5,
                "home": 2.6,
                "away": 1.47
              },
              {
                "handicap": -2,
                "home": 3.5,
                "away": 1.28
              },
              {
                "handicap": -2.5,
                "home": 4,
                "away": 1.23
              },
              {
                "handicap": 0,
                "home": 1.58,
                "away": 2.3
              }
            ]
          }
        },
        {
          "home": "Северсталь",
          "away": "Динамо Москва",
          "start_utc": "2025-12-03T16:00:00Z",
          "markets": {
            "ml": {
              "HOME": 1.9,
              "AWAY": 1.9
            },
            "1x2_60": {
              "P1": 2.45,
              "X": 4.2,
              "P2": 2.45
            },
            "double_chance_60": {
              "1X": 1.55,
              "X2": 1.55
            },
            "totals_goals": [
              {
                "line": 3.5,
                "over": 1.22,
                "under": 4.05
              },
              {
                "line": 4,
                "over": 1.3,
                "under": 3.45
              },
              {
                "line": 4.5,
                "over": 1.55,
                "under": 2.4
              },
              {
                "line": 5,
                "over": 1.75,
                "under": 2
              },
              {
                "line": 5.5,
                "over": 2.1,
                "under": 1.75
              },
              {
                "line": 6,
                "over": 2.65,
                "under": 1.45
              },
              {
                "line": 6.5,
                "over": 3.1,
                "under": 1.35
              },
              {
                "line": 7,
                "over": 4.3,
                "under": 1.2
              },
              {
                "line": 7.5,
                "over": 4.7,
                "under": 1.17
              }
            ],
            "sog_match": [
              {
                "line": 54.5,
                "over": 1.7,
                "under": 2.03
              },
              {
                "line": 55.5,
                "over": 1.85,
                "under": 1.85
              },
              {
                "line": 56.5,
                "over": 2,
                "under": 1.72
              }
            ],
            "sog_1x2": {
              "P1": 1.67,
              "P2": 2.18
            },
            "period_totals": {
              "1": [
                {
                  "line": 0.5,
                  "over": 1.19,
                  "under": 4.2
                },
                {
                  "line": 1,
                  "over": 1.33,
                  "under": 3
                },
                {
                  "line": 1.5,
                  "over": 1.9,
                  "under": 1.8
                },
                {
                  "line": 2,
                  "over": 2.95,
                  "under": 1.35
                },
                {
                  "line": 2.5,
                  "over": 3.8,
                  "under": 1.22
                }
              ],
              "2": [
                {
                  "line": 1,
                  "over": 1.2,
                  "under": 3.9
                },
                {
                  "line": 1.5,
                  "over": 1.67,
                  "under": 2.07
                },
                {
                  "line": 2,
                  "over": 2.3,
                  "under": 1.55
                },
                {
                  "line": 2.5,
                  "over": 3.05,
                  "under": 1.33
                }
              ],
              "3": [
                {
                  "line": 1,
                  "over": 1.2,
                  "under": 4.05
                },
                {
                  "line": 1.5,
                  "over": 1.65,
                  "under": 2.1
                },
                {
                  "line": 2,
                  "over": 2.25,
                  "under": 1.58
                },
                {
                  "line": 2.5,
                  "over": 2.95,
                  "under": 1.35
                }
              ]
            },
            "spreads": [
              {
                "handicap": -1.5,
                "home": 3.2,
                "away": 1.33
              },
              {
                "handicap": -2,
                "home": 4.5,
                "away": 1.19
              },
              {
                "handicap": -2.5,
                "home": 4.9,
                "away": 1.16
              },
              {
                "handicap": 0,
                "home": 1.88,
                "away": 1.88
              }
            ]
          }
        },
        {
          "home": "ЦСКА",
          "away": "Торпедо НН",
          "start_utc": "2025-12-03T16:30:00Z",
          "markets": {
            "ml": {
              "HOME": 1.6,
              "AWAY": 2.3
            },
            "1x2_60": {
              "P1": 2,
              "X": 4.3,
              "P2": 3.15
            },
            "double_chance_60": {
              "1X": 1.35,
              "X2": 1.8
            },
            "totals_goals": [
              {
                "line": 3.5,
                "over": 1.25,
                "under": 3.75
              },
              {
                "line": 4,
                "over": 1.33,
                "under": 3.15
              },
              {
                "line": 4.5,
                "over": 1.6,
                "under": 2.25
              },
              {
                "line": 5,
                "over": 1.85,
                "under": 1.9
              },
              {
                "line": 5.5,
                "over": 2.2,
                "under": 1.65
              },
              {
                "line": 6,
                "over": 2.85,
                "under": 1.4
              },
              {
                "line": 6.5,
                "over": 3.35,
                "under": 1.3
              },
              {
                "line": 7,
                "over": 4.7,
                "under": 1.17
              }
            ],
            "sog_match": [
              {
                "line": 54.5,
                "over": 1.7,
                "under": 2.03
              },
              {
                "line": 55.5,
                "over": 1.85,
                "under": 1.85
              },
              {
                "line": 56.5,
                "over": 2,
                "under": 1.72
              }
            ],
            "sog_1x2": {
              "P1": 3.25,
              "P2": 1.32
            },
            "period_totals": {
              "1": [
                {
                  "line": 0.5,
                  "over": 1.2,
                  "under": 4.05
                },
                {
                  "line": 1,
                  "over": 1.37,
                  "under": 2.85
                },
                {
                  "line": 1.5,
                  "over": 1.97,
                  "under": 1.73
                },
                {
                  "line": 2,
                  "over": 3.1,
                  "under": 1.32
                },
                {
                  "line": 2.5,
                  "over": 4,
                  "under": 1.2
                }
              ],
              "2": [
                {
                  "line": 0.5,
                  "over": 1.14,
                  "under": 4.9
                },
                {
                  "line": 1,
                  "over": 1.23,
                  "under": 3.7
                },
                {
                  "line": 1.5,
                  "over": 1.72,
                  "under": 2
                },
                {
                  "line": 2,
                  "over": 2.4,
                  "under": 1.5
                },
                {
                  "line": 2.5,
                  "over": 3.2,
                  "under": 1.3
                }
              ],
              "3": [
                {
                  "line": 1,
                  "over": 1.22,
                  "under": 3.8
                },
                {
                  "line": 1.5,
                  "over": 1.7,
                  "under": 2.02
                },
                {
                  "line": 2,
                  "over": 2.35,
                  "under": 1.53
                },
                {
                  "line": 2.5,
                  "over": 3.1,
                  "under": 1.32
                }
              ]
            },
            "spreads": [
              {
                "handicap": -1.5,
                "home": 2.6,
                "away": 1.47
              },
              {
                "handicap": -2,
                "home": 3.5,
                "away": 1.28
              },
              {
                "handicap": -2.5,
                "home": 3.95,
                "away": 1.23
              },
              {
                "handicap": 0,
                "home": 1.55,
                "away": 2.4
              }
            ]
          }
        },
        {
          "home": "Шанхай Дрэгонс",
          "away": "Салават Юлаев",
          "start_utc": "2025-12-03T16:30:00Z",
          "markets": {
            "ml": {
              "HOME": 1.85,
              "AWAY": 1.95
            },
            "1x2_60": {
              "P1": 2.35,
              "X": 4.3,
              "P2": 2.5
            },
            "double_chance_60": {
              "1X": 1.53,
              "X2": 1.6
            },
            "totals_goals": [
              {
                "line": 3.5,
                "over": 1.18,
                "under": 4.6
              },
              {
                "line": 4,
                "over": 1.23,
                "under": 4
              },
              {
                "line": 4.5,
                "over": 1.45,
                "under": 2.65
              },
              {
                "line": 5,
                "over": 1.6,
                "under": 2.3
              },
              {
                "line": 5.5,
                "over": 1.9,
                "under": 1.9
              },
              {
                "line": 6,
                "over": 2.3,
                "under": 1.58
              },
              {
                "line": 6.5,
                "over": 2.75,
                "under": 1.43
              },
              {
                "line": 7,
                "over": 3.65,
                "under": 1.25
              },
              {
                "line": 7.5,
                "over": 4.1,
                "under": 1.22
              }
            ],
            "sog_match": [
              {
                "line": 57.5,
                "over": 1.72,
                "under": 2
              },
              {
                "line": 58.5,
                "over": 1.85,
                "under": 1.85
              },
              {
                "line": 59.5,
                "over": 2,
                "under": 1.72
              }
            ],
            "sog_1x2": {
              "P1": 2.45,
              "P2": 1.55
            },
            "period_totals": {
              "1": [
                {
                  "line": 0.5,
                  "over": 1.17,
                  "under": 4.5
                },
                {
                  "line": 1,
                  "over": 1.3,
                  "under": 3.3
                },
                {
                  "line": 1.5,
                  "over": 1.83,
                  "under": 1.87
                },
                {
                  "line": 2,
                  "over": 2.7,
                  "under": 1.4
                },
                {
                  "line": 2.5,
                  "over": 3.55,
                  "under": 1.25
                }
              ],
              "2": [
                {
                  "line": 1,
                  "over": 1.18,
                  "under": 4.3
                },
                {
                  "line": 1.5,
                  "over": 1.6,
                  "under": 2.2
                },
                {
                  "line": 2,
                  "over": 2.12,
                  "under": 1.64
                },
                {
                  "line": 2.5,
                  "over": 2.8,
                  "under": 1.38
                },
                {
                  "line": 3,
                  "over": 4.8,
                  "under": 1.14
                }
              ],
              "3": [
                {
                  "line": 1,
                  "over": 1.17,
                  "under": 4.4
                },
                {
                  "line": 1.5,
                  "over": 1.58,
                  "under": 2.25
                },
                {
                  "line": 2,
                  "over": 2.07,
                  "under": 1.68
                },
                {
                  "line": 2.5,
                  "over": 2.75,
                  "under": 1.4
                },
                {
                  "line": 3,
                  "over": 4.7,
                  "under": 1.15
                }
              ]
            },
            "spreads": [
              {
                "handicap": -1.5,
                "home": 3.1,
                "away": 1.35
              },
              {
                "handicap": -2,
                "home": 4.2,
                "away": 1.2
              },
              {
                "handicap": -2.5,
                "home": 4.7,
                "away": 1.17
              },
              {
                "handicap": 0,
                "home": 1.83,
                "away": 1.91
              }
            ]
          }
        },
        {
          "home": "Амур",
          "away": "Локомотив Ярославль",
          "start_utc": "2025-12-04T09:15:00Z",
          "markets": {
            "ml": {
              "HOME": 3.25,
              "AWAY": 1.35
            },
            "1x2_60": {
              "P1": 4.8,
              "X": 4.5,
              "P2": 1.6
            },
            "double_chance_60": {
              "1X": 2.35,
              "X2": 1.18
            },
            "totals_goals": [
              {
                "line": 3.5,
                "over": 1.23,
                "under": 3.9
              },
              {
                "line": 4,
                "over": 1.3,
                "under": 3.3
              },
              {
                "line": 4.5,
                "over": 1.57,
                "under": 2.3
              },
              {
                "line": 5,
                "over": 1.8,
                "under": 1.95
              },
              {
                "line": 5.5,
                "over": 2.15,
                "under": 1.7
              },
              {
                "line": 6,
                "over": 2.75,
                "under": 1.43
              },
              {
                "line": 6.5,
                "over": 3.2,
                "under": 1.33
              },
              {
                "line": 7,
                "over": 4.5,
                "under": 1.19
              },
              {
                "line": 7.5,
                "over": 4.9,
                "under": 1.16
              }
            ],
            "period_totals": {
              "1": [
                {
                  "line": 0.5,
                  "over": 1.19,
                  "under": 4.1
                },
                {
                  "line": 1,
                  "over": 1.35,
                  "under": 2.95
                },
                {
                  "line": 1.5,
                  "over": 1.95,
                  "under": 1.75
                },
                {
                  "line": 2,
                  "over": 3,
                  "under": 1.35
                },
                {
                  "line": 2.5,
                  "over": 3.9,
                  "under": 1.2
                }
              ],
              "2": [
                {
                  "line": 1,
                  "over": 1.22,
                  "under": 3.8
                },
                {
                  "line": 1.5,
                  "over": 1.7,
                  "under": 2.02
                },
                {
                  "line": 2,
                  "over": 2.35,
                  "under": 1.53
                },
                {
                  "line": 2.5,
                  "over": 3.1,
                  "under": 1.32
                }
              ],
              "3": [
                {
                  "line": 1,
                  "over": 1.2,
                  "under": 3.95
                },
                {
                  "line": 1.5,
                  "over": 1.65,
                  "under": 2.1
                },
                {
                  "line": 2,
                  "over": 2.25,
                  "under": 1.55
                },
                {
                  "line": 2.5,
                  "over": 3,
                  "under": 1.35
                }
              ]
            },
            "spreads": [
              {
                "handicap": -3,
                "home": 4.8,
                "away": 1.17
              },
              {
                "handicap": 0,
                "home": 3.6,
                "away": 1.27
              }
            ]
          }
        },
        {
          "home": "Адмирал",
          "away": "СКА",
          "start_utc": "2025-12-04T09:30:00Z",
          "markets": {
            "ml": {
              "HOME": 2,
              "AWAY": 1.8
            },
            "1x2_60": {
              "P1": 2.6,
              "X": 4.2,
              "P2": 2.3
            },
            "double_chance_60": {
              "1X": 1.62,
              "X2": 1.5
            },
            "totals_goals": [
              {
                "line": 3.5,
                "over": 1.25,
                "under": 3.75
              },
              {
                "line": 4,
                "over": 1.33,
                "under": 3.2
              },
              {
                "line": 4.5,
                "over": 1.6,
                "under": 2.25
              },
              {
                "line": 5,
                "over": 1.83,
                "under": 1.91
              },
              {
                "line": 5.5,
                "over": 2.2,
                "under": 1.65
              },
              {
                "line": 6,
                "over": 2.85,
                "under": 1.4
              },
              {
                "line": 6.5,
                "over": 3.3,
                "under": 1.3
              },
              {
                "line": 7,
                "over": 4.7,
                "under": 1.17
              }
            ],
            "period_totals": {
              "1": [
                {
                  "line": 0.5,
                  "over": 1.2,
                  "under": 4.05
                },
                {
                  "line": 1,
                  "over": 1.35,
                  "under": 2.9
                },
                {
                  "line": 1.5,
                  "over": 1.97,
                  "under": 1.73
                },
                {
                  "line": 2,
                  "over": 3.1,
                  "under": 1.32
                },
                {
                  "line": 2.5,
                  "over": 4,
                  "under": 1.2
                }
              ],
              "2": [
                {
                  "line": 0.5,
                  "over": 1.14,
                  "under": 4.9
                },
                {
                  "line": 1,
                  "over": 1.23,
                  "under": 3.7
                },
                {
                  "line": 1.5,
                  "over": 1.7,
                  "under": 2.02
                },
                {
                  "line": 2,
                  "over": 2.4,
                  "under": 1.5
                },
                {
                  "line": 2.5,
                  "over": 3.15,
                  "under": 1.3
                }
              ],
              "3": [
                {
                  "line": 1,
                  "over": 1.22,
                  "under": 3.8
                },
                {
                  "line": 1.5,
                  "over": 1.7,
                  "under": 2.02
                },
                {
                  "line": 2,
                  "over": 2.35,
                  "under": 1.53
                },
                {
                  "line": 2.5,
                  "over": 3.1,
                  "under": 1.32
                }
              ]
            },
            "spreads": [
              {
                "handicap": -1.5,
                "home": 3.45,
                "away": 1.3
              },
              {
                "handicap": -2,
                "home": 5,
                "away": 1.16
              },
              {
                "handicap": 0,
                "home": 2,
                "away": 1.75
              }
            ]
          }
        },
        {
          "home": "Авангард",
          "away": "ХК Сочи",
          "start_utc": "2025-12-04T13:30:00Z",
          "markets": {
            "ml": {
              "HOME": 1.17
            },
            "1x2_60": {
              "P1": 1.28
            },
            "double_chance_60": {
              "1X": 1.09,
              "X2": 3.7
            },
            "totals_goals": [
              {
                "line": 3.5,
                "over": 1.13,
                "under": 1.37
              },
              {
                "line": 4,
                "over": 1.16,
                "under": 4.9
              },
              {
                "line": 4.5,
                "over": 1.33,
                "under": 3.15
              },
              {
                "line": 5,
                "over": 1.43,
                "under": 2.7
              },
              {
                "line": 5.5,
                "over": 1.7,
                "under": 2.15
              },
              {
                "line": 6,
                "over": 1.97,
                "under": 1.77
              },
              {
                "line": 6.5,
                "over": 2.3,
                "under": 1.57
              },
              {
                "line": 7,
                "over": 2.95,
                "under": 1.37
              },
              {
                "line": 7.5,
                "over": 3.4,
                "under": 1.3
              }
            ],
            "period_totals": {
              "1": [
                {
                  "line": 0.5,
                  "over": 1.14,
                  "under": 4.9
                },
                {
                  "line": 1,
                  "over": 1.25,
                  "under": 3.7
                },
                {
                  "line": 1.5,
                  "over": 1.72,
                  "under": 2
                },
                {
                  "line": 2,
                  "over": 2.4,
                  "under": 1.5
                },
                {
                  "line": 2.5,
                  "over": 3.2,
                  "under": 1.3
                }
              ],
              "2": [
                {
                  "line": 1,
                  "over": 1.14,
                  "under": 4.9
                },
                {
                  "line": 1.5,
                  "over": 1.5,
                  "under": 2.4
                },
                {
                  "line": 2,
                  "over": 1.92,
                  "under": 1.78
                },
                {
                  "line": 2.5,
                  "over": 2.55,
                  "under": 1.45
                },
                {
                  "line": 3,
                  "over": 4.2,
                  "under": 1.19
                }
              ],
              "3": [
                {
                  "line": 1.5,
                  "over": 1.5,
                  "under": 2.45
                },
                {
                  "line": 2,
                  "over": 1.88,
                  "under": 1.82
                },
                {
                  "line": 2.5,
                  "over": 2.5,
                  "under": 1.47
                },
                {
                  "line": 3,
                  "over": 4.05,
                  "under": 1.2
                },
                {
                  "line": 3.5,
                  "over": 4.8,
                  "under": 1.15
                }
              ]
            },
            "spreads": [
              {
                "handicap": -3.5,
                "home": 2.95,
                "away": 1.37
              },
              {
                "handicap": -4,
                "home": 4.05,
                "away": 1.22
              },
              {
                "handicap": -4.5,
                "home": 4.5,
                "away": 1.18
              }
            ]
          }
        }
      ]
    }
  ]
}