{
  "bookmaker": "fonbet",
  "generated_at_utc": "2025-11-08T03:03:55Z",
  "version": 1,
  "days": [
    {
      "date": "2025-11-08",
      "league": "KHL",
      "games": [
        {
          "home": "ЦСКА",
          "away": "Сибирь",
          "start_utc": "2025-11-08T14:00:00Z",
          "markets": {
            "ml": {
              "HOME": 1.23,
              "AWAY": 4.15
            },
            "1x2_60": {
              "P1": 1.4
            },
            "double_chance_60": {
              "1X": 1.13,
              "X2": 2.95
            },
            "totals_goals": [
              {
                "line": 3.5,
                "over": 1.22,
                "under": 4.05
              },
              {
                "line": 4,
                "over": 1.3,
                "under": 3.45
              },
              {
                "line": 4.5,
                "over": 1.53,
                "under": 2.4
              },
              {
                "line": 5,
                "over": 1.73,
                "under": 2.05
              },
              {
                "line": 5.5,
                "over": 2.1,
                "under": 1.75
              },
              {
                "line": 6,
                "over": 2.6,
                "under": 1.45
              },
              {
                "line": 6.5,
                "over": 3.05,
                "under": 1.35
              },
              {
                "line": 7,
                "over": 4.3,
                "under": 1.2
              },
              {
                "line": 7.5,
                "over": 4.7,
                "under": 1.17
              }
            ],
            "period_totals": {
              "1": [
                {
                  "line": 0.5,
                  "over": 1.19,
                  "under": 4.2
                },
                {
                  "line": 1.5,
                  "over": 1.9,
                  "under": 1.8
                },
                {
                  "line": 2.5,
                  "over": 3.8,
                  "under": 1.22
                }
              ],
              "2": [
                {
                  "line": 1.5,
                  "over": 1.67,
                  "under": 2.08
                },
                {
                  "line": 2.5,
                  "over": 3.05,
                  "under": 1.33
                }
              ],
              "3": [
                {
                  "line": 1.5,
                  "over": 1.65,
                  "under": 2.1
                },
                {
                  "line": 2.5,
                  "over": 2.95,
                  "under": 1.35
                }
              ]
            },
            "spreads": [
              {
                "handicap": -2.5,
                "home": 2.5,
                "away": 1.5
              },
              {
                "handicap": -3,
                "home": 3.95,
                "away": 1.23
              },
              {
                "handicap": -3.5,
                "home": 4.7,
                "away": 1.17
              },
              {
                "handicap": 0,
                "home": 1.17,
                "away": 4.7
              }
            ]
          }
        },
        {
          "home": "Локомотив Ярославль",
          "away": "Ак Барс",
          "start_utc": "2025-11-08T14:00:00Z",
          "markets": {
            "ml": {
              "HOME": 1.6,
              "AWAY": 2.35
            },
            "1x2_60": {
              "P1": 2,
              "X": 4.2,
              "P2": 3.19
            },
            "double_chance_60": {
              "1X": 1.35,
              "X2": 1.8
            },
            "totals_goals": [
              {
                "line": 3.5,
                "over": 1.3,
                "under": 3.45
              },
              {
                "line": 4,
                "over": 1.4,
                "under": 2.9
              },
              {
                "line": 4.5,
                "over": 1.7,
                "under": 2.15
              },
              {
                "line": 5,
                "over": 1.98,
                "under": 1.78
              },
              {
                "line": 5.5,
                "over": 2.35,
                "under": 1.57
              },
              {
                "line": 6,
                "over": 3.15,
                "under": 1.35
              },
              {
                "line": 6.5,
                "over": 3.65,
                "under": 1.25
              }
            ],
            "period_totals": {
              "1": [
                {
                  "line": 0.5,
                  "over": 1.22,
                  "under": 3.85
                },
                {
                  "line": 1.5,
                  "over": 2.05,
                  "under": 1.68
                },
                {
                  "line": 2.5,
                  "over": 4.2,
                  "under": 1.18
                }
              ],
              "2": [
                {
                  "line": 0.5,
                  "over": 1.15,
                  "under": 4.7
                },
                {
                  "line": 1.5,
                  "over": 1.77,
                  "under": 1.93
                },
                {
                  "line": 2.5,
                  "over": 3.35,
                  "under": 1.28
                }
              ],
              "3": [
                {
                  "line": 0.5,
                  "over": 1.15,
                  "under": 4.8
                },
                {
                  "line": 1.5,
                  "over": 1.75,
                  "under": 1.95
                },
                {
                  "line": 2.5,
                  "over": 3.25,
                  "under": 1.3
                }
              ]
            },
            "spreads": [
              {
                "handicap": -1.5,
                "home": 2.75,
                "away": 1.43
              },
              {
                "handicap": -2,
                "home": 3.75,
                "away": 1.25
              },
              {
                "handicap": -2.5,
                "home": 4.2,
                "away": 1.2
              },
              {
                "handicap": 0,
                "home": 1.55,
                "away": 2.4
              }
            ]
          }
        },
        {
          "home": "Шанхай Дрэгонс",
          "away": "Северсталь",
          "start_utc": "2025-11-08T14:00:00Z",
          "markets": {
            "ml": {
              "HOME": 1.92,
              "AWAY": 1.88
            },
            "1x2_60": {
              "P1": 2.5,
              "X": 4.2,
              "P2": 2.42
            },
            "double_chance_60": {
              "1X": 1.55,
              "X2": 1.53
            },
            "totals_goals": [
              {
                "line": 3.5,
                "over": 1.2,
                "under": 4.3
              },
              {
                "line": 4,
                "over": 1.25,
                "under": 3.65
              },
              {
                "line": 4.5,
                "over": 1.5,
                "under": 2.5
              },
              {
                "line": 5,
                "over": 1.68,
                "under": 2.13
              },
              {
                "line": 5.5,
                "over": 2,
                "under": 1.8
              },
              {
                "line": 6,
                "over": 2.5,
                "under": 1.5
              },
              {
                "line": 6.5,
                "over": 2.95,
                "under": 1.38
              },
              {
                "line": 7,
                "over": 4,
                "under": 1.22
              },
              {
                "line": 7.5,
                "over": 4.4,
                "under": 1.19
              }
            ],
            "period_totals": {
              "1": [
                {
                  "line": 0.5,
                  "over": 1.18,
                  "under": 4.3
                },
                {
                  "line": 1.5,
                  "over": 1.88,
                  "under": 1.82
                },
                {
                  "line": 2.5,
                  "over": 3.7,
                  "under": 1.23
                }
              ],
              "2": [
                {
                  "line": 1.5,
                  "over": 1.65,
                  "under": 2.1
                },
                {
                  "line": 2.5,
                  "over": 2.95,
                  "under": 1.35
                }
              ],
              "3": [
                {
                  "line": 1.5,
                  "over": 1.6,
                  "under": 2.2
                },
                {
                  "line": 2.5,
                  "over": 2.85,
                  "under": 1.37
                }
              ]
            },
            "spreads": [
              {
                "handicap": -1.5,
                "home": 3.2,
                "away": 1.33
              },
              {
                "handicap": -2,
                "home": 4.4,
                "away": 1.19
              },
              {
                "handicap": -2.5,
                "home": 4.9,
                "away": 1.16
              },
              {
                "handicap": 0,
                "home": 1.9,
                "away": 1.85
              }
            ]
          }
        },
        {
          "home": "Динамо Минск",
          "away": "Лада",
          "start_utc": "2025-11-08T14:10:00Z",
          "markets": {
            "ml": {
              "HOME": 1.2,
              "AWAY": 4.5
            },
            "1x2_60": {
              "P1": 1.35
            },
            "double_chance_60": {
              "1X": 1.1,
              "X2": 3.2
            },
            "totals_goals": [
              {
                "line": 3.5,
                "over": 1.19,
                "under": 4.5
              },
              {
                "line": 4,
                "over": 1.25,
                "under": 3.85
              },
              {
                "line": 4.5,
                "over": 1.45,
                "under": 2.6
              },
              {
                "line": 5,
                "over": 1.62,
                "under": 2.2
              },
              {
                "line": 5.5,
                "over": 1.95,
                "under": 1.85
              },
              {
                "line": 6,
                "over": 2.35,
                "under": 1.55
              },
              {
                "line": 6.5,
                "over": 2.8,
                "under": 1.4
              },
              {
                "line": 7,
                "over": 3.8,
                "under": 1.25
              },
              {
                "line": 7.5,
                "over": 4.2,
                "under": 1.2
              }
            ],
            "period_totals": {
              "1": [
                {
                  "line": 0.5,
                  "over": 1.17,
                  "under": 4.4
                },
                {
                  "line": 1.5,
                  "over": 1.85,
                  "under": 1.85
                },
                {
                  "line": 2.5,
                  "over": 3.6,
                  "under": 1.25
                }
              ],
              "2": [
                {
                  "line": 1.5,
                  "over": 1.6,
                  "under": 2.2
                },
                {
                  "line": 2.5,
                  "over": 2.85,
                  "under": 1.37
                }
              ],
              "3": [
                {
                  "line": 1.5,
                  "over": 1.6,
                  "under": 2.2
                },
                {
                  "line": 2.5,
                  "over": 2.8,
                  "under": 1.38
                }
              ]
            },
            "spreads": [
              {
                "handicap": -2.5,
                "home": 2.4,
                "away": 1.55
              },
              {
                "handicap": -3,
                "home": 3.7,
                "away": 1.25
              },
              {
                "handicap": -3.5,
                "home": 4.5,
                "away": 1.19
              }
            ]
          }
        },
        {
          "home": "Хозяева",
          "away": "Гости",
          "start_utc": "2025-11-08T14:00:00Z",
          "markets": {
            "1x2_60": {
              "P1": 1.23
            },
            "double_chance_60": {
              "1X": 1.12,
              "X2": 3.7
            },
            "period_totals": {
              "1": [
                {
                  "line": 6.5,
                  "over": 1.35,
                  "under": 2.9
                },
                {
                  "line": 7.5,
                  "over": 1.63,
                  "under": 2.13
                },
                {
                  "line": 8.5,
                  "over": 2.07,
                  "under": 1.67
                },
                {
                  "line": 9.5,
                  "over": 2.8,
                  "under": 1.38
                },
                {
                  "line": 10.5,
                  "over": 3.8,
                  "under": 1.22
                }
              ]
            },
            "spreads": [
              {
                "handicap": -5.5,
                "home": 2.07,
                "away": 1.67
              },
              {
                "handicap": -6.5,
                "home": 2.45,
                "away": 1.48
              },
              {
                "handicap": -7.5,
                "home": 2.9,
                "away": 1.35
              }
            ]
          }
        }
      ]
    },
    {
      "date": "2025-11-09",
      "league": "KHL",
      "games": [
        {
          "home": "Динамо Москва",
          "away": "СКА",
          "start_utc": "2025-11-08T16:30:00Z",
          "markets": {
            "ml": {
              "HOME": 1.55,
              "AWAY": 2.5
            },
            "1x2_60": {
              "P1": 1.9,
              "X": 4.3,
              "P2": 3.41
            },
            "double_chance_60": {
              "1X": 1.3,
              "X2": 1.9
            },
            "totals_goals": [
              {
                "line": 3.5,
                "over": 1.23,
                "under": 3.9
              },
              {
                "line": 4,
                "over": 1.3,
                "under": 3.3
              },
              {
                "line": 4.5,
                "over": 1.57,
                "under": 2.35
              },
              {
                "line": 5,
                "over": 1.8,
                "under": 1.95
              },
              {
                "line": 5.5,
                "over": 2.15,
                "under": 1.7
              },
              {
                "line": 6,
                "over": 2.75,
                "under": 1.43
              },
              {
                "line": 6.5,
                "over": 3.2,
                "under": 1.33
              },
              {
                "line": 7,
                "over": 4.5,
                "under": 1.19
              },
              {
                "line": 7.5,
                "over": 4.9,
                "under": 1.16
              }
            ],
            "period_totals": {
              "1": [
                {
                  "line": 0.5,
                  "over": 1.19,
                  "under": 4.1
                },
                {
                  "line": 1.5,
                  "over": 1.95,
                  "under": 1.75
                },
                {
                  "line": 2.5,
                  "over": 3.9,
                  "under": 1.2
                }
              ],
              "2": [
                {
                  "line": 0.5,
                  "over": 1.13,
                  "under": 5
                },
                {
                  "line": 1.5,
                  "over": 1.7,
                  "under": 2.02
                },
                {
                  "line": 2.5,
                  "over": 3.1,
                  "under": 1.32
                }
              ],
              "3": [
                {
                  "line": 1.5,
                  "over": 1.65,
                  "under": 2.1
                },
                {
                  "line": 2.5,
                  "over": 3,
                  "under": 1.33
                }
              ]
            },
            "spreads": [
              {
                "handicap": -1.5,
                "home": 2.35,
                "away": 1.55
              },
              {
                "handicap": -2,
                "home": 3.1,
                "away": 1.35
              },
              {
                "handicap": -2.5,
                "home": 3.55,
                "away": 1.27
              },
              {
                "handicap": 0,
                "home": 1.47,
                "away": 2.6
              }
            ]
          }
        },
        {
          "home": "Амур",
          "away": "Автомобилист",
          "start_utc": "2025-11-09T07:00:00Z",
          "markets": {
            "ml": {
              "HOME": 2.3,
              "AWAY": 1.62
            },
            "1x2_60": {
              "P1": 3.1,
              "X": 4.2,
              "P2": 2.02
            },
            "double_chance_60": {
              "1X": 1.78,
              "X2": 1.37
            },
            "totals_goals": [
              {
                "line": 3.5,
                "over": 1.25,
                "under": 3.7
              },
              {
                "line": 4,
                "over": 1.35,
                "under": 3.1
              },
              {
                "line": 4.5,
                "over": 1.62,
                "under": 2.2
              },
              {
                "line": 5,
                "over": 1.87,
                "under": 1.88
              },
              {
                "line": 5.5,
                "over": 2.25,
                "under": 1.65
              },
              {
                "line": 6,
                "over": 2.9,
                "under": 1.38
              },
              {
                "line": 6.5,
                "over": 3.4,
                "under": 1.3
              },
              {
                "line": 7,
                "over": 4.8,
                "under": 1.16
              }
            ],
            "period_totals": {
              "1": [
                {
                  "line": 0.5,
                  "over": 1.2,
                  "under": 4
                },
                {
                  "line": 1.5,
                  "over": 2,
                  "under": 1.72
                },
                {
                  "line": 2.5,
                  "over": 4.05,
                  "under": 1.2
                }
              ],
              "2": [
                {
                  "line": 0.5,
                  "over": 1.14,
                  "under": 4.9
                },
                {
                  "line": 1.5,
                  "over": 1.73,
                  "under": 2
                },
                {
                  "line": 2.5,
                  "over": 3.2,
                  "under": 1.3
                }
              ],
              "3": [
                {
                  "line": 0.5,
                  "over": 1.14,
                  "under": 5
                },
                {
                  "line": 1.5,
                  "over": 1.7,
                  "under": 2.02
                },
                {
                  "line": 2.5,
                  "over": 3.15,
                  "under": 1.3
                }
              ]
            },
            "spreads": [
              {
                "handicap": -1.5,
                "home": 4.4,
                "away": 1.19
              },
              {
                "handicap": -2,
                "home": 3.55,
                "away": 1.27
              },
              {
                "handicap": 0,
                "home": 2.35,
                "away": 1.55
              }
            ]
          }
        },
        {
          "home": "Адмирал",
          "away": "Трактор",
          "start_utc": "2025-11-09T07:00:00Z",
          "markets": {
            "ml": {
              "HOME": 2.25,
              "AWAY": 1.65
            },
            "1x2_60": {
              "P1": 3,
              "X": 4.3,
              "P2": 2.05
            },
            "double_chance_60": {
              "1X": 1.77,
              "X2": 1.4
            },
            "totals_goals": [
              {
                "line": 3.5,
                "over": 1.2,
                "under": 4.3
              },
              {
                "line": 4,
                "over": 1.25,
                "under": 3.65
              },
              {
                "line": 4.5,
                "over": 1.5,
                "under": 2.5
              },
              {
                "line": 5,
                "over": 1.68,
                "under": 2.13
              },
              {
                "line": 5.5,
                "over": 2,
                "under": 1.8
              },
              {
                "line": 6,
                "over": 2.5,
                "under": 1.5
              },
              {
                "line": 6.5,
                "over": 2.95,
                "under": 1.38
              },
              {
                "line": 7,
                "over": 4,
                "under": 1.22
              },
              {
                "line": 7.5,
                "over": 4.4,
                "under": 1.19
              }
            ],
            "period_totals": {
              "1": [
                {
                  "line": 0.5,
                  "over": 1.18,
                  "under": 4.3
                },
                {
                  "line": 1.5,
                  "over": 1.88,
                  "under": 1.82
                },
                {
                  "line": 2.5,
                  "over": 3.7,
                  "under": 1.23
                }
              ],
              "2": [
                {
                  "line": 1.5,
                  "over": 1.65,
                  "under": 2.1
                },
                {
                  "line": 2.5,
                  "over": 2.95,
                  "under": 1.35
                }
              ],
              "3": [
                {
                  "line": 1.5,
                  "over": 1.6,
                  "under": 2.2
                },
                {
                  "line": 2.5,
                  "over": 2.85,
                  "under": 1.37
                }
              ]
            },
            "spreads": [
              {
                "handicap": -1.5,
                "home": 4.1,
                "away": 1.2
              },
              {
                "handicap": -2,
                "home": 3.5,
                "away": 1.28
              },
              {
                "handicap": 0,
                "home": 2.3,
                "away": 1.6
              }
            ]
          }
        },
        {
          "home": "Барыс",
          "away": "Металлург Мг",
          "start_utc": "2025-11-09T12:00:00Z",
          "markets": {
            "ml": {
              "HOME": 3.25,
              "AWAY": 1.35
            },
            "1x2_60": {
              "P1": 4.8,
              "X": 4.6,
              "P2": 1.59
            },
            "double_chance_60": {
              "1X": 2.35,
              "X2": 1.18
            },
            "totals_goals": [
              {
                "line": 3.5,
                "over": 1.17,
                "under": 4.6
              },
              {
                "line": 4,
                "over": 1.22,
                "under": 4
              },
              {
                "line": 4.5,
                "over": 1.45,
                "under": 2.65
              },
              {
                "line": 5,
                "over": 1.6,
                "under": 2.3
              },
              {
                "line": 5.5,
                "over": 1.9,
                "under": 1.9
              },
              {
                "line": 6,
                "over": 2.3,
                "under": 1.58
              },
              {
                "line": 6.5,
                "over": 2.75,
                "under": 1.43
              },
              {
                "line": 7,
                "over": 3.65,
                "under": 1.25
              },
              {
                "line": 7.5,
                "over": 4.05,
                "under": 1.22
              }
            ],
            "period_totals": {
              "1": [
                {
                  "line": 0.5,
                  "over": 1.16,
                  "under": 4.5
                },
                {
                  "line": 1.5,
                  "over": 1.82,
                  "under": 1.88
                },
                {
                  "line": 2.5,
                  "over": 3.5,
                  "under": 1.25
                }
              ],
              "2": [
                {
                  "line": 1.5,
                  "over": 1.6,
                  "under": 2.2
                },
                {
                  "line": 2.5,
                  "over": 2.8,
                  "under": 1.38
                }
              ],
              "3": [
                {
                  "line": 1.5,
                  "over": 1.57,
                  "under": 2.25
                },
                {
                  "line": 2.5,
                  "over": 2.75,
                  "under": 1.4
                }
              ]
            },
            "spreads": [
              {
                "handicap": -3,
                "home": 4.4,
                "away": 1.19
              },
              {
                "handicap": 0,
                "home": 3.6,
                "away": 1.27
              }
            ]
          }
        }
      ]
    }
  ]
}