{
  "bookmaker": "fonbet",
  "generated_at_utc": "2025-12-22T04:41:27Z",
  "version": 1,
  "days": [
    {
      "date": "2025-12-22",
      "league": "KHL",
      "games": [
        {
          "home": "Металлург Мг",
          "away": "Нефтехимик",
          "start_utc": "2025-12-22T14:00:00Z",
          "markets": {
            "ml": {
              "HOME": 1.3,
              "AWAY": 3.65
            },
            "1x2_60": {
              "P1": 1.5,
              "X": 5
            },
            "double_chance_60": {
              "1X": 1.15,
              "X2": 2.6
            },
            "totals_goals": [
              {
                "line": 3.5,
                "over": 1.13,
                "under": 1.19
              },
              {
                "line": 4,
                "over": 1.16,
                "under": 4.9
              },
              {
                "line": 4.5,
                "over": 1.35,
                "under": 3.1
              },
              {
                "line": 5,
                "over": 1.45,
                "under": 2.65
              },
              {
                "line": 5.5,
                "over": 1.7,
                "under": 2.15
              },
              {
                "line": 6,
                "over": 2,
                "under": 1.75
              },
              {
                "line": 6.5,
                "over": 2.35,
                "under": 1.55
              },
              {
                "line": 7,
                "over": 3,
                "under": 1.35
              },
              {
                "line": 7.5,
                "over": 3.4,
                "under": 1.3
              }
            ],
            "period_totals": {
              "1": [
                {
                  "line": 0.5,
                  "over": 1.14,
                  "under": 4.9
                },
                {
                  "line": 1,
                  "over": 1.25,
                  "under": 3.7
                },
                {
                  "line": 1.5,
                  "over": 1.72,
                  "under": 2
                },
                {
                  "line": 2,
                  "over": 2.4,
                  "under": 1.5
                },
                {
                  "line": 2.5,
                  "over": 3.2,
                  "under": 1.3
                }
              ],
              "2": [
                {
                  "line": 1,
                  "over": 1.14,
                  "under": 4.9
                },
                {
                  "line": 1.5,
                  "over": 1.5,
                  "under": 2.4
                },
                {
                  "line": 2,
                  "over": 1.92,
                  "under": 1.78
                },
                {
                  "line": 2.5,
                  "over": 2.55,
                  "under": 1.45
                },
                {
                  "line": 3,
                  "over": 4.2,
                  "under": 1.19
                }
              ],
              "3": [
                {
                  "line": 1.5,
                  "over": 1.5,
                  "under": 2.45
                },
                {
                  "line": 2,
                  "over": 1.87,
                  "under": 1.83
                },
                {
                  "line": 2.5,
                  "over": 2.5,
                  "under": 1.47
                },
                {
                  "line": 3,
                  "over": 4,
                  "under": 1.2
                },
                {
                  "line": 3.5,
                  "over": 4.8,
                  "under": 1.15
                }
              ]
            },
            "spreads": [
              {
                "handicap": -2.5,
                "home": 2.5,
                "away": 1.5
              },
              {
                "handicap": -3,
                "home": 3.8,
                "away": 1.25
              },
              {
                "handicap": -3.5,
                "home": 4.5,
                "away": 1.19
              },
              {
                "handicap": 0,
                "home": 1.22,
                "away": 4.1
              }
            ]
          }
        },
        {
          "home": "Хозяева",
          "away": "Гости",
          "start_utc": "2025-12-22T14:00:00Z",
          "markets": {
            "1x2_60": {
              "P1": 1.7,
              "P2": 2.85
            },
            "double_chance_60": {
              "1X": 1.37,
              "X2": 2.03
            },
            "period_totals": {
              "1": [
                {
                  "line": 1.5,
                  "over": 1.1,
                  "under": 1.13
                },
                {
                  "line": 2.5,
                  "over": 1.37,
                  "under": 2.85
                },
                {
                  "line": 3.5,
                  "over": 1.9,
                  "under": 1.8
                },
                {
                  "line": 4.5,
                  "over": 2.9,
                  "under": 1.35
                },
                {
                  "line": 5.5,
                  "over": 4.7,
                  "under": 1.15
                }
              ]
            },
            "spreads": [
              {
                "handicap": -1.5,
                "home": 3.8,
                "away": 1.22
              },
              {
                "handicap": -3.5,
                "home": 3.4,
                "away": 1.27
              },
              {
                "handicap": -4.5,
                "home": 4.5,
                "away": 1.16
              }
            ]
          }
        }
      ]
    },
    {
      "date": "2025-12-23",
      "league": "KHL",
      "games": [
        {
          "home": "Шанхай Дрэгонс",
          "away": "Спартак",
          "start_utc": "2025-12-22T16:30:00Z",
          "markets": {
            "ml": {
              "HOME": 2.2,
              "AWAY": 1.68
            },
            "1x2_60": {
              "P1": 2.9,
              "X": 4.3,
              "P2": 2.1
            },
            "double_chance_60": {
              "1X": 1.75,
              "X2": 1.4
            },
            "totals_goals": [
              {
                "line": 3.5,
                "over": 1.15,
                "under": 5
              },
              {
                "line": 4,
                "over": 1.19,
                "under": 4.4
              },
              {
                "line": 4.5,
                "over": 1.4,
                "under": 2.85
              },
              {
                "line": 5,
                "over": 1.52,
                "under": 2.45
              },
              {
                "line": 5.5,
                "over": 1.8,
                "under": 2
              },
              {
                "line": 6,
                "over": 2.15,
                "under": 1.65
              },
              {
                "line": 6.5,
                "over": 2.55,
                "under": 1.48
              },
              {
                "line": 7,
                "over": 3.35,
                "under": 1.3
              },
              {
                "line": 7.5,
                "over": 3.75,
                "under": 1.25
              }
            ],
            "period_totals": {
              "1": [
                {
                  "line": 0.5,
                  "over": 1.15,
                  "under": 4.7
                },
                {
                  "line": 1,
                  "over": 1.25,
                  "under": 3.45
                },
                {
                  "line": 1.5,
                  "over": 1.78,
                  "under": 1.92
                },
                {
                  "line": 2,
                  "over": 2.55,
                  "under": 1.45
                },
                {
                  "line": 2.5,
                  "over": 3.35,
                  "under": 1.27
                }
              ],
              "2": [
                {
                  "line": 1,
                  "over": 1.16,
                  "under": 4.5
                },
                {
                  "line": 1.5,
                  "over": 1.55,
                  "under": 2.25
                },
                {
                  "line": 2,
                  "over": 2.03,
                  "under": 1.7
                },
                {
                  "line": 2.5,
                  "over": 2.7,
                  "under": 1.4
                },
                {
                  "line": 3,
                  "over": 4.5,
                  "under": 1.16
                }
              ],
              "3": [
                {
                  "line": 1,
                  "over": 1.15,
                  "under": 4.7
                },
                {
                  "line": 1.5,
                  "over": 1.55,
                  "under": 2.3
                },
                {
                  "line": 2,
                  "over": 1.98,
                  "under": 1.72
                },
                {
                  "line": 2.5,
                  "over": 2.65,
                  "under": 1.43
                },
                {
                  "line": 3,
                  "over": 4.4,
                  "under": 1.17
                }
              ]
            },
            "spreads": [
              {
                "handicap": -1.5,
                "home": 3.8,
                "away": 1.25
              },
              {
                "handicap": 0,
                "home": 2.2,
                "away": 1.63
              }
            ]
          }
        },
        {
          "home": "Сибирь",
          "away": "Автомобилист",
          "start_utc": "2025-12-23T12:30:00Z",
          "markets": {
            "ml": {
              "HOME": 2.65,
              "AWAY": 1.48
            },
            "1x2_60": {
              "P1": 3.65,
              "X": 4.4,
              "P2": 1.8
            },
            "double_chance_60": {
              "1X": 2,
              "X2": 1.28
            },
            "totals_goals": [
              {
                "line": 3.5,
                "over": 1.2,
                "under": 4.3
              },
              {
                "line": 4,
                "over": 1.25,
                "under": 3.65
              },
              {
                "line": 4.5,
                "over": 1.5,
                "under": 2.5
              },
              {
                "line": 5,
                "over": 1.67,
                "under": 2.13
              },
              {
                "line": 5.5,
                "over": 2,
                "under": 1.8
              },
              {
                "line": 6,
                "over": 2.5,
                "under": 1.5
              },
              {
                "line": 6.5,
                "over": 2.9,
                "under": 1.38
              },
              {
                "line": 7,
                "over": 4,
                "under": 1.22
              },
              {
                "line": 7.5,
                "over": 4.4,
                "under": 1.19
              }
            ],
            "period_totals": {
              "1": [
                {
                  "line": 0.5,
                  "over": 1.18,
                  "under": 4.3
                },
                {
                  "line": 1,
                  "over": 1.3,
                  "under": 3.15
                },
                {
                  "line": 1.5,
                  "over": 1.87,
                  "under": 1.83
                },
                {
                  "line": 2,
                  "over": 2.85,
                  "under": 1.37
                },
                {
                  "line": 2.5,
                  "over": 3.7,
                  "under": 1.25
                }
              ],
              "2": [
                {
                  "line": 1,
                  "over": 1.2,
                  "under": 4.05
                },
                {
                  "line": 1.5,
                  "over": 1.65,
                  "under": 2.1
                },
                {
                  "line": 2,
                  "over": 2.2,
                  "under": 1.6
                },
                {
                  "line": 2.5,
                  "over": 2.95,
                  "under": 1.35
                }
              ],
              "3": [
                {
                  "line": 1,
                  "over": 1.19,
                  "under": 4.2
                },
                {
                  "line": 1.5,
                  "over": 1.6,
                  "under": 2.2
                },
                {
                  "line": 2,
                  "over": 2.15,
                  "under": 1.62
                },
                {
                  "line": 2.5,
                  "over": 2.85,
                  "under": 1.37
                },
                {
                  "line": 3,
                  "over": 4.9,
                  "under": 1.14
                }
              ]
            },
            "spreads": [
              {
                "handicap": -1.5,
                "home": 4.9,
                "away": 1.16
              },
              {
                "handicap": -2,
                "home": 2.9,
                "away": 1.4
              },
              {
                "handicap": 0,
                "home": 2.8,
                "away": 1.4
              }
            ]
          }
        },
        {
          "home": "Салават Юлаев",
          "away": "Амур",
          "start_utc": "2025-12-23T14:00:00Z",
          "markets": {
            "ml": {
              "HOME": 1.5,
              "AWAY": 2.6
            },
            "1x2_60": {
              "P1": 1.85,
              "X": 4.3,
              "P2": 3.59
            },
            "double_chance_60": {
              "1X": 1.3,
              "X2": 1.95
            },
            "totals_goals": [
              {
                "line": 3.5,
                "over": 1.25,
                "under": 3.75
              },
              {
                "line": 4,
                "over": 1.33,
                "under": 3.15
              },
              {
                "line": 4.5,
                "over": 1.6,
                "under": 2.25
              },
              {
                "line": 5,
                "over": 1.85,
                "under": 1.9
              },
              {
                "line": 5.5,
                "over": 2.2,
                "under": 1.65
              },
              {
                "line": 6,
                "over": 2.85,
                "under": 1.4
              },
              {
                "line": 6.5,
                "over": 3.3,
                "under": 1.3
              },
              {
                "line": 7,
                "over": 4.7,
                "under": 1.17
              }
            ],
            "period_totals": {
              "1": [
                {
                  "line": 0.5,
                  "over": 1.2,
                  "under": 4.05
                },
                {
                  "line": 1,
                  "over": 1.35,
                  "under": 2.85
                },
                {
                  "line": 1.5,
                  "over": 1.97,
                  "under": 1.73
                },
                {
                  "line": 2,
                  "over": 3.1,
                  "under": 1.32
                },
                {
                  "line": 2.5,
                  "over": 4,
                  "under": 1.2
                }
              ],
              "2": [
                {
                  "line": 0.5,
                  "over": 1.14,
                  "under": 4.9
                },
                {
                  "line": 1,
                  "over": 1.23,
                  "under": 3.7
                },
                {
                  "line": 1.5,
                  "over": 1.7,
                  "under": 2.02
                },
                {
                  "line": 2,
                  "over": 2.4,
                  "under": 1.5
                },
                {
                  "line": 2.5,
                  "over": 3.15,
                  "under": 1.3
                }
              ],
              "3": [
                {
                  "line": 1,
                  "over": 1.22,
                  "under": 3.8
                },
                {
                  "line": 1.5,
                  "over": 1.7,
                  "under": 2.02
                },
                {
                  "line": 2,
                  "over": 2.35,
                  "under": 1.53
                },
                {
                  "line": 2.5,
                  "over": 3.1,
                  "under": 1.32
                }
              ]
            },
            "spreads": [
              {
                "handicap": -1.5,
                "home": 2.35,
                "away": 1.55
              },
              {
                "handicap": -2,
                "home": 3.15,
                "away": 1.35
              },
              {
                "handicap": -2.5,
                "home": 3.6,
                "away": 1.27
              },
              {
                "handicap": 0,
                "home": 1.43,
                "away": 2.7
              }
            ]
          }
        },
        {
          "home": "Барыс",
          "away": "Трактор",
          "start_utc": "2025-12-23T14:30:00Z",
          "markets": {
            "ml": {
              "HOME": 2.45,
              "AWAY": 1.55
            },
            "1x2_60": {
              "P1": 3.35,
              "X": 4.4,
              "P2": 1.9
            },
            "double_chance_60": {
              "1X": 1.9,
              "X2": 1.33
            },
            "totals_goals": [
              {
                "line": 4,
                "over": 1.19,
                "under": 4.5
              },
              {
                "line": 4.5,
                "over": 1.4,
                "under": 2.9
              },
              {
                "line": 5,
                "over": 1.5,
                "under": 2.5
              },
              {
                "line": 5.5,
                "over": 1.8,
                "under": 2
              },
              {
                "line": 6,
                "over": 2.12,
                "under": 1.68
              },
              {
                "line": 6.5,
                "over": 2.5,
                "under": 1.5
              },
              {
                "line": 7,
                "over": 3.25,
                "under": 1.32
              },
              {
                "line": 7.5,
                "over": 3.7,
                "under": 1.25
              }
            ],
            "period_totals": {
              "1": [
                {
                  "line": 0.5,
                  "over": 1.15,
                  "under": 4.7
                },
                {
                  "line": 1,
                  "over": 1.25,
                  "under": 3.5
                },
                {
                  "line": 1.5,
                  "over": 1.75,
                  "under": 1.95
                },
                {
                  "line": 2,
                  "over": 2.55,
                  "under": 1.45
                },
                {
                  "line": 2.5,
                  "over": 3.35,
                  "under": 1.28
                }
              ],
              "2": [
                {
                  "line": 1,
                  "over": 1.16,
                  "under": 4.6
                },
                {
                  "line": 1.5,
                  "over": 1.55,
                  "under": 2.3
                },
                {
                  "line": 2,
                  "over": 2,
                  "under": 1.72
                },
                {
                  "line": 2.5,
                  "over": 2.65,
                  "under": 1.42
                },
                {
                  "line": 3,
                  "over": 4.4,
                  "under": 1.17
                }
              ],
              "3": [
                {
                  "line": 1,
                  "over": 1.15,
                  "under": 4.8
                },
                {
                  "line": 1.5,
                  "over": 1.53,
                  "under": 2.35
                },
                {
                  "line": 2,
                  "over": 1.95,
                  "under": 1.75
                },
                {
                  "line": 2.5,
                  "over": 2.6,
                  "under": 1.45
                },
                {
                  "line": 3,
                  "over": 4.3,
                  "under": 1.18
                }
              ]
            },
            "spreads": [
              {
                "handicap": -1.5,
                "home": 4.4,
                "away": 1.19
              },
              {
                "handicap": -2,
                "home": 3.1,
                "away": 1.35
              },
              {
                "handicap": 0,
                "home": 2.55,
                "away": 1.48
              }
            ]
          }
        }
      ]
    }
  ]
}