{
  "bookmaker": "fonbet",
  "generated_at_utc": "2025-11-23T01:55:06Z",
  "version": 1,
  "days": [
    {
      "date": "2025-11-23",
      "league": "KHL",
      "games": [
        {
          "home": "Нефтехимик",
          "away": "Салават Юлаев",
          "start_utc": "2025-11-23T11:00:00Z",
          "markets": {
            "ml": {
              "HOME": 1.75,
              "AWAY": 2.1
            },
            "1x2_60": {
              "P1": 2.25,
              "X": 4,
              "P2": 2.8
            },
            "double_chance_60": {
              "1X": 1.45,
              "X2": 1.65
            },
            "totals_goals": [
              {
                "line": 3.5,
                "over": 1.22,
                "under": 4.05
              },
              {
                "line": 4,
                "over": 1.3,
                "under": 3.45
              },
              {
                "line": 4.5,
                "over": 1.55,
                "under": 2.4
              },
              {
                "line": 5,
                "over": 1.75,
                "under": 2
              },
              {
                "line": 5.5,
                "over": 2.1,
                "under": 1.75
              },
              {
                "line": 6,
                "over": 2.65,
                "under": 1.45
              },
              {
                "line": 6.5,
                "over": 3.1,
                "under": 1.35
              },
              {
                "line": 7,
                "over": 4.3,
                "under": 1.2
              },
              {
                "line": 7.5,
                "over": 4.7,
                "under": 1.17
              }
            ],
            "period_totals": {
              "1": [
                {
                  "line": 0.5,
                  "over": 1.19,
                  "under": 4.2
                },
                {
                  "line": 1.5,
                  "over": 1.92,
                  "under": 1.78
                },
                {
                  "line": 2.5,
                  "over": 3.8,
                  "under": 1.22
                }
              ],
              "2": [
                {
                  "line": 1.5,
                  "over": 1.67,
                  "under": 2.08
                },
                {
                  "line": 2.5,
                  "over": 3.05,
                  "under": 1.33
                }
              ],
              "3": [
                {
                  "line": 1.5,
                  "over": 1.65,
                  "under": 2.1
                },
                {
                  "line": 2.5,
                  "over": 2.95,
                  "under": 1.35
                }
              ]
            },
            "spreads": [
              {
                "handicap": -1.5,
                "home": 2.9,
                "away": 1.38
              },
              {
                "handicap": -2,
                "home": 4,
                "away": 1.23
              },
              {
                "handicap": -2.5,
                "home": 4.4,
                "away": 1.19
              },
              {
                "handicap": 0,
                "home": 1.7,
                "away": 2.1
              }
            ]
          }
        },
        {
          "home": "Барыс",
          "away": "Авангард",
          "start_utc": "2025-11-23T12:00:00Z",
          "markets": {
            "ml": {
              "HOME": 3.2,
              "AWAY": 1.35
            },
            "1x2_60": {
              "P1": 4.7,
              "X": 4.6,
              "P2": 1.6
            },
            "double_chance_60": {
              "1X": 2.35,
              "X2": 1.19
            },
            "totals_goals": [
              {
                "line": 3.5,
                "over": 1.19,
                "under": 4.5
              },
              {
                "line": 4,
                "over": 1.25,
                "under": 3.8
              },
              {
                "line": 4.5,
                "over": 1.47,
                "under": 2.6
              },
              {
                "line": 5,
                "over": 1.63,
                "under": 2.2
              },
              {
                "line": 5.5,
                "over": 1.95,
                "under": 1.85
              },
              {
                "line": 6,
                "over": 2.4,
                "under": 1.55
              },
              {
                "line": 6.5,
                "over": 2.8,
                "under": 1.4
              },
              {
                "line": 7,
                "over": 3.8,
                "under": 1.25
              },
              {
                "line": 7.5,
                "over": 4.2,
                "under": 1.2
              }
            ],
            "period_totals": {
              "1": [
                {
                  "line": 0.5,
                  "over": 1.17,
                  "under": 4.4
                },
                {
                  "line": 1.5,
                  "over": 1.85,
                  "under": 1.85
                },
                {
                  "line": 2.5,
                  "over": 3.6,
                  "under": 1.25
                }
              ],
              "2": [
                {
                  "line": 1.5,
                  "over": 1.6,
                  "under": 2.2
                },
                {
                  "line": 2.5,
                  "over": 2.85,
                  "under": 1.37
                }
              ],
              "3": [
                {
                  "line": 1.5,
                  "over": 1.6,
                  "under": 2.2
                },
                {
                  "line": 2.5,
                  "over": 2.8,
                  "under": 1.38
                }
              ]
            },
            "spreads": [
              {
                "handicap": -3,
                "home": 4.5,
                "away": 1.18
              },
              {
                "handicap": 0,
                "home": 3.55,
                "away": 1.27
              }
            ]
          }
        },
        {
          "home": "Шанхай Дрэгонс",
          "away": "Ак Барс",
          "start_utc": "2025-11-23T14:00:00Z",
          "markets": {
            "ml": {
              "HOME": 2.25,
              "AWAY": 1.65
            },
            "1x2_60": {
              "P1": 3,
              "X": 4.3,
              "P2": 2.05
            },
            "double_chance_60": {
              "1X": 1.77,
              "X2": 1.4
            },
            "totals_goals": [
              {
                "line": 3.5,
                "over": 1.2,
                "under": 4.3
              },
              {
                "line": 4,
                "over": 1.25,
                "under": 3.65
              },
              {
                "line": 4.5,
                "over": 1.5,
                "under": 2.5
              },
              {
                "line": 5,
                "over": 1.68,
                "under": 2.13
              },
              {
                "line": 5.5,
                "over": 2,
                "under": 1.8
              },
              {
                "line": 6,
                "over": 2.5,
                "under": 1.5
              },
              {
                "line": 6.5,
                "over": 2.95,
                "under": 1.38
              },
              {
                "line": 7,
                "over": 4,
                "under": 1.22
              },
              {
                "line": 7.5,
                "over": 4.4,
                "under": 1.19
              }
            ],
            "period_totals": {
              "1": [
                {
                  "line": 0.5,
                  "over": 1.18,
                  "under": 4.3
                },
                {
                  "line": 1.5,
                  "over": 1.88,
                  "under": 1.82
                },
                {
                  "line": 2.5,
                  "over": 3.7,
                  "under": 1.23
                }
              ],
              "2": [
                {
                  "line": 1.5,
                  "over": 1.65,
                  "under": 2.1
                },
                {
                  "line": 2.5,
                  "over": 2.95,
                  "under": 1.35
                }
              ],
              "3": [
                {
                  "line": 1.5,
                  "over": 1.6,
                  "under": 2.2
                },
                {
                  "line": 2.5,
                  "over": 2.85,
                  "under": 1.37
                }
              ]
            },
            "spreads": [
              {
                "handicap": -1.5,
                "home": 4.1,
                "away": 1.2
              },
              {
                "handicap": -2,
                "home": 3.5,
                "away": 1.28
              },
              {
                "handicap": 0,
                "home": 2.3,
                "away": 1.6
              }
            ]
          }
        },
        {
          "home": "Северсталь",
          "away": "Лада",
          "start_utc": "2025-11-23T14:00:00Z",
          "markets": {
            "ml": {
              "HOME": 1.28,
              "AWAY": 3.7
            },
            "1x2_60": {
              "P1": 1.5,
              "X": 4.8
            },
            "double_chance_60": {
              "1X": 1.14,
              "X2": 2.6
            },
            "totals_goals": [
              {
                "line": 3.5,
                "over": 1.19,
                "under": 4.5
              },
              {
                "line": 4,
                "over": 1.25,
                "under": 3.8
              },
              {
                "line": 4.5,
                "over": 1.47,
                "under": 2.55
              },
              {
                "line": 5,
                "over": 1.65,
                "under": 2.2
              },
              {
                "line": 5.5,
                "over": 1.95,
                "under": 1.85
              },
              {
                "line": 6,
                "over": 2.4,
                "under": 1.55
              },
              {
                "line": 6.5,
                "over": 2.8,
                "under": 1.4
              },
              {
                "line": 7,
                "over": 3.8,
                "under": 1.25
              },
              {
                "line": 7.5,
                "over": 4.2,
                "under": 1.2
              }
            ],
            "period_totals": {
              "1": [
                {
                  "line": 0.5,
                  "over": 1.17,
                  "under": 4.4
                },
                {
                  "line": 1.5,
                  "over": 1.85,
                  "under": 1.85
                },
                {
                  "line": 2.5,
                  "over": 3.6,
                  "under": 1.25
                }
              ],
              "2": [
                {
                  "line": 1.5,
                  "over": 1.6,
                  "under": 2.2
                },
                {
                  "line": 2.5,
                  "over": 2.85,
                  "under": 1.37
                }
              ],
              "3": [
                {
                  "line": 1.5,
                  "over": 1.6,
                  "under": 2.2
                },
                {
                  "line": 2.5,
                  "over": 2.8,
                  "under": 1.38
                }
              ]
            },
            "spreads": [
              {
                "handicap": -2.5,
                "home": 2.65,
                "away": 1.45
              },
              {
                "handicap": -3,
                "home": 4.2,
                "away": 1.2
              },
              {
                "handicap": -3.5,
                "home": 4.9,
                "away": 1.16
              },
              {
                "handicap": 0,
                "home": 1.2,
                "away": 4.2
              }
            ]
          }
        },
        {
          "home": "Хозяева",
          "away": "Гости",
          "start_utc": "2025-11-23T11:00:00Z",
          "markets": {
            "1x2_60": {
              "P1": 2.05,
              "P2": 2.07
            },
            "double_chance_60": {
              "1X": 1.67,
              "X2": 1.7
            },
            "totals_goals": [
              {
                "line": 3.5,
                "over": 1.22,
                "under": 1.23
              }
            ],
            "period_totals": {
              "1": [
                {
                  "line": 1.5,
                  "over": 1.3,
                  "under": 1.35
                },
                {
                  "line": 2.5,
                  "over": 1.13,
                  "under": 1.17
                },
                {
                  "line": 4.5,
                  "over": 1.2,
                  "under": 4
                },
                {
                  "line": 5.5,
                  "over": 1.43,
                  "under": 2.65
                },
                {
                  "line": 6.5,
                  "over": 1.83,
                  "under": 1.87
                },
                {
                  "line": 7.5,
                  "over": 2.45,
                  "under": 1.48
                },
                {
                  "line": 8.5,
                  "over": 3.45,
                  "under": 1.26
                }
              ]
            },
            "spreads": [
              {
                "handicap": -2.5,
                "home": 3,
                "away": 1.33
              },
              {
                "handicap": -3.5,
                "home": 3.7,
                "away": 1.23
              },
              {
                "handicap": -4.5,
                "home": 4.7,
                "away": 1.15
              }
            ]
          }
        }
      ]
    }
  ]
}