{
  "bookmaker": "fonbet",
  "generated_at_utc": "2025-10-31T07:03:11Z",
  "version": 1,
  "days": [
    {
      "date": "2025-10-31",
      "league": "KHL",
      "games": [
        {
          "home": "Салават Юлаев",
          "away": "Адмирал",
          "start_utc": "2025-10-31T14:00:00Z",
          "markets": {
            "ml": {
              "HOME": 1.65,
              "AWAY": 2.25
            },
            "1x2_60": {
              "P1": 2.05,
              "X": 4.3,
              "P2": 3.02
            },
            "double_chance_60": {
              "1X": 1.38,
              "X2": 1.77
            },
            "totals_goals": [
              {
                "line": 3.5,
                "over": 1.25,
                "under": 3.75
              },
              {
                "line": 4,
                "over": 1.33,
                "under": 3.2
              },
              {
                "line": 4.5,
                "over": 1.6,
                "under": 2.25
              },
              {
                "line": 5,
                "over": 1.85,
                "under": 1.9
              },
              {
                "line": 5.5,
                "over": 2.2,
                "under": 1.65
              },
              {
                "line": 6,
                "over": 2.85,
                "under": 1.4
              },
              {
                "line": 6.5,
                "over": 3.3,
                "under": 1.3
              },
              {
                "line": 7,
                "over": 4.7,
                "under": 1.17
              }
            ],
            "period_totals": {
              "1": [
                {
                  "line": 0.5,
                  "over": 1.2,
                  "under": 4.05
                },
                {
                  "line": 1.5,
                  "over": 1.97,
                  "under": 1.73
                },
                {
                  "line": 2.5,
                  "over": 4,
                  "under": 1.2
                }
              ],
              "2": [
                {
                  "line": 0.5,
                  "over": 1.14,
                  "under": 4.9
                },
                {
                  "line": 1.5,
                  "over": 1.7,
                  "under": 2.02
                },
                {
                  "line": 2.5,
                  "over": 3.15,
                  "under": 1.3
                }
              ],
              "3": [
                {
                  "line": 1.5,
                  "over": 1.7,
                  "under": 2.02
                },
                {
                  "line": 2.5,
                  "over": 3.1,
                  "under": 1.32
                }
              ]
            },
            "spreads": [
              {
                "handicap": -1.5,
                "home": 2.65,
                "away": 1.45
              },
              {
                "handicap": -2,
                "home": 3.55,
                "away": 1.27
              },
              {
                "handicap": -2.5,
                "home": 4,
                "away": 1.23
              },
              {
                "handicap": 0,
                "home": 1.58,
                "away": 2.3
              }
            ]
          }
        },
        {
          "home": "Трактор",
          "away": "Барыс",
          "start_utc": "2025-10-31T14:00:00Z",
          "markets": {
            "ml": {
              "HOME": 1.3,
              "AWAY": 3.6
            },
            "1x2_60": {
              "P1": 1.5
            },
            "double_chance_60": {
              "1X": 1.16,
              "X2": 2.6
            },
            "totals_goals": [
              {
                "line": 3.5,
                "over": 1.19,
                "under": 4.5
              },
              {
                "line": 4,
                "over": 1.25,
                "under": 3.85
              },
              {
                "line": 4.5,
                "over": 1.45,
                "under": 2.6
              },
              {
                "line": 5,
                "over": 1.63,
                "under": 2.2
              },
              {
                "line": 5.5,
                "over": 1.95,
                "under": 1.85
              },
              {
                "line": 6,
                "over": 2.4,
                "under": 1.55
              },
              {
                "line": 6.5,
                "over": 2.8,
                "under": 1.4
              },
              {
                "line": 7,
                "over": 3.8,
                "under": 1.25
              },
              {
                "line": 7.5,
                "over": 4.2,
                "under": 1.2
              }
            ],
            "period_totals": {
              "1": [
                {
                  "line": 0.5,
                  "over": 1.17,
                  "under": 4.4
                },
                {
                  "line": 1.5,
                  "over": 1.85,
                  "under": 1.85
                },
                {
                  "line": 2.5,
                  "over": 3.6,
                  "under": 1.25
                }
              ],
              "2": [
                {
                  "line": 1.5,
                  "over": 1.6,
                  "under": 2.2
                },
                {
                  "line": 2.5,
                  "over": 2.85,
                  "under": 1.37
                }
              ],
              "3": [
                {
                  "line": 1.5,
                  "over": 1.6,
                  "under": 2.2
                },
                {
                  "line": 2.5,
                  "over": 2.8,
                  "under": 1.38
                }
              ]
            },
            "spreads": [
              {
                "handicap": -2.5,
                "home": 2.6,
                "away": 1.45
              },
              {
                "handicap": -3,
                "home": 4.15,
                "away": 1.2
              },
              {
                "handicap": -3.5,
                "home": 4.9,
                "away": 1.16
              },
              {
                "handicap": 0,
                "home": 1.22,
                "away": 4.05
              }
            ]
          }
        },
        {
          "home": "Автомобилист",
          "away": "Сибирь",
          "start_utc": "2025-10-31T14:00:00Z",
          "markets": {
            "ml": {
              "HOME": 1.3,
              "AWAY": 3.5
            },
            "1x2_60": {
              "P1": 1.52,
              "X": 5
            },
            "double_chance_60": {
              "1X": 1.16,
              "X2": 2.55
            },
            "totals_goals": [
              {
                "line": 3.5,
                "over": 1.25,
                "under": 3.7
              },
              {
                "line": 4,
                "over": 1.35,
                "under": 3.15
              },
              {
                "line": 4.5,
                "over": 1.6,
                "under": 2.25
              },
              {
                "line": 5,
                "over": 1.85,
                "under": 1.9
              },
              {
                "line": 5.5,
                "over": 2.25,
                "under": 1.65
              },
              {
                "line": 6,
                "over": 2.9,
                "under": 1.4
              },
              {
                "line": 6.5,
                "over": 3.35,
                "under": 1.3
              },
              {
                "line": 7,
                "over": 4.8,
                "under": 1.17
              }
            ],
            "period_totals": {
              "1": [
                {
                  "line": 0.5,
                  "over": 1.2,
                  "under": 4
                },
                {
                  "line": 1.5,
                  "over": 1.98,
                  "under": 1.72
                },
                {
                  "line": 2.5,
                  "over": 4,
                  "under": 1.2
                }
              ],
              "2": [
                {
                  "line": 0.5,
                  "over": 1.14,
                  "under": 4.9
                },
                {
                  "line": 1.5,
                  "over": 1.72,
                  "under": 2
                },
                {
                  "line": 2.5,
                  "over": 3.2,
                  "under": 1.3
                }
              ],
              "3": [
                {
                  "line": 0.5,
                  "over": 1.13,
                  "under": 5
                },
                {
                  "line": 1.5,
                  "over": 1.7,
                  "under": 2.02
                },
                {
                  "line": 2.5,
                  "over": 3.1,
                  "under": 1.32
                }
              ]
            },
            "spreads": [
              {
                "handicap": -2.5,
                "home": 2.75,
                "away": 1.42
              },
              {
                "handicap": -3,
                "home": 4.4,
                "away": 1.19
              },
              {
                "handicap": 0,
                "home": 1.23,
                "away": 3.9
              }
            ]
          }
        },
        {
          "home": "Хозяева",
          "away": "Гости",
          "start_utc": "2025-10-31T14:00:00Z",
          "markets": {
            "1x2_60": {
              "P1": 1.19
            },
            "double_chance_60": {
              "1X": 1.08,
              "X2": 4.2
            },
            "period_totals": {
              "1": [
                {
                  "line": 1.5,
                  "over": 1.09,
                  "under": 1.77
                },
                {
                  "line": 4.5,
                  "over": 1.23,
                  "under": 3.7
                },
                {
                  "line": 5.5,
                  "over": 1.5,
                  "under": 2.4
                },
                {
                  "line": 6.5,
                  "over": 1.94,
                  "under": 1.76
                },
                {
                  "line": 7.5,
                  "over": 2.7,
                  "under": 1.4
                },
                {
                  "line": 8.5,
                  "over": 3.8,
                  "under": 1.22
                }
              ]
            },
            "spreads": [
              {
                "handicap": -5.5,
                "home": 2.2,
                "away": 1.6
              },
              {
                "handicap": -6.5,
                "home": 2.7,
                "away": 1.4
              },
              {
                "handicap": -7.5,
                "home": 3.4,
                "away": 1.27
              }
            ]
          }
        }
      ]
    },
    {
      "date": "2025-11-01",
      "league": "KHL",
      "games": [
        {
          "home": "Локомотив Ярославль",
          "away": "СКА",
          "start_utc": "2025-10-31T16:30:00Z",
          "markets": {
            "ml": {
              "HOME": 1.4,
              "AWAY": 2.95
            },
            "1x2_60": {
              "P1": 1.72,
              "X": 4.5,
              "P2": 4.3
            },
            "double_chance_60": {
              "1X": 1.22,
              "X2": 2.12
            },
            "totals_goals": [
              {
                "line": 3.5,
                "over": 1.25,
                "under": 3.75
              },
              {
                "line": 4,
                "over": 1.33,
                "under": 3.15
              },
              {
                "line": 4.5,
                "over": 1.6,
                "under": 2.25
              },
              {
                "line": 5,
                "over": 1.85,
                "under": 1.9
              },
              {
                "line": 5.5,
                "over": 2.2,
                "under": 1.65
              },
              {
                "line": 6,
                "over": 2.85,
                "under": 1.4
              },
              {
                "line": 6.5,
                "over": 3.35,
                "under": 1.3
              },
              {
                "line": 7,
                "over": 4.7,
                "under": 1.17
              }
            ],
            "period_totals": {
              "1": [
                {
                  "line": 0.5,
                  "over": 1.2,
                  "under": 4.05
                },
                {
                  "line": 1.5,
                  "over": 1.97,
                  "under": 1.73
                },
                {
                  "line": 2.5,
                  "over": 4,
                  "under": 1.2
                }
              ],
              "2": [
                {
                  "line": 0.5,
                  "over": 1.14,
                  "under": 4.9
                },
                {
                  "line": 1.5,
                  "over": 1.7,
                  "under": 2.02
                },
                {
                  "line": 2.5,
                  "over": 3.15,
                  "under": 1.3
                }
              ],
              "3": [
                {
                  "line": 1.5,
                  "over": 1.68,
                  "under": 2.05
                },
                {
                  "line": 2.5,
                  "over": 3.1,
                  "under": 1.32
                }
              ]
            },
            "spreads": [
              {
                "handicap": -2.5,
                "home": 3.05,
                "away": 1.35
              },
              {
                "handicap": -3,
                "home": 5,
                "away": 1.15
              },
              {
                "handicap": 0,
                "home": 1.33,
                "away": 3.2
              }
            ]
          }
        },
        {
          "home": "Авангард",
          "away": "Нефтехимик",
          "start_utc": "2025-11-01T13:30:00Z",
          "markets": {
            "ml": {
              "HOME": 1.32,
              "AWAY": 3.4
            },
            "1x2_60": {
              "P1": 1.55,
              "X": 4.9,
              "P2": 4.95
            },
            "double_chance_60": {
              "1X": 1.18,
              "X2": 2.45
            },
            "totals_goals": [
              {
                "line": 3.5,
                "over": 1.15,
                "under": 5
              },
              {
                "line": 4,
                "over": 1.19,
                "under": 4.4
              },
              {
                "line": 4.5,
                "over": 1.4,
                "under": 2.85
              },
              {
                "line": 5,
                "over": 1.52,
                "under": 2.45
              },
              {
                "line": 5.5,
                "over": 1.8,
                "under": 2
              },
              {
                "line": 6,
                "over": 2.15,
                "under": 1.67
              },
              {
                "line": 6.5,
                "over": 2.55,
                "under": 1.5
              },
              {
                "line": 7,
                "over": 3.3,
                "under": 1.3
              },
              {
                "line": 7.5,
                "over": 3.75,
                "under": 1.25
              }
            ],
            "period_totals": {
              "1": [
                {
                  "line": 0.5,
                  "over": 1.15,
                  "under": 4.7
                },
                {
                  "line": 1.5,
                  "over": 1.77,
                  "under": 1.93
                },
                {
                  "line": 2.5,
                  "over": 3.35,
                  "under": 1.28
                }
              ],
              "2": [
                {
                  "line": 1.5,
                  "over": 1.55,
                  "under": 2.3
                },
                {
                  "line": 2.5,
                  "over": 2.7,
                  "under": 1.4
                }
              ],
              "3": [
                {
                  "line": 1.5,
                  "over": 1.53,
                  "under": 2.35
                },
                {
                  "line": 2.5,
                  "over": 2.6,
                  "under": 1.43
                }
              ]
            },
            "spreads": [
              {
                "handicap": -2.5,
                "home": 2.65,
                "away": 1.45
              },
              {
                "handicap": -3,
                "home": 4.15,
                "away": 1.2
              },
              {
                "handicap": -3.5,
                "home": 4.9,
                "away": 1.16
              },
              {
                "handicap": 0,
                "home": 1.25,
                "away": 3.75
              }
            ]
          }
        }
      ]
    }
  ]
}